Date,EUR_USD_Close,GBP_USD_Close,USD_JPY_Close,AUD_USD_Close,USD_CAD_Close,USD_CHF_Close,NZD_USD_Close,USD_INR_Close,USD_CNY_Close,USD_SGD_Close,USD_HKD_Close,USD_KRW_Close,USD_BRL_Close,USD_MXN_Close,USD_TRY_Close,USD_ZAR_Close,USD_NOK_Close,USD_SEK_Close,USD_DKK_Close,USD_PLN_Close,USD_CZK_Close,USD_HUF_Close,EUR_JPY_Close,EUR_GBP_Close,GBP_JPY_Close,AUD_JPY_Close,CAD_JPY_Close,CHF_JPY_Close,EUR_AUD_Close,EUR_CAD_Close,Gold_Close,Silver_Close,Platinum_Close,Copper_Close,WTI_Crude_Close,Brent_Crude_Close,Natural_Gas_Close,Corn_Close,Soybeans_Close,Wheat_Close,Coffee_Close,Sugar_Close,Cocoa_Close,Cotton_Close,Live_Cattle_Close,Lean_Hogs_Close,Palladium_Close,RBOB_Gasoline_Close,Heating_Oil_Close,VIX_Close,DXY_Close,US10Y_Close,US3M_Close,SP500_Close,DowJones_Close,NASDAQ_Close,FTSE100_Close,Nikkei225_Close
2024-01-01,1.1055831909179688,1.272999882698059,140.95199584960938,0.6820491552352905,1.3239200115203857,0.8407589793205261,0.6319698691368103,83.24859619140625,7.068600177764893,1.3190399408340454,7.808000087738037,1293.530029296875,4.850500106811523,16.96343994140625,29.018070220947266,18.26959991455078,10.162910461425781,10.070549964904785,6.752079963684082,3.9256389141082764,22.332300186157227,346.1400146484375,155.8993377685547,0.8665300011634827,179.38800048828125,96.21942138671875,106.36693572998047,167.46299743652344,1.6180200576782227,1.460710048675537,2064.39990234375,23.732999801635742,985.5,3.86899995803833,70.37999725341797,75.88999938964844,2.568000078201294,463.75,1274.0,606.75,190.14999389648438,20.899999618530273,4275.0,79.94000244140625,171.9250030517578,65.32499694824219,1079.0999755859375,2.094899892807007,2.5257999897003174,13.199999809265137,102.19999694824219,3.946000099182129,5.2129998207092285,4742.830078125,37715.0390625,14765.9404296875,7721.5,33288.2890625
2024-01-02,1.1038745641708374,1.2728800773620605,141.12600708007812,0.6810504198074341,1.3242000341415405,0.8418899774551392,0.6315284371376038,83.20259857177734,7.068600177764893,1.3193000555038452,7.809659957885742,1293.5400390625,4.852399826049805,16.962509155273438,29.428199768066406,18.300399780273438,10.13821029663086,10.054499626159668,6.753499984741211,3.9368999004364014,22.348400115966797,346.3599853515625,155.76499938964844,0.8670700192451477,179.61399841308594,96.10199737548828,106.55500030517578,167.62600708007812,1.6202000379562378,1.461609959602356,2064.39990234375,23.732999801635742,985.5,3.86899995803833,70.37999725341797,75.88999938964844,2.568000078201294,463.75,1274.0,606.75,190.14999389648438,20.899999618530273,4275.0,79.94000244140625,171.9250030517578,65.32499694824219,1079.0999755859375,2.094899892807007,2.5257999897003174,13.199999809265137,102.19999694824219,3.946000099182129,5.2129998207092285,4742.830078125,37715.0390625,14765.9404296875,7721.5,33288.2890625
2024-01-03,1.0941756963729858,1.2623074054718018,142.15499877929688,0.6765698194503784,1.332200050354004,0.8501200079917908,0.625,83.25700378417969,7.089600086212158,1.3263399600982666,7.814929962158203,1307.6199951171875,4.922500133514404,17.019399642944336,29.74485969543457,18.55558967590332,10.343620300292969,10.204939842224121,6.813799858093262,3.9897561073303223,22.518299102783203,348.6300048828125,155.53599548339844,0.8667700290679932,179.427001953125,96.177001953125,106.697998046875,167.18600463867188,1.6171599626541138,1.4574600458145142,2034.199951171875,22.945999145507812,974.4000244140625,3.8475000858306885,72.69999694824219,78.25,2.6679999828338623,465.25,1269.5,600.25,186.25,20.850000381469727,4238.0,80.93000030517578,171.85000610351562,65.30000305175781,1065.9000244140625,2.158099889755249,2.6043999195098877,14.039999961853027,102.45999908447266,3.9070000648498535,5.235000133514404,4704.81005859375,37430.19140625,14592.2099609375,7682.2998046875,33288.2890625
2024-01-04,1.0927767753601074,1.2674272060394287,142.99899291992188,0.6736002564430237,1.3347699642181396,0.8489000201225281,0.6251289248466492,83.31809997558594,7.098899841308594,1.3283900022506714,7.807499885559082,1309.530029296875,4.9191999435424805,17.012149810791016,29.77907943725586,18.674299240112305,10.330769538879395,10.279509544372559,6.8260297775268555,3.9804000854492188,22.55069923400879,347.91900634765625,156.22799682617188,0.8620100021362305,181.2030029296875,96.30400085449219,107.12899780273438,168.3800048828125,1.6223100423812866,1.458240032196045,2042.300048828125,22.98900032043457,953.9000244140625,3.8310000896453857,72.19000244140625,77.58999633789062,2.821000099182129,466.5,1262.0,613.5,185.5500030517578,21.079999923706055,4260.0,80.12000274658203,171.125,69.05000305175781,1033.0,2.110100030899048,2.588399887084961,14.130000114440918,102.41999816894531,3.990999937057495,5.228000164031982,4688.68017578125,37440.33984375,14510.2998046875,7723.10009765625,33288.2890625
2024-01-05,1.0947387218475342,1.2684078216552734,144.76499938964844,0.6706593036651611,1.3355000019073486,0.8500000238418579,0.6231298446655273,83.2406005859375,7.110000133514404,1.329390048980713,7.809100151062012,1311.25,4.895599842071533,17.00860023498535,29.840900421142578,18.686899185180664,10.291399955749512,10.207260131835938,6.812240123748779,3.9674839973449707,22.516199111938477,345.8800048828125,158.46800231933594,0.8630300164222717,183.60499572753906,97.072998046875,108.39199829101562,170.25799560546875,1.6318999528884888,1.461840033531189,2042.4000244140625,23.121999740600586,959.2999877929688,3.7945001125335693,73.80999755859375,78.76000213623047,2.8929998874664307,460.75,1249.75,616.0,182.8000030517578,21.110000610351562,4204.0,80.19000244140625,170.5749969482422,70.0,1032.300048828125,2.1054999828338623,2.6085000038146973,13.350000381469727,102.41000366210938,4.041999816894531,5.21999979019165,4697.240234375,37466.109375,14524.0703125,7689.60009765625,33377.421875
2024-01-08,1.0942236185073853,1.271779179573059,144.71600341796875,0.6716412901878357,1.3359800577163696,0.8507300019264221,0.6248789429664612,83.19110107421875,7.09250020980835,1.3296200037002563,7.811240196228027,1313.1300048828125,4.8606672286987305,16.880939483642578,29.78428077697754,18.670289993286133,10.300000190734863,10.259360313415527,6.815499782562256,3.9693920612335205,22.417999267578125,345.0249938964844,158.33999633789062,0.860319972038269,184.03799438476562,97.20099639892578,108.31600189208984,170.08999633789062,1.6290500164031982,1.4617199897766113,2026.5999755859375,23.1200008392334,946.7000122070312,3.799499988555908,70.7699966430664,76.12000274658203,2.9800000190734863,455.0,1239.5,596.25,181.39999389648438,21.739999771118164,4094.0,80.41999816894531,169.9499969482422,70.5999984741211,993.9000244140625,2.0278000831604004,2.576900005340576,13.079999923706055,102.20999908447266,4.001999855041504,5.21999979019165,4763.5400390625,37683.01171875,14843.76953125,7694.2001953125,33377.421875
2024-01-09,1.095170259475708,1.274518609046936,144.22999572753906,0.6720001101493835,1.3349000215530396,0.8478999733924866,0.6251797676086426,83.05069732666016,7.090000152587891,1.328660011291504,7.806000232696533,1311.800048828125,4.86899995803833,16.83370018005371,29.91390037536621,18.564199447631836,10.359020233154297,10.222399711608887,6.8105998039245605,3.9553799629211426,22.37619972229004,344.7699890136719,157.9340057373047,0.8592100143432617,183.7899932861328,96.8740005493164,108.0260009765625,170.0570068359375,1.6301900148391724,1.4618500471115112,2026.4000244140625,22.90399932861328,931.0,3.748500108718872,72.23999786376953,77.58999633789062,3.190000057220459,459.25,1241.5,610.0,184.10000610351562,21.700000762939453,4162.0,80.7300033569336,170.77499389648438,71.875,972.0,2.0768001079559326,2.650399923324585,12.760000228881836,102.56999969482422,4.019000053405762,5.230000019073486,4756.5,37525.16015625,14857.7099609375,7684.0,33763.1796875
2024-01-10,1.0932426452636719,1.2712942361831665,144.42799377441406,0.6684702038764954,1.338919997215271,0.852370023727417,0.6238303184509277,83.131103515625,7.101600170135498,1.3309400081634521,7.815820217132568,1319.7900390625,4.905099868774414,16.966659545898438,29.96179962158203,18.63878059387207,10.359199523925781,10.24666976928711,6.821700096130371,3.9735500812530518,22.46820068359375,346.33599853515625,157.88600158691406,0.8599600195884705,183.57699584960938,96.5469970703125,107.86000061035156,169.4199981689453,1.6353700160980225,1.4636499881744385,2021.699951171875,22.884000778198242,918.7999877929688,3.7809998989105225,71.37000274658203,76.80000305175781,3.0390000343322754,459.5,1228.75,610.75,181.14999389648438,21.40999984741211,4206.0,80.18000030517578,170.75,72.07499694824219,990.4000244140625,2.0673000812530518,2.600600004196167,12.6899995803833,102.36000061035156,4.03000020980835,5.224999904632568,4783.4501953125,37695.73046875,14969.650390625,7651.7998046875,34441.71875
2024-01-11,1.0975141525268555,1.274518609046936,145.73399353027344,0.6703999042510986,1.3378499746322632,0.8504999876022339,0.6229597926139832,83.02559661865234,7.170400142669678,1.3308000564575195,7.819900035858154,1317.5,4.89139986038208,16.981660842895508,29.85420036315918,18.631759643554688,10.344969749450684,10.215999603271484,6.794869899749756,3.947551965713501,22.367000579833984,344.51800537109375,159.93899536132812,0.8610100150108337,185.7310028076172,97.6729965209961,108.92400360107422,171.3350067138672,1.6369999647140503,1.4681999683380127,2014.300048828125,22.53700065612793,909.0,3.7764999866485596,72.0199966430664,77.41000366210938,3.0969998836517334,457.75,1231.25,603.75,184.0500030517578,21.760000228881836,4274.0,81.36000061035156,171.8000030517578,72.5999984741211,974.2999877929688,2.114300012588501,2.673799991607666,12.4399995803833,102.29000091552734,3.9769999980926514,5.2179999351501465,4780.240234375,37711.01953125,14970.1904296875,7576.60009765625,35049.859375
2024-01-12,1.0981649160385132,1.2777756452560425,145.04600524902344,0.6698498129844666,1.3379900455474854,0.8510100245475769,0.6242314577102661,83.07610321044922,7.103099822998047,1.3294999599456787,7.817800045013428,1311.989990234375,4.869699954986572,16.901559829711914,30.06089973449707,18.645099639892578,10.289790153503418,10.241049766540527,6.790430068969727,3.9616000652313232,22.454700469970703,344.9909973144531,159.26800537109375,0.8593900203704834,185.3070068359375,97.15699768066406,108.39600372314453,170.42100524902344,1.6393400430679321,1.4692399501800537,2046.699951171875,23.16200065612793,910.0999755859375,3.740000009536743,72.68000030517578,78.29000091552734,3.312999963760376,447.0,1205.75,596.0,180.0,21.610000610351562,4323.0,81.30999755859375,171.375,71.9000015258789,972.4000244140625,2.120300054550171,2.669300079345703,12.699999809265137,102.4000015258789,3.950000047683716,5.197999954223633,4783.830078125,37592.98046875,14972.759765625,7624.89990234375,35577.109375
2024-01-15,1.0945708751678467,1.273658275604248,145.1490020751953,0.6689097881317139,1.340939998626709,0.8533200025558472,0.6232999563217163,82.87210083007812,7.100599765777588,1.3319100141525269,7.81997013092041,1312.8499755859375,4.85290002822876,16.869070053100586,30.06355094909668,18.60658073425293,10.28711986541748,10.27550983428955,6.812729835510254,3.9766900539398193,22.510299682617188,346.2539978027344,158.86399841308594,0.8593299984931946,184.85699462890625,97.08100128173828,108.23600006103516,170.0780029296875,1.6362199783325195,1.467650055885315,2046.699951171875,23.16200065612793,910.0999755859375,3.740000009536743,72.68000030517578,78.29000091552734,3.312999963760376,447.0,1205.75,596.0,180.0,21.610000610351562,4323.0,81.30999755859375,171.375,71.9000015258789,972.4000244140625,2.120300054550171,2.669300079345703,12.699999809265137,102.4000015258789,3.950000047683716,5.197999954223633,4783.830078125,37592.98046875,14972.759765625,7594.89990234375,35901.7890625
2024-01-16,1.0945708751678467,1.2716174125671387,145.79400634765625,0.6650399565696716,1.3435800075531006,0.8559799790382385,0.6190685629844666,82.8593978881836,7.0970001220703125,1.3339500427246094,7.822720050811768,1319.7099609375,4.862199783325195,16.88479995727539,30.07284927368164,18.649099349975586,10.350090026855469,10.320639610290527,6.814700126647949,3.9921329021453857,22.538999557495117,346.010009765625,159.56300354003906,0.8606100082397461,185.36700439453125,96.95800018310547,108.50299835205078,170.2899932861328,1.645740032196045,1.4704400300979614,2026.0,22.933000564575195,895.0999755859375,3.7664999961853027,72.4000015258789,78.29000091552734,2.9000000953674316,443.5,1227.25,582.0,185.25,22.520000457763672,4429.0,81.33000183105469,173.125,70.7750015258789,931.4000244140625,2.1219000816345215,2.660599946975708,13.84000015258789,103.36000061035156,4.065999984741211,5.203000068664551,4765.97998046875,37361.12109375,14944.349609375,7558.2998046875,35619.1796875
2024-01-17,1.087878942489624,1.26385498046875,147.24600219726562,0.6588900089263916,1.3489999771118164,0.861299991607666,0.6140884160995483,83.08899688720703,7.116499900817871,1.3424299955368042,7.826300144195557,1337.7900390625,4.924900054931641,17.197900772094727,30.118099212646484,18.959089279174805,10.461159706115723,10.43280029296875,6.8557000160217285,4.035556793212891,22.702699661254883,348.6400146484375,160.17999267578125,0.8607199788093567,186.07699584960938,97.01200103759766,109.1449966430664,170.9029998779297,1.6509000062942505,1.4674299955368042,2002.5999755859375,22.516000747680664,882.7999877929688,3.7325000762939453,72.55999755859375,77.87999725341797,2.869999885559082,442.25,1205.75,582.5,179.1999969482422,22.350000381469727,4448.0,81.69999694824219,173.10000610351562,71.44999694824219,913.2000122070312,2.1354000568389893,2.653599977493286,14.789999961853027,103.44999694824219,4.105999946594238,5.215000152587891,4739.2099609375,37266.671875,14855.6201171875,7446.2998046875,35477.75
2024-01-18,1.0885775089263916,1.2676842212677002,148.1179962158203,0.6551997661590576,1.3502800464630127,0.8643220067024231,0.611340343952179,83.17759704589844,7.114500045776367,1.3443800210952759,7.822490215301514,1344.050048828125,4.934000015258789,17.19260025024414,30.137819290161133,19.079200744628906,10.503210067749023,10.440560340881348,6.851250171661377,4.036470890045166,22.709999084472656,349.2099914550781,161.22300720214844,0.8586199879646301,187.74200439453125,97.01000213623047,109.68800354003906,171.3470001220703,1.6616899967193604,1.469730019569397,2018.5999755859375,22.66699981689453,903.2999877929688,3.744999885559082,74.08000183105469,79.0999984741211,2.697000026702881,444.0,1213.5,585.5,179.9499969482422,23.040000915527344,4458.0,82.51000213623047,174.8249969482422,71.0999984741211,936.9000244140625,2.183500051498413,2.6935999393463135,14.130000114440918,103.54000091552734,4.144000053405762,5.199999809265137,4780.93994140625,37468.609375,15055.650390625,7459.10009765625,35466.171875
2024-01-19,1.0879143476486206,1.2709871530532837,148.1280059814453,0.6582845449447632,1.348620057106018,0.8680800199508667,0.6120250821113586,83.16059875488281,7.114999771118164,1.3437199592590332,7.821310043334961,1337.6600341796875,4.92609977722168,17.168359756469727,30.153600692749023,18.921100616455078,10.524459838867188,10.481490135192871,6.853899955749512,4.028688907623291,22.763700485229492,351.42999267578125,161.1269989013672,0.85589998960495,188.22300720214844,97.46499633789062,109.82499694824219,170.61355590820312,1.6532700061798096,1.4671200513839722,2026.5,22.570999145507812,897.2999877929688,3.7869999408721924,73.41000366210938,78.55999755859375,2.5190000534057617,445.5,1213.25,593.25,185.14999389648438,23.56999969482422,4583.0,83.94999694824219,174.375,70.75,941.7999877929688,2.1628000736236572,2.662100076675415,13.300000190734863,103.29000091552734,4.145999908447266,5.197999954223633,4839.81005859375,37863.80078125,15310.9697265625,7461.89990234375,35963.26953125
2024-01-22,1.089229702949524,1.2699863910675049,148.12100219726562,0.6595479249954224,1.3431600332260132,0.8684800267219543,0.6118303537368774,83.12470245361328,7.107100009918213,1.340399980545044,7.8170599937438965,1333.2099609375,4.904642105102539,17.093149185180664,30.191360473632812,19.008899688720703,10.480279922485352,10.45557975769043,6.846449851989746,3.9946019649505615,22.74340057373047,350.5320129394531,161.33999633789062,0.8576599955558777,188.10299682617188,97.69200134277344,110.25800323486328,170.5450897216797,1.651360034942627,1.463189959526062,2019.800048828125,22.163000106811523,894.4000244140625,3.7639999389648438,75.19000244140625,80.05999755859375,2.4189999103546143,445.75,1224.25,596.5,192.25,23.5,4565.0,84.83000183105469,173.77499389648438,70.92500305175781,934.0,2.237799882888794,2.69350004196167,13.1899995803833,103.33000183105469,4.093999862670898,5.199999809265137,4850.43017578125,38001.80859375,15360.2900390625,7487.7001953125,36546.94921875
2024-01-23,1.088020920753479,1.2706964015960693,148.14199829101562,0.6570599675178528,1.347790002822876,0.8691200017929077,0.607389509677887,83.09510040283203,7.192699909210205,1.3422499895095825,7.817440032958984,1338.739990234375,4.98829984664917,17.174699783325195,30.2587890625,19.193300247192383,10.518950462341309,10.465479850769043,6.856299877166748,4.008474826812744,22.76140022277832,352.44000244140625,161.13699340820312,0.8560100197792053,188.2310028076172,97.33499908447266,109.9000015258789,170.427001953125,1.6553599834442139,1.4660099744796753,2023.699951171875,22.333999633789062,896.2000122070312,3.7904999256134033,74.37000274658203,79.55000305175781,2.450000047683716,446.5,1239.5,596.5,192.9499969482422,23.75,4634.0,84.5999984741211,174.64999389648438,73.30000305175781,939.0999755859375,2.210099935531616,2.6912999153137207,12.550000190734863,103.62000274658203,4.142000198364258,5.210000038146973,4864.60009765625,37905.44921875,15425.9404296875,7485.7001953125,36517.5703125
2024-01-24,1.0857881307601929,1.269196629524231,148.25100708007812,0.6586300730705261,1.3456000089645386,0.8695999979972839,0.610340416431427,83.22139739990234,7.077600002288818,1.3408499956130981,7.822000026702881,1336.780029296875,4.952199935913086,17.306060791015625,30.279499053955078,18.91320037841797,10.497770309448242,10.475839614868164,6.866270065307617,4.0402398109436035,22.898500442504883,355.55499267578125,160.94900512695312,0.8553100228309631,188.12600708007812,97.59400177001953,110.16400146484375,170.44007873535156,1.6485999822616577,1.4608999490737915,2013.9000244140625,22.7549991607666,905.5999755859375,3.882499933242798,75.08999633789062,80.04000091552734,2.6410000324249268,452.25,1240.25,610.75,189.4499969482422,24.459999084472656,4785.0,85.4000015258789,175.35000610351562,73.9000015258789,967.2999877929688,2.2095000743865967,2.68179988861084,13.140000343322754,103.23999786376953,4.177999973297119,5.210000038146973,4868.5498046875,37806.390625,15481.919921875,7527.7001953125,36226.48046875
2024-01-25,1.088174819946289,1.271876335144043,147.59100341796875,0.6576697826385498,1.3525400161743164,0.8630200028419495,0.6108586192131042,83.09760284423828,7.081999778747559,1.339669942855835,7.817699909210205,1329.8900146484375,4.932499885559082,17.234159469604492,30.24799919128418,18.877979278564453,10.465239524841309,10.434869766235352,6.851799964904785,4.023829936981201,22.78700065612793,355.70001220703125,160.58999633789062,0.8555200099945068,187.68800354003906,97.03299713134766,109.11599731445312,170.98353576660156,1.6548199653625488,1.471709966659546,2016.9000244140625,22.808000564575195,887.4000244140625,3.865499973297119,77.36000061035156,82.43000030517578,2.571000099182129,451.75,1223.0,612.25,186.9499969482422,24.040000915527344,4625.0,85.76000213623047,177.72500610351562,74.30000305175781,936.4000244140625,2.264400005340576,2.7953999042510986,13.449999809265137,103.56999969482422,4.131999969482422,5.195000171661377,4894.16015625,38049.12890625,15510.5,7529.7001953125,36236.46875
2024-01-26,1.0847046375274658,1.270825743675232,147.72300720214844,0.6585879921913147,1.3477699756622314,0.8669000267982483,0.6108884811401367,83.14610290527344,7.081099987030029,1.3402899503707886,7.818399906158447,1336.030029296875,4.915800094604492,17.18950080871582,30.297300338745117,18.880399703979492,10.433159828186035,10.436800003051758,6.8719000816345215,4.029300212860107,22.799999237060547,355.0199890136719,160.218994140625,0.8535000085830688,187.70700073242188,97.23699951171875,109.59400177001953,170.35699462890625,1.647570013999939,1.4618300199508667,2016.800048828125,22.7549991607666,911.2999877929688,3.8505001068115234,78.01000213623047,83.55000305175781,2.7119998931884766,446.25,1209.25,600.25,193.85000610351562,23.770000457763672,4672.0,84.37000274658203,178.4499969482422,74.92500305175781,955.0999755859375,2.294100046157837,2.843400001525879,13.260000228881836,103.47000122070312,4.159999847412109,5.199999809265137,4890.97021484375,38109.4296875,15455.3603515625,7635.10009765625,35751.0703125
2024-01-29,1.0843517780303955,1.2697607278823853,148.13999938964844,0.6578601002693176,1.3453999757766724,0.864139974117279,0.609289824962616,83.12129974365234,7.086599826812744,1.3419899940490723,7.813119888305664,1336.760009765625,4.913599967956543,17.16861915588379,30.324670791625977,18.757030487060547,10.42471981048584,10.427300453186035,6.874470233917236,4.020100116729736,22.811399459838867,357.7950134277344,160.61700439453125,0.8539199829101562,188.0800018310547,97.44100189208984,110.1043472290039,171.4040069580078,1.648169994354248,1.4587700366973877,2025.199951171875,23.13800048828125,928.5999755859375,3.872999906539917,76.77999877929688,82.4000015258789,2.490000009536743,440.25,1194.25,593.5,189.25,23.530000686645508,4732.0,84.26000213623047,177.375,75.2750015258789,974.2999877929688,2.2284998893737793,2.833899974822998,13.600000381469727,103.61000061035156,4.091000080108643,5.199999809265137,4927.93017578125,38333.44921875,15628.0400390625,7632.7001953125,36026.94140625
2024-01-30,1.0834470987319946,1.2713264226913452,147.46800231933594,0.6614194512367249,1.3411400318145752,0.8613200187683105,0.613481879234314,83.1530990600586,7.084499835968018,1.3396300077438354,7.813799858093262,1333.2099609375,4.950200080871582,17.219560623168945,30.34501075744629,18.778499603271484,10.416589736938477,10.440250396728516,6.879799842834473,4.029359817504883,22.895099639892578,358.9679870605469,159.75599670410156,0.8521000146865845,187.46200561523438,97.52999877929688,109.94999694824219,171.1840057373047,1.6379300355911255,1.4527000188827515,2031.5,23.10700035095215,923.2999877929688,3.9065001010894775,77.81999969482422,82.87000274658203,2.0769999027252197,447.75,1218.75,605.5,194.0,23.90999984741211,4805.0,84.77999877929688,178.02499389648438,75.8499984741211,975.7999877929688,2.260699987411499,2.80679988861084,13.3100004196167,103.4000015258789,4.059000015258789,5.203000068664551,4924.97021484375,38467.30859375,15509.900390625,7666.2998046875,36065.859375
2024-01-31,1.08433997631073,1.269551157951355,147.36900329589844,0.659480094909668,1.3401700258255005,0.8618599772453308,0.613180935382843,83.10970306396484,7.094099998474121,1.3393000364303589,7.816999912261963,1326.6199951171875,4.950300216674805,17.1527099609375,30.358400344848633,18.779300689697266,10.437270164489746,10.405349731445312,6.8742499351501465,4.009779930114746,22.831600189208984,356.1700134277344,159.781005859375,0.8540300130844116,187.07899475097656,97.18000030517578,109.94999694824219,170.9499969482422,1.6441700458526611,1.4530999660491943,2048.39990234375,23.051000595092773,924.4000244140625,3.9024999141693115,75.8499984741211,81.70999908447266,2.0999999046325684,448.25,1222.25,595.25,194.0500030517578,24.1299991607666,4822.0,85.16999816894531,177.35000610351562,76.3499984741211,992.9000244140625,2.183300018310547,2.808199882507324,14.350000381469727,103.2699966430664,3.9670000076293945,5.188000202178955,4845.64990234375,38150.30078125,15164.009765625,7630.60009765625,36286.7109375
2024-02-01,1.0803920030593872,1.2678449153900146,146.99600219726562,0.656150758266449,1.3435499668121338,0.862339973449707,0.611190915107727,83.05359649658203,7.1006999015808105,1.3404099941253662,7.817500114440918,1333.9100341796875,4.951900005340576,17.217529296875,30.359800338745117,18.6135196685791,10.51393985748291,10.400360107421875,6.900000095367432,4.004332065582275,22.948999404907227,354.9649963378906,158.7830047607422,0.8521000146865845,186.3459930419922,96.44499969482422,109.4010009765625,170.41000366210938,1.6464200019836426,1.451449990272522,2053.0,23.1299991607666,914.0,3.8524999618530273,73.81999969482422,78.69999694824219,2.049999952316284,447.25,1203.25,601.5,194.1999969482422,23.559999465942383,4956.0,86.48999786376953,179.75,75.80000305175781,967.7000122070312,2.1947999000549316,2.712899923324585,13.880000114440918,103.05000305175781,3.86299991607666,5.199999809265137,4906.18994140625,38519.83984375,15361.6396484375,7622.2001953125,36011.4609375
2024-02-02,1.0874648094177246,1.27472984790802,146.4510040283203,0.6574898362159729,1.3382999897003174,0.8576200008392334,0.6145714521408081,82.92759704589844,7.088500022888184,1.3365800380706787,7.820099830627441,1328.949951171875,4.914999961853027,17.0674991607666,30.44300079345703,18.56529998779297,10.429129600524902,10.375459671020508,6.854499816894531,3.96749210357666,22.82900047302246,351.9100036621094,159.24899291992188,0.8530700206756592,186.63699340820312,96.28600311279297,109.41699981689453,170.7429962158203,1.6539000272750854,1.4553300142288208,2036.0999755859375,22.701000213623047,893.7999877929688,3.821500062942505,72.27999877929688,77.33000183105469,2.0789999961853027,442.75,1188.5,599.75,191.9499969482422,23.889999389648438,5009.0,87.11000061035156,180.5500030517578,75.44999694824219,945.7000122070312,2.1475000381469727,2.6600000858306885,13.850000381469727,103.91999816894531,4.0329999923706055,5.210000038146973,4958.60986328125,38654.421875,15628.9501953125,7615.5,36158.01953125
2024-02-05,1.0780043601989746,1.2621959447860718,148.50100708007812,0.6505080461502075,1.3470100164413452,0.8669800162315369,0.6064502000808716,82.99929809570312,7.112599849700928,1.3434900045394897,7.821340084075928,1337.72998046875,4.932938098907471,17.15069007873535,30.300920486450195,18.882320404052734,10.617500305175781,10.503979682922363,6.914150238037109,3.994999885559082,23.128000259399414,355.635009765625,160.08099365234375,0.8540499806404114,187.427001953125,96.59600067138672,110.23999786376953,171.262451171875,1.6570199728012085,1.4520200490951538,2025.699951171875,22.334999084472656,895.9000244140625,3.7720000743865967,72.77999877929688,77.98999786376953,2.0820000171661377,442.75,1196.25,590.25,189.5,23.530000686645508,5189.0,87.04000091552734,179.72500610351562,74.4000015258789,952.7999877929688,2.209199905395508,2.7248001098632812,13.670000076293945,104.44999694824219,4.164000034332275,5.228000164031982,4942.81005859375,38380.12109375,15597.6796875,7612.89990234375,36354.16015625
2024-02-06,1.0741831064224243,1.2534469366073608,148.63999938964844,0.6480293273925781,1.3543000221252441,0.8707000017166138,0.6053085327148438,83.10369873046875,7.108500003814697,1.3470100164413452,7.821599960327148,1333.3900146484375,4.9499430656433105,17.109100341796875,30.536800384521484,19.048900604248047,10.688579559326172,10.601200103759766,6.9421000480651855,4.039244174957275,23.187599182128906,359.7099914550781,159.65199279785156,0.856939971446991,186.30099487304688,96.31800079345703,109.7490005493164,170.68299865722656,1.657520055770874,1.4543999433517456,2034.5,22.39299964904785,903.2000122070312,3.7825000286102295,73.30999755859375,78.58999633789062,2.009000062942505,438.75,1199.5,595.0,188.1999969482422,23.559999465942383,5220.0,87.54000091552734,183.0,73.4749984741211,948.0,2.2172999382019043,2.7427000999450684,13.0600004196167,104.18000030517578,4.090000152587891,5.2230000495910645,4954.22998046875,38521.359375,15609.0,7681.0,36160.66015625
2024-02-07,1.075719952583313,1.2606525421142578,147.8179931640625,0.6529674530029297,1.34893000125885,0.8694999814033508,0.6099792718887329,83.07060241699219,7.100100040435791,1.3436599969863892,7.822229862213135,1326.7900390625,4.962299823760986,17.027999877929688,30.541120529174805,18.81760025024414,10.58810043334961,10.499679565429688,6.9339799880981445,4.039230823516846,23.146299362182617,359.0899963378906,158.99099731445312,0.8533300161361694,186.27999877929688,96.47000122070312,109.55000305175781,169.9499969482422,1.6476099491119385,1.450950026512146,2035.199951171875,22.277999877929688,879.4000244140625,3.737499952316284,73.86000061035156,79.20999908447266,1.9670000076293945,434.25,1189.0,602.0,190.6999969482422,23.8799991607666,5410.0,88.47000122070312,182.22500610351562,73.375,896.9000244140625,2.263000011444092,2.815200090408325,12.829999923706055,104.04000091552734,4.110000133514404,5.2230000495910645,4995.06005859375,38677.359375,15756.6396484375,7628.7998046875,36119.921875
2024-02-08,1.077574610710144,1.2627378702163696,148.08599853515625,0.6521880626678467,1.3464000225067139,0.8739100098609924,0.6109594106674194,83.01260375976562,7.101099967956543,1.3432600498199463,7.8190999031066895,1327.6199951171875,4.969299793243408,17.045400619506836,30.59149932861328,18.898700714111328,10.581700325012207,10.467089653015137,6.920499801635742,4.028842926025391,23.1382999420166,360.2099914550781,159.5724334716797,0.8530200123786926,186.98399353027344,96.56500244140625,109.98400115966797,169.3820037841797,1.6523200273513794,1.4503999948501587,2032.199951171875,22.565000534057617,886.5999755859375,3.7054998874664307,76.22000122070312,81.62999725341797,1.9170000553131104,433.25,1193.5,588.5,188.8000030517578,23.979999542236328,5805.0,89.0999984741211,183.77499389648438,73.30000305175781,888.5999755859375,2.3420000076293945,2.8907999992370605,12.789999961853027,104.1500015258789,4.170000076293945,5.2179999351501465,4997.91015625,38726.328125,15793.7099609375,7595.5,36863.28125
2024-02-09,1.0777255296707153,1.2620525360107422,149.25900268554688,0.6497599482536316,1.3459999561309814,0.873449981212616,0.6107914447784424,82.98529815673828,7.10699987411499,1.346809983253479,7.821300029754639,1331.469970703125,4.9918999671936035,17.13170051574707,30.668399810791016,18.966400146484375,10.612839698791504,10.469779968261719,6.916800022125244,4.010900020599365,23.402999877929688,360.4800109863281,160.8459930419922,0.8538900017738342,188.35400390625,96.98400115966797,110.88500213623047,170.86099243164062,1.6582000255584717,1.450469970703125,2023.300048828125,22.527999877929688,871.4000244140625,3.686000108718872,76.83999633789062,82.19000244140625,1.847000002861023,429.0,1183.5,596.75,196.3000030517578,24.020000457763672,5888.0,91.77999877929688,184.625,73.67500305175781,865.9000244140625,2.3394999504089355,2.964200019836426,12.930000305175781,104.08000183105469,4.186999797821045,5.21999979019165,5026.60986328125,38671.69140625,15990.66015625,7572.60009765625,36897.421875
2024-02-12,1.0798202753067017,1.2637271881103516,149.16700744628906,0.6525583267211914,1.3457800149917603,0.8741599917411804,0.6147717237472534,83.0145034790039,7.178999900817871,1.3451800346374512,7.819580078125,1330.06005859375,4.953100204467773,17.075429916381836,30.64838981628418,18.976049423217773,10.53242015838623,10.442850112915039,6.903779983520508,4.002788066864014,23.357200622558594,358.2770080566406,161.0679931640625,0.8544399738311768,188.49200439453125,97.3239974975586,110.83499908447266,170.6230010986328,1.654829978942871,1.4531199932098389,2018.199951171875,22.708999633789062,891.0999755859375,3.7284998893737793,76.91999816894531,82.0,1.7680000066757202,430.5,1193.0,597.5,195.60000610351562,23.559999465942383,5860.0,90.52999877929688,184.25,73.57499694824219,893.5,2.367300033569336,2.919600009918213,13.930000305175781,104.16999816894531,4.171999931335449,5.228000164031982,5021.83984375,38797.37890625,15942.5498046875,7573.7001953125,36897.421875
2024-02-13,1.0772264003753662,1.2627538442611694,149.40499877929688,0.6528898477554321,1.3455300331115723,0.8758000135421753,0.6127901673316956,82.99019622802734,7.192200183868408,1.3447599411010742,7.8176798820495605,1328.5,4.952199935913086,17.067760467529297,30.712900161743164,18.89859962463379,10.497750282287598,10.397159576416016,6.919159889221191,3.99912691116333,23.405000686645508,358.9700012207031,160.91000366210938,0.8529599905014038,188.63299560546875,97.54299926757812,111.04000091552734,170.54896545410156,1.6491999626159668,1.4492000341415405,1992.9000244140625,22.09600067138672,872.7000122070312,3.7139999866485596,77.87000274658203,82.7699966430664,1.6890000104904175,430.75,1186.25,597.5,193.0,23.299999237060547,6001.0,91.5199966430664,183.75,74.2249984741211,857.4000244140625,2.3945999145507812,2.895900011062622,15.850000381469727,104.95999908447266,4.315999984741211,5.232999801635742,4953.169921875,38272.75,15655.599609375,7512.2998046875,37963.96875
2024-02-14,1.0708931684494019,1.2590652704238892,150.7239990234375,0.6453399062156677,1.3565800189971924,0.8874099850654602,0.6057815551757812,83.07460021972656,7.188700199127197,1.3510600328445435,7.81935977935791,1340.7900390625,4.952000141143799,17.202009201049805,30.722900390625,19.07659912109375,10.669059753417969,10.580060005187988,6.960269927978516,4.049604892730713,23.63759994506836,361.3999938964844,161.38999938964844,0.850409984588623,189.72900390625,97.26399993896484,111.0989990234375,169.81900024414062,1.659250020980835,1.4525699615478516,1990.300048828125,22.33099937438965,891.2000122070312,3.700500011444092,76.63999938964844,81.5999984741211,1.6089999675750732,424.25,1170.5,585.5,187.0500030517578,23.3700008392334,5949.0,93.4800033569336,182.39999389648438,75.17500305175781,930.7999877929688,2.3169000148773193,2.8101000785827637,14.380000114440918,104.72000122070312,4.267000198364258,5.2179999351501465,5000.6201171875,38424.26953125,15859.150390625,7568.39990234375,37703.3203125
2024-02-15,1.0732147693634033,1.2568340301513672,150.54400634765625,0.6498798131942749,1.3538700342178345,0.8851000070571899,0.609061598777771,83.04309844970703,7.175899982452393,1.3477599620819092,7.81810998916626,1326.0,4.968299865722656,17.075199127197266,30.750099182128906,19.028560638427734,10.577300071716309,10.50590991973877,6.94582986831665,4.042724132537842,23.639999389648438,362.0360107421875,161.55996704101562,0.8538600206375122,189.19500732421875,97.82599639892578,111.18800354003906,170.04800415039062,1.6512800455093384,1.4529000520706177,2002.0999755859375,22.91200065612793,899.0999755859375,3.756500005722046,78.02999877929688,82.86000061035156,1.5809999704360962,417.75,1162.25,567.0,189.3000030517578,22.81999969482422,5961.0,94.62999725341797,183.39999389648438,85.0,948.7000122070312,2.3183000087738037,2.823699951171875,14.010000228881836,104.30000305175781,4.239999771118164,5.2179999351501465,5029.72998046875,38773.12109375,15906.169921875,7597.5,38157.94140625
2024-02-16,1.0773887634277344,1.259921908378601,149.9459991455078,0.6525498628616333,1.3465299606323242,0.879800021648407,0.6111199259757996,83.00959777832031,7.163899898529053,1.3455599546432495,7.820030212402344,1327.6600341796875,4.972400188446045,17.040170669555664,30.815000534057617,18.939529418945312,10.523260116577148,10.446510314941406,6.919129848480225,4.028663158416748,23.509000778198242,361.0199890136719,161.53399658203125,0.8550999760627747,188.89100646972656,97.84300231933594,111.34700012207031,170.4029998779297,1.6509599685668945,1.450659990310669,2011.5,23.43899917602539,907.5999755859375,3.8380000591278076,79.19000244140625,83.47000122070312,1.6089999675750732,416.5,1172.25,560.5,190.85000610351562,23.079999923706055,5706.0,93.87000274658203,184.77499389648438,85.2249984741211,948.7000122070312,2.3359999656677246,2.8066000938415527,14.239999771118164,104.27999877929688,4.295000076293945,5.2230000495910645,5005.56982421875,38627.98828125,15775.650390625,7711.7001953125,38487.23828125
2024-02-19,1.0784927606582642,1.2611136436462402,150.09100341796875,0.6537913680076599,1.3477799892425537,0.880649983882904,0.6136400103569031,83.01599884033203,7.118599891662598,1.3453199863433838,7.8206000328063965,1331.5799560546875,4.965099811553955,17.042930603027344,30.80282974243164,18.825109481811523,10.495200157165527,10.417180061340332,6.91172981262207,4.021039009094238,23.574800491333008,359.9949951171875,161.86700439453125,0.8551599979400635,189.27099609375,98.12100219726562,111.3550033569336,170.41600036621094,1.649530053138733,1.453510046005249,2011.5,23.43899917602539,907.5999755859375,3.8380000591278076,79.19000244140625,83.47000122070312,1.6089999675750732,416.5,1172.25,560.5,190.85000610351562,23.079999923706055,5706.0,93.87000274658203,184.77499389648438,85.2249984741211,948.7000122070312,2.3359999656677246,2.8066000938415527,14.239999771118164,104.27999877929688,4.295000076293945,5.2230000495910645,5005.56982421875,38627.98828125,15775.650390625,7728.5,38470.37890625
2024-02-20,1.0775396823883057,1.2587641477584839,150.27000427246094,0.6530783176422119,1.3497999906539917,0.8827469944953918,0.6142581701278687,83.02100372314453,7.197199821472168,1.3463200330734253,7.820899963378906,1333.3399658203125,4.956399917602539,17.03420066833496,30.867900848388672,18.93931007385254,10.48904037475586,10.390629768371582,6.917419910430908,4.01364278793335,23.61870002746582,360.42498779296875,161.89300537109375,0.8560000061988831,189.11399841308594,98.13099670410156,111.3030014038086,170.18800354003906,1.649839997291565,1.4545700550079346,2027.5,23.106000900268555,909.7000122070312,3.866499900817871,78.18000030517578,82.33999633789062,1.5759999752044678,418.75,1179.0,582.75,191.60000610351562,22.75,5999.0,91.19000244140625,184.39999389648438,85.67500305175781,979.2999877929688,2.277400016784668,2.7314999103546143,15.420000076293945,104.08000183105469,4.275000095367432,5.2129998207092285,4975.509765625,38563.80078125,15630.7802734375,7719.2001953125,38363.609375
2024-02-21,1.0813149213790894,1.2627378702163696,149.93899536132812,0.6553500890731812,1.3521900177001953,0.8818100094795227,0.616819441318512,82.8291015625,7.189700126647949,1.3436700105667114,7.8209099769592285,1333.75,4.926400184631348,17.059799194335938,30.904909133911133,18.9064998626709,10.484450340270996,10.357210159301758,6.895020008087158,3.9898500442504883,23.455799102783203,358.2760009765625,162.11099243164062,0.8561699986457825,189.3090057373047,98.26599884033203,110.88899993896484,170.03492736816406,1.6496100425720215,1.4618099927902222,2022.300048828125,22.85099983215332,885.0,3.874500036239624,77.91000366210938,83.02999877929688,1.7730000019073486,411.0,1160.75,583.25,198.35000610351562,22.770000457763672,6198.0,92.5999984741211,183.97500610351562,85.9749984741211,946.0999755859375,2.2860000133514404,2.705199956893921,15.34000015258789,104.01000213623047,4.324999809265137,5.235000133514404,4981.7998046875,38612.23828125,15580.8701171875,7662.5,38262.16015625
2024-02-22,1.0820403099060059,1.2638070583343506,150.35499572753906,0.6553199887275696,1.3496999740600586,0.8792499899864197,0.6180316805839539,82.93840026855469,7.1880998611450195,1.3439099788665771,7.820650100708008,1332.8699951171875,4.934899806976318,17.033100128173828,31.01650047302246,18.896129608154297,10.474610328674316,10.357159614562988,6.888869762420654,3.9882619380950928,23.377199172973633,357.6449890136719,162.6840057373047,0.8561300039291382,189.99000549316406,98.52999877929688,111.39199829101562,170.98782348632812,1.6511000394821167,1.4603300094604492,2019.699951171875,22.764999389648438,901.7000122070312,3.8975000381469727,78.61000061035156,83.66999816894531,1.7319999933242798,406.0,1147.75,583.25,193.85000610351562,22.829999923706055,6169.0,94.19999694824219,183.5,87.19999694824219,966.9000244140625,2.334700107574463,2.752000093460083,14.539999961853027,103.95999908447266,4.327000141143799,5.232999801635742,5087.02978515625,39069.109375,16041.6201171875,7684.5,39098.6796875
2024-02-23,1.0825674533843994,1.266367793083191,150.48300170898438,0.6559101939201355,1.348140001296997,0.8799499869346619,0.6195287704467773,82.87229919433594,7.193299770355225,1.3423000574111938,7.822500228881836,1327.1700439453125,4.962399959564209,17.10733985900879,31.07349967956543,19.14780044555664,10.496310234069824,10.315899848937988,6.885690212249756,3.9941999912261963,23.406400680541992,357.50201416015625,162.8979949951172,0.8548200130462646,190.53900146484375,98.69999694824219,111.61499786376953,170.9739990234375,1.6503000259399414,1.4593499898910522,2038.5999755859375,22.9689998626709,906.0,3.881999969482422,76.48999786376953,81.62000274658203,1.6030000448226929,399.75,1133.0,573.5,191.0,22.6200008392334,6562.0,94.93000030517578,185.60000610351562,87.19999694824219,985.2000122070312,2.276700019836426,2.68969988822937,13.75,103.94000244140625,4.260000228881836,5.239999771118164,5088.7998046875,39131.53125,15996.8203125,7706.2998046875,39098.6796875
2024-02-26,1.0820051431655884,1.2672665119171143,150.4980010986328,0.6565384864807129,1.3507200479507446,0.8812500238418579,0.6186893582344055,82.88179779052734,7.194399833679199,1.3433300256729126,7.823939800262451,1330.0,4.993500232696533,17.113929748535156,31.093120574951172,19.30579948425293,10.531720161437988,10.316740036010742,6.889120101928711,3.9814999103546143,23.413999557495117,359.114013671875,162.83099365234375,0.8537700176239014,190.70700073242188,98.79900360107422,111.41300201416016,170.75999450683594,1.6479400396347046,1.461400032043457,2028.5,22.517000198364258,876.7999877929688,3.8239998817443848,77.58000183105469,82.52999877929688,1.659000039100647,407.0,1136.0,577.25,190.10000610351562,23.149999618530273,6884.0,96.58000183105469,185.72500610351562,86.2750015258789,953.7000122070312,2.3055999279022217,2.762700080871582,13.739999771118164,103.83000183105469,4.298999786376953,5.25,5069.52978515625,39069.23046875,15976.25,7684.2998046875,39233.7109375
2024-02-27,1.0850930213928223,1.268455982208252,150.5659942626953,0.6539598107337952,1.3501299619674683,0.8798999786376953,0.6167091131210327,82.85199737548828,7.196300029754639,1.3442800045013428,7.824220180511475,1331.719970703125,4.978899955749512,17.08169937133789,31.115520477294922,19.212600708007812,10.498270034790039,10.274869918823242,6.869500160217285,3.970766067504883,23.361900329589844,358.69000244140625,163.3509979248047,0.8553400039672852,190.9669952392578,98.44300079345703,111.48400115966797,171.06295776367188,1.6592700481414795,1.4651399850845337,2034.0,22.523000717163086,892.7999877929688,3.8310000896453857,78.87000274658203,83.6500015258789,1.6150000095367432,408.25,1131.25,586.0,194.0500030517578,23.84000015258789,6755.0,100.75,185.60000610351562,85.9000015258789,939.0999755859375,2.344399929046631,2.746000051498413,13.430000305175781,103.83000183105469,4.315000057220459,5.244999885559082,5078.18017578125,38972.41015625,16035.2998046875,7683.0,39239.51953125
2024-02-28,1.084481120109558,1.268166422843933,150.4949951171875,0.6543898582458496,1.3531700372695923,0.8787999749183655,0.6170287728309631,82.94819641113281,7.197400093078613,1.3439199924468994,7.82450008392334,1331.7900390625,4.932400226593018,17.066959381103516,31.14579963684082,19.069400787353516,10.525270462036133,10.303460121154785,6.874919891357422,3.970115900039673,23.340999603271484,360.4200134277344,163.14700317382812,0.8548099994659424,190.83399963378906,98.4739990234375,111.20899963378906,171.18800354003906,1.656749963760376,1.4670000076293945,2033.0,22.40999984741211,880.7000122070312,3.827500104904175,78.54000091552734,83.68000030517578,1.8849999904632568,413.25,1134.0,571.0,193.35000610351562,24.010000228881836,6380.0,103.06999969482422,184.64999389648438,86.0,918.0,2.2709999084472656,2.6582999229431152,13.84000015258789,103.9800033569336,4.27400016784668,5.239999771118164,5069.759765625,38949.01953125,15947.740234375,7625.0,39208.03125
2024-02-29,1.0838816165924072,1.2663036584854126,150.656005859375,0.6494700312614441,1.3577500581741333,0.8787099719047546,0.6097100377082825,82.91190338134766,7.196000099182129,1.345960021018982,7.8277997970581055,1333.3800048828125,4.967299938201904,17.087299346923828,31.208839416503906,19.25309944152832,10.590479850769043,10.331649780273438,6.8767900466918945,3.9819068908691406,23.314300537109375,362.8399963378906,163.24600219726562,0.8560199737548828,190.66900634765625,97.82099914550781,110.94400024414062,171.37548828125,1.6687500476837158,1.4714800119400024,2045.699951171875,22.666000366210938,879.9000244140625,3.8345000743865967,78.26000213623047,83.62000274658203,1.8600000143051147,415.75,1128.25,577.5,195.85000610351562,22.579999923706055,6510.0,101.55999755859375,184.0,86.625,933.5,2.30430006980896,2.683799982070923,13.399999618530273,104.16000366210938,4.251999855041504,5.2230000495910645,5096.27001953125,38996.390625,16091.919921875,7630.0,39166.19140625
2024-03-01,1.0804970264434814,1.2625465393066406,150.09500122070312,0.6498401165008545,1.3573700189590454,0.8844000101089478,0.6085797548294067,82.910400390625,7.18720006942749,1.3459199666976929,7.828390121459961,1335.199951171875,4.969799995422363,17.050060272216797,31.279409408569336,19.180419921875,10.618359565734863,10.368550300598145,6.898680210113525,3.9904000759124756,23.423599243164062,363.1659851074219,162.16700744628906,0.8557500243186951,189.48300170898438,97.53199768066406,110.5719985961914,169.66900634765625,1.6626700162887573,1.4665100574493408,2086.89990234375,23.149999618530273,884.2000122070312,3.8550000190734863,79.97000122070312,83.55000305175781,1.8350000381469727,412.25,1143.0,560.0,193.8000030517578,21.09000015258789,6826.0,97.55999755859375,188.4499969482422,88.07499694824219,952.7999877929688,2.6143999099731445,2.704200029373169,13.109999656677246,103.86000061035156,4.179999828338623,5.215000152587891,5137.080078125,39087.37890625,16274.9404296875,7682.5,39910.8203125
2024-03-04,1.084269404411316,1.26603102684021,150.10499572753906,0.6527883410453796,1.355239987373352,0.8833400011062622,0.6103813648223877,82.84609985351562,7.195799827575684,1.343809962272644,7.8282999992370605,1330.9000244140625,4.952700138092041,17.009370803833008,31.390369415283203,19.07699966430664,10.512900352478027,10.30659008026123,6.874939918518066,3.9802069664001465,23.357999801635742,363.0899963378906,162.7469940185547,0.8563799858093262,190.02999877929688,97.9800033569336,110.75299835205078,169.91600036621094,1.6608699560165405,1.469349980354309,2117.699951171875,23.77899932861328,900.5,3.8519999980926514,78.73999786376953,82.80000305175781,1.9160000085830688,417.5,1147.0,563.5,197.39999389648438,20.600000381469727,7057.0,98.44000244140625,186.6750030517578,86.2750015258789,964.9000244140625,2.585700035095215,2.647200107574463,13.489999771118164,103.83000183105469,4.218999862670898,5.2230000495910645,5130.9501953125,38989.828125,16207.509765625,7640.2998046875,40109.23046875
2024-03-05,1.0855170488357544,1.269196629524231,150.46600341796875,0.6507620811462402,1.357200026512146,0.885200023651123,0.6096594333648682,82.9104995727539,7.19890022277832,1.3433799743652344,7.824900150299072,1328.93994140625,4.944900035858154,16.95507049560547,31.571300506591797,19.03030014038086,10.567540168762207,10.364399909973145,6.866260051727295,3.979099988937378,23.352100372314453,363.95098876953125,163.31900024414062,0.8552899956703186,190.9320068359375,97.90599822998047,110.84200286865234,169.9600067138672,1.6679699420928955,1.4733400344848633,2133.5,23.76300048828125,883.2999877929688,3.8440001010894775,78.1500015258789,82.04000091552734,1.9570000171661377,413.5,1140.75,545.75,195.0,20.8700008392334,6970.0,98.0999984741211,188.0,85.17500305175781,938.5999755859375,2.5327999591827393,2.6064999103546143,14.460000038146973,103.80000305175781,4.13700008392334,5.224999904632568,5078.64990234375,38585.19140625,15939.58984375,7646.2001953125,40097.62890625
2024-03-06,1.0855995416641235,1.27048659324646,150.0489959716797,0.6503900289535522,1.3589999675750732,0.8835800290107727,0.6087798476219177,82.88480377197266,7.196000099182129,1.342960000038147,7.824379920959473,1333.4300537109375,4.957099914550781,16.932100296020508,31.688119888305664,18.94070053100586,10.569299697875977,10.37771987915039,6.866270065307617,3.9703099727630615,23.323699951171875,362.5169982910156,162.8719940185547,0.8544399738311768,190.6199951171875,97.57599639892578,110.40299987792969,169.78799438476562,1.6691099405288696,1.4752299785614014,2150.300048828125,24.27199935913086,910.7000122070312,3.870500087738037,79.12999725341797,82.95999908447266,1.9290000200271606,418.0,1140.25,521.25,194.4499969482422,21.450000762939453,7170.0,99.13999938964844,187.25,85.0,1037.9000244140625,2.5539000034332275,2.663300037384033,14.5,103.37000274658203,4.104000091552734,5.230000019073486,5104.759765625,38661.05078125,16031.5400390625,7679.2998046875,40090.78125
2024-03-07,1.089953899383545,1.2735446691513062,149.2689971923828,0.6566298604011536,1.3512699604034424,0.882099986076355,0.6127901673316956,82.81909942626953,7.195899963378906,1.3384100198745728,7.823999881744385,1327.0899658203125,4.943600177764893,16.867799758911133,31.79730987548828,18.775400161743164,10.479049682617188,10.27534008026123,6.839600086212158,3.9416539669036865,23.247600555419922,361.260009765625,162.6840057373047,0.8557800054550171,190.09100341796875,98.00700378417969,110.45800018310547,169.18600463867188,1.6592999696731567,1.4726300239562988,2158.0,24.3700008392334,920.0999755859375,3.9195001125335693,78.93000030517578,82.95999908447266,1.8179999589920044,426.0,1157.0,520.75,198.35000610351562,21.280000686645508,7054.0,99.27999877929688,188.72500610351562,84.5250015258789,1031.0,2.554800033569336,2.694700002670288,14.4399995803833,102.81999969482422,4.0920000076293945,5.228000164031982,5157.35986328125,38791.3515625,16273.3798828125,7692.5,39598.7109375
2024-03-08,1.0950144529342651,1.2815583944320679,147.8679962158203,0.6621301770210266,1.3451999425888062,0.8770999908447266,0.6178789138793945,82.7522964477539,7.192299842834473,1.3329499959945679,7.820400238037109,1321.1800537109375,4.933800220489502,16.864700317382812,31.93320083618164,18.66390037536621,10.396010398864746,10.218910217285156,6.807600021362305,3.9251999855041504,23.14389991760254,360.8349914550781,161.9080047607422,0.854449987411499,189.46499633789062,97.9000015258789,109.90399932861328,168.5189971923828,1.653730034828186,1.4731099605560303,2178.60009765625,24.339000701904297,912.0,3.884999990463257,78.01000213623047,82.08000183105469,1.8049999475479126,426.25,1170.5,526.75,191.39999389648438,21.149999618530273,6997.0,95.27999877929688,187.60000610351562,84.375,1016.0,2.5271999835968018,2.640899896621704,14.739999771118164,102.73999786376953,4.089000225067139,5.228000164031982,5123.68994140625,38722.69140625,16085.1103515625,7659.7001953125,39688.94140625
2024-03-11,1.0942955017089844,1.2855123281478882,146.7740020751953,0.6624314785003662,1.348449945449829,0.8775100111961365,0.6179400086402893,82.7520980834961,7.185200214385986,1.3312900066375732,7.82036018371582,1315.97998046875,4.977540016174316,16.803619384765625,31.996360778808594,18.79785919189453,10.422829627990723,10.209489822387695,6.8123698234558105,3.931178092956543,23.119400024414062,359.5220031738281,160.60899353027344,0.8512300252914429,188.6709747314453,97.22212219238281,108.83799743652344,167.24456787109375,1.6518800258636475,1.4755500555038452,2182.5,24.511999130249023,937.7000122070312,3.922499895095825,77.93000030517578,82.20999908447266,1.7589999437332153,428.25,1165.0,537.5,194.35000610351562,21.950000762939453,7329.0,95.05999755859375,187.60000610351562,83.2750015258789,1032.5999755859375,2.5804998874664307,2.6517999172210693,15.220000267028809,102.87000274658203,4.104000091552734,5.239999771118164,5117.93994140625,38769.66015625,16019.26953125,7669.2001953125,38820.48828125
2024-03-12,1.093135118484497,1.2819806337356567,146.73199462890625,0.6615506410598755,1.347749948501587,0.8772500157356262,0.6170782446861267,82.7782974243164,7.183800220489502,1.3301700353622437,7.821400165557861,1310.5400390625,4.977399826049805,16.798969268798828,32.03739929199219,18.652700424194336,10.440799713134766,10.23462963104248,6.820499897003174,3.914947986602783,23.1471004486084,360.6300048828125,160.38900756835938,0.8526099920272827,188.0970001220703,97.06500244140625,108.86399841308594,167.20681762695312,1.6522300243377686,1.4731700420379639,2160.39990234375,24.194000244140625,925.4000244140625,3.924999952316284,77.55999755859375,81.91999816894531,1.7139999866485596,429.0,1182.0,535.5,195.39999389648438,21.889999389648438,8048.0,95.2300033569336,188.25,85.3499984741211,1041.0999755859375,2.586400032043457,2.616499900817871,13.84000015258789,102.95999908447266,4.15500020980835,5.239999771118164,5175.27001953125,39005.48828125,16265.6396484375,7747.7998046875,38797.51171875
2024-03-13,1.0927767753601074,1.2795906066894531,147.61900329589844,0.6607297658920288,1.349310040473938,0.8773900270462036,0.614960789680481,82.83509826660156,7.181000232696533,1.332319974899292,7.824039936065674,1311.1500244140625,4.968699932098389,16.784299850463867,32.093780517578125,18.65049934387207,10.509550094604492,10.231719970703125,6.823480129241943,3.923180103302002,23.130699157714844,364.8999938964844,161.29100036621094,0.8539199829101562,188.8719940185547,97.5260009765625,109.39800262451172,168.218994140625,1.653749942779541,1.4743200540542603,2175.39990234375,24.958999633789062,942.2999877929688,4.052499771118164,79.72000122070312,84.02999877929688,1.6579999923706055,426.5,1181.75,532.25,191.64999389648438,21.93000030517578,8034.0,94.9000015258789,189.9250030517578,84.875,1062.800048828125,2.6614999771118164,2.6851000785827637,13.75,102.79000091552734,4.191999912261963,5.23799991607666,5165.31005859375,39043.3203125,16177.76953125,7772.2001953125,38695.96875
2024-03-14,1.0955302715301514,1.2802129983901978,147.62100219726562,0.6627599000930786,1.3466299772262573,0.8783800005912781,0.6165000200271606,82.83110046386719,7.186600208282471,1.3318699598312378,7.823080062866211,1313.6500244140625,4.969200134277344,16.669330596923828,32.1185302734375,18.553699493408203,10.46854019165039,10.215700149536133,6.807600021362305,3.906179904937744,23.035499572753906,361.3810119628906,161.68699645996094,0.8555499911308289,188.94000244140625,97.83000183105469,109.61599731445312,168.0431671142578,1.6526000499725342,1.4749300479888916,2163.0,24.874000549316406,933.4000244140625,4.0370001792907715,81.26000213623047,85.41999816894531,1.7410000562667847,422.5,1180.75,519.5,191.35000610351562,21.770000457763672,7405.0,93.4800033569336,186.9499969482422,85.0250015258789,1071.800048828125,2.7032999992370605,2.7088000774383545,14.399999618530273,103.36000061035156,4.297999858856201,5.23799991607666,5150.47998046875,38905.66015625,16128.5302734375,7743.2001953125,38807.37890625
2024-03-15,1.0883406400680542,1.2745835781097412,148.29600524902344,0.6579297780990601,1.3537700176239014,0.8842700123786926,0.6124786734580994,82.9655990600586,7.192200183868408,1.336300015449524,7.82204008102417,1321.9200439453125,4.992700099945068,16.701860427856445,32.19306945800781,18.730600357055664,10.56527042388916,10.346030235290527,6.8501200675964355,3.9426910877227783,23.133399963378906,362.93499755859375,161.3769989013672,0.8538500070571899,188.99899291992188,97.56300354003906,109.54000091552734,167.69400024414062,1.6541199684143066,1.473289966583252,2157.300048828125,25.200000762939453,941.2000122070312,4.112500190734863,81.04000091552734,85.33999633789062,1.6549999713897705,436.75,1198.25,528.5,182.85000610351562,22.1200008392334,8018.0,93.94000244140625,187.25,86.92500305175781,1083.5,2.7207999229431152,2.7269999980926514,14.40999984741211,103.43000030517578,4.303999900817871,5.23799991607666,5117.08984375,38714.76953125,15973.169921875,7727.39990234375,38707.640625
2024-03-18,1.0882576704025269,1.2731393575668335,148.9550018310547,0.6557978987693787,1.3546099662780762,0.8835899829864502,0.608698308467865,82.88890075683594,7.195000171661377,1.3381099700927734,7.82181978225708,1329.3399658203125,4.968047142028809,16.720399856567383,32.28765106201172,18.749780654907227,10.62279987335205,10.362520217895508,6.852069854736328,3.948199987411499,23.08799934387207,360.6969909667969,162.0970001220703,0.8547599911689758,189.6300048828125,97.677001953125,109.9540023803711,168.5623016357422,1.6593899726867676,1.474120020866394,2160.699951171875,25.090999603271484,918.5,4.114500045776367,82.72000122070312,86.88999938964844,1.7029999494552612,436.0,1187.75,542.75,181.85000610351562,22.15999984741211,8172.0,94.56999969482422,188.5749969482422,86.82499694824219,1035.5999755859375,2.7572999000549316,2.7881999015808105,14.329999923706055,103.58000183105469,4.340000152587891,5.23799991607666,5149.419921875,38790.4296875,16103.4501953125,7722.60009765625,39740.44140625
2024-03-19,1.087393879890442,1.272718071937561,149.1439971923828,0.655750572681427,1.3534799814224243,0.8875100016593933,0.6082687973976135,82.86360168457031,7.197199821472168,1.3391900062561035,7.819429874420166,1336.0899658203125,5.029399871826172,16.830860137939453,32.33330154418945,18.943300247192383,10.641169548034668,10.420980453491211,6.857600212097168,3.9731359481811523,23.18000030517578,363.0,162.17300415039062,0.8542199730873108,189.8040008544922,97.80400085449219,110.18399810791016,168.03900146484375,1.6579999923706055,1.4716999530792236,2156.300048828125,24.964000701904297,898.9000244140625,4.058499813079834,83.47000122070312,87.37999725341797,1.74399995803833,439.5,1185.5,552.5,183.0500030517578,21.639999389648438,8027.0,93.33999633789062,188.0500030517578,85.82499694824219,993.9000244140625,2.762200117111206,2.760699987411499,13.819999694824219,103.80999755859375,4.296999931335449,5.23799991607666,5178.509765625,39110.76171875,16166.7900390625,7738.2998046875,40003.6015625
2024-03-20,1.0863306522369385,1.2719409465789795,151.03500366210938,0.6526401042938232,1.3573100566864014,0.8885400295257568,0.6048984527587891,83.04239654541016,7.197999954223633,1.3424099683761597,7.822700023651123,1337.02001953125,5.03000020980835,16.79990005493164,32.373348236083984,18.908790588378906,10.638669967651367,10.428239822387695,6.864500045776367,3.9690001010894775,23.246000289916992,363.0509948730469,164.05499267578125,0.8540099859237671,192.0959930419922,98.56199645996094,111.26899719238281,169.9573211669922,1.664389967918396,1.474429965019226,2157.89990234375,24.933000564575195,897.0999755859375,4.03849983215332,81.68000030517578,85.94999694824219,1.6990000009536743,439.0,1209.5,545.0,182.39999389648438,21.770000457763672,8324.0,92.18000030517578,187.8000030517578,85.30000305175781,994.7000122070312,2.7332000732421875,2.69569993019104,13.039999961853027,103.41000366210938,4.2729997634887695,5.228000164031982,5224.6201171875,39512.12890625,16369.41015625,7737.39990234375,40003.6015625
2024-03-21,1.0937210321426392,1.2798361778259277,150.75999450683594,0.6597799062728882,1.347190022468567,0.8855500221252441,0.6089614629745483,83.05460357666016,7.1975998878479,1.3389899730682373,7.822999954223633,1330.1099853515625,4.96619987487793,16.667699813842773,32.41749954223633,18.672300338745117,10.546380043029785,10.363249778747559,6.817999839782715,3.940138101577759,23.028799057006836,359.927001953125,164.87899780273438,0.8544099926948547,192.93600463867188,99.4540023803711,111.90499877929688,170.21600341796875,1.6576900482177734,1.4733099937438965,2182.39990234375,24.849000930786133,910.7000122070312,4.046500205993652,81.06999969482422,85.77999877929688,1.6829999685287476,440.75,1212.0,546.75,185.6999969482422,22.059999465942383,8559.0,92.20999908447266,188.375,84.9000015258789,1013.4000244140625,2.727099895477295,2.668800115585327,12.920000076293945,104.0,4.270999908447266,5.228000164031982,5241.52978515625,39781.37109375,16401.83984375,7882.60009765625,40815.66015625
2024-03-22,1.0862362384796143,1.2661913633346558,151.63299560546875,0.657418966293335,1.3526999950408936,0.8976799845695496,0.6046388149261475,83.22660064697266,7.198200225830078,1.3430999517440796,7.820799827575684,1334.6800537109375,4.9745001792907715,16.7268009185791,32.15650177001953,18.81909942626953,10.660940170288086,10.46288013458252,6.865699768066406,3.960599899291992,23.27199935913086,362.79998779296875,164.7030029296875,0.8578000068664551,191.97500610351562,99.64099884033203,112.09300231933594,168.88999938964844,1.6527899503707886,1.4692800045013428,2158.10009765625,24.691999435424805,896.0999755859375,3.996000051498413,80.62999725341797,85.43000030517578,1.659000039100647,439.25,1192.5,554.75,184.85000610351562,21.850000381469727,8939.0,91.52999877929688,187.5,84.57499694824219,992.7999877929688,2.739799976348877,2.65339994430542,13.0600004196167,104.43000030517578,4.2179999351501465,5.21999979019165,5234.18017578125,39475.8984375,16428.8203125,7930.89990234375,40888.4296875
2024-03-25,1.0807539224624634,1.25979483127594,151.30499267578125,0.6515804529190063,1.3611500263214111,0.8976200222969055,0.5990211963653564,83.59359741210938,7.228099822998047,1.3494800329208374,7.82144021987915,1343.5999755859375,5.000899791717529,16.75830078125,32.08531188964844,18.985200881958008,10.750539779663086,10.563159942626953,6.9008002281188965,3.9964840412139893,23.445999145507812,367.2929992675781,163.52099609375,0.8578500151634216,190.67771911621094,98.58000183105469,111.15399932861328,168.54800415039062,1.6664999723434448,1.4710400104522705,2174.800048828125,24.7450008392334,906.7000122070312,4.006999969482422,81.94999694824219,86.75,1.6150000095367432,437.75,1209.25,555.0,185.64999389648438,21.950000762939453,9649.0,92.0199966430664,186.1999969482422,85.1500015258789,1007.7999877929688,2.7483999729156494,2.6786000728607178,13.1899995803833,104.2300033569336,4.252999782562256,5.2179999351501465,5218.18994140625,39313.640625,16384.470703125,7917.60009765625,40414.12109375
2024-03-26,1.0838228464126587,1.2637910842895508,151.3730010986328,0.6538896560668945,1.3584599494934082,0.8994699716567993,0.6001608371734619,83.41739654541016,7.208399772644043,1.3458499908447266,7.821420192718506,1339.1300048828125,4.9721999168396,16.670700073242188,32.16780090332031,18.885700225830078,10.71306037902832,10.572759628295898,6.879700183868408,3.9698829650878906,23.312000274658203,366.1199951171875,164.04800415039062,0.8575699925422668,191.28399658203125,98.96700286865234,111.427001953125,168.27198791503906,1.6574499607086182,1.4722599983215332,2175.60009765625,24.482999801635742,908.5999755859375,3.996000051498413,81.62000274658203,86.25,1.5750000476837158,432.5,1199.0,543.5,188.0500030517578,22.389999389648438,9622.0,93.41000366210938,183.10000610351562,85.57499694824219,992.7000122070312,2.7005999088287354,2.621799945831299,13.239999771118164,104.29000091552734,4.234000205993652,5.2179999351501465,5203.580078125,39282.328125,16315.7001953125,7931.0,40398.03125
2024-03-27,1.0832358598709106,1.2628495693206787,151.52999877929688,0.6538982391357422,1.3581000566482544,0.9036499857902527,0.6007593870162964,83.34549713134766,7.217700004577637,1.3452800512313843,7.822969913482666,1343.06005859375,4.9756999015808105,16.63159942626953,32.208499908447266,18.960399627685547,10.754599571228027,10.584440231323242,6.8861799240112305,3.9759790897369385,23.337600708007812,364.7030029296875,164.0399932861328,0.8578000068664551,191.21800231933594,99.0780029296875,111.50599670410156,167.55999755859375,1.6565200090408325,1.470960021018982,2190.60009765625,24.625,895.9000244140625,3.992500066757202,81.3499984741211,86.08999633789062,1.718000054359436,426.75,1192.5,547.5,190.64999389648438,22.190000534057617,9843.0,90.7699966430664,183.60000610351562,86.0999984741211,979.0,2.6847000122070312,2.598599910736084,12.779999732971191,104.3499984741211,4.196000099182129,5.215000152587891,5248.490234375,39760.078125,16399.51953125,7932.0,40762.73046875
2024-03-28,1.0813382863998413,1.261670470237732,151.28700256347656,0.6521999835968018,1.3586000204086304,0.9054999947547913,0.5992509126663208,83.36499786376953,7.225800037384033,1.3487099409103394,7.823500156402588,1349.800048828125,4.990300178527832,16.55069923400879,32.29970169067383,18.924489974975586,10.797900199890137,10.638039588928223,6.897280216217041,3.986799955368042,23.39310073852539,365.0199890136719,163.5290069580078,0.85698002576828,190.80999755859375,98.63300323486328,111.3489990234375,166.99400329589844,1.657770037651062,1.4689600467681885,2217.39990234375,24.797000885009766,907.7000122070312,4.003499984741211,83.16999816894531,87.4800033569336,1.7630000114440918,442.0,1191.5,560.25,188.85000610351562,22.520000457763672,9766.0,91.37999725341797,185.0,86.625,1009.5,2.7611000537872314,2.615600109100342,13.010000228881836,104.55000305175781,4.205999851226807,5.203000068664551,5254.35009765625,39807.37109375,16379.4599609375,7952.60009765625,40168.0703125
2024-03-29,1.0794472694396973,1.26262629032135,151.44000244140625,0.6516780853271484,1.353600025177002,0.9010699987411499,0.5974700450897217,83.39299774169922,7.226500034332275,1.349810004234314,7.825699806213379,1349.800048828125,5.014100074768066,16.602840423583984,32.449100494384766,18.896699905395508,10.84060001373291,10.687660217285156,6.910699844360352,3.9874000549316406,23.40060043334961,365.05999755859375,163.41000366210938,0.8547899723052979,191.1529998779297,98.62999725341797,111.86199951171875,167.9600067138672,1.6555299758911133,1.4606499671936035,2217.39990234375,24.797000885009766,907.7000122070312,4.003499984741211,83.16999816894531,87.4800033569336,1.7630000114440918,442.0,1191.5,560.25,188.85000610351562,22.520000457763672,9766.0,91.37999725341797,185.0,86.625,1009.5,2.7611000537872314,2.615600109100342,13.010000228881836,104.55000305175781,4.205999851226807,5.203000068664551,5254.35009765625,39807.37109375,16379.4599609375,7952.60009765625,40369.44140625
2024-04-01,1.0792726278305054,1.2637271881103516,151.3979949951172,0.6533001661300659,1.3521900177001953,0.9020000100135803,0.5986589789390564,83.36479949951172,7.220300197601318,1.3476899862289429,7.825510025024414,1345.31005859375,5.013199806213379,16.555450439453125,32.42340087890625,18.84830093383789,10.845000267028809,10.677499771118164,6.910299777984619,3.9826269149780273,23.384300231933594,365.4949951171875,163.3939971923828,0.8540099859237671,191.3000030517578,98.88999938964844,111.95700073242188,167.8336639404297,1.6519700288772583,1.45933997631073,2236.5,24.95400047302246,900.9000244140625,4.046000003814697,83.70999908447266,87.41999816894531,1.8370000123977661,435.5,1185.75,557.0,191.8000030517578,22.719999313354492,10120.0,92.76000213623047,180.0749969482422,86.94999694824219,992.0,2.7100000381469727,2.6270999908447266,13.649999618530273,105.0199966430664,4.328999996185303,5.2179999351501465,5243.77001953125,39566.8515625,16396.830078125,7952.60009765625,39803.08984375
2024-04-02,1.0737217664718628,1.2545477151870728,151.58099365234375,0.6487903594970703,1.3573700189590454,0.9050700068473816,0.5952416062355042,83.40969848632812,7.229700088500977,1.3525500297546387,7.825200080871582,1355.530029296875,5.053599834442139,16.608800888061523,32.26240158081055,18.944650650024414,10.962949752807617,10.801790237426758,6.946100234985352,3.9961259365081787,23.54400062561035,367.531005859375,162.75100708007812,0.8557400107383728,190.1719970703125,98.33599853515625,111.66400146484375,167.468994140625,1.6548999547958374,1.4573899507522583,2261.0,25.804000854492188,922.2000122070312,4.070000171661377,85.1500015258789,88.91999816894531,1.8619999885559082,426.5,1174.0,545.25,197.75,22.31999969482422,9949.0,90.80999755859375,181.77499389648438,86.55000305175781,992.2999877929688,2.7588999271392822,2.711899995803833,14.609999656677246,104.81999969482422,4.364999771118164,5.2129998207092285,5205.81005859375,39170.23828125,16240.4501953125,7935.10009765625,39838.91015625
2024-04-03,1.076855182647705,1.2576876878738403,151.5399932861328,0.651439905166626,1.3564300537109375,0.9078199863433838,0.5969401001930237,83.35030364990234,7.232399940490723,1.351349949836731,7.828400135040283,1350.72998046875,5.0644001960754395,16.54990005493164,32.052101135253906,18.75790023803711,10.831520080566406,10.738889694213867,6.925920009613037,3.984221935272217,23.482799530029297,366.3999938964844,163.1790008544922,0.8561800122261047,190.5800018310547,98.70999908447266,111.71600341796875,166.9080047607422,1.6529500484466553,1.4606000185012817,2294.39990234375,26.94499969482422,934.0,4.192999839782715,85.43000030517578,89.3499984741211,1.840999960899353,431.75,1182.25,556.0,203.60000610351562,22.219999313354492,9524.0,88.9800033569336,180.9250030517578,87.9749984741211,1009.7000122070312,2.7609000205993652,2.7323999404907227,14.329999923706055,104.25,4.355000019073486,5.210000038146973,5211.490234375,39127.140625,16277.4599609375,7937.39990234375,39451.8515625
2024-04-04,1.0838346481323242,1.2651821374893188,151.58099365234375,0.6568998694419861,1.3523800373077393,0.9028900265693665,0.6014711856842041,83.37329864501953,7.234399795532227,1.347890019416809,7.828479766845703,1344.8399658203125,5.038599967956543,16.527000427246094,31.94529914855957,18.65250015258789,10.708490371704102,10.640080451965332,6.8815999031066895,3.9603068828582764,23.337400436401367,362.0199890136719,164.27699279785156,0.8566399812698364,191.76100158691406,99.55599975585938,112.08200073242188,167.8489990234375,1.6499600410461426,1.465649962425232,2288.800048828125,27.139999389648438,939.7999877929688,4.246500015258789,86.58999633789062,90.6500015258789,1.7740000486373901,435.25,1180.0,556.25,206.75,22.360000610351562,9462.0,87.13999938964844,181.47500610351562,88.3499984741211,1029.300048828125,2.7941999435424805,2.741300106048584,16.350000381469727,104.12000274658203,4.309000015258789,5.203000068664551,5147.2099609375,38596.98046875,16049.080078125,7975.89990234375,39773.140625
2024-04-05,1.0837054252624512,1.26401948928833,151.29200744628906,0.6587702035903931,1.354449987411499,0.9015100002288818,0.6027800440788269,83.47779846191406,7.23390007019043,1.3484599590301514,7.82919979095459,1351.3599853515625,5.057400226593018,16.573200225830078,31.944990158081055,18.676809310913086,10.729530334472656,10.644319534301758,6.882699966430664,3.9580769538879395,23.340700149536133,361.7799987792969,163.94500732421875,0.857200026512146,191.22999572753906,99.66100311279297,111.69499969482422,167.8046112060547,1.6449400186538696,1.4676799774169922,2325.699951171875,27.399999618530273,928.5,4.239500045776367,86.91000366210938,91.16999816894531,1.784999966621399,434.25,1185.0,567.25,212.5,21.989999771118164,9795.0,86.25,178.25,89.32499694824219,995.4000244140625,2.788599967956543,2.7730000019073486,16.030000686645508,104.30000305175781,4.377999782562256,5.215000152587891,5204.33984375,38904.0390625,16248.51953125,7911.2001953125,38992.078125
2024-04-08,1.0830481052398682,1.2625305652618408,151.69000244140625,0.6570215821266174,1.3604099750518799,0.9031699895858765,0.6004491448402405,83.29679870605469,7.231400012969971,1.3487999439239502,7.828579902648926,1350.27001953125,5.054900169372559,16.45199966430664,32.007598876953125,18.712160110473633,10.750900268554688,10.648870468139648,6.886159896850586,3.952929973602295,23.343000411987305,359.6449890136719,164.2830047607422,0.8578199744224548,191.5,99.65599822998047,111.49500274658203,167.93600463867188,1.6483700275421143,1.4733400344848633,2331.699951171875,27.711999893188477,961.9000244140625,4.2769999504089355,86.43000030517578,90.37999725341797,1.843999981880188,435.5,1181.5,565.75,211.10000610351562,21.59000015258789,9895.0,86.6500015258789,179.39999389648438,89.75,1038.5,2.7486000061035156,2.7286999225616455,15.1899995803833,104.13999938964844,4.423999786376953,5.2230000495910645,5202.39013671875,38892.80078125,16253.9599609375,7943.5,39347.0390625
2024-04-09,1.0863661766052246,1.2658709287643433,151.84300231933594,0.6604998111724854,1.3570799827575684,0.9050099849700928,0.6034383773803711,83.26959991455078,7.229700088500977,1.3473299741744995,7.831699848175049,1354.219970703125,5.023900032043457,16.314300537109375,32.15650177001953,18.63089942932129,10.674420356750488,10.553799629211426,6.86644983291626,3.920814037322998,23.30970001220703,358.739990234375,164.9219970703125,0.8580600023269653,192.18499755859375,100.28600311279297,111.88600158691406,167.7570037841797,1.6444900035858154,1.4739700555801392,2343.5,27.891000747680664,972.4000244140625,4.285999774932861,85.2300033569336,89.41999816894531,1.871999979019165,431.25,1174.5,557.75,213.5500030517578,21.489999771118164,10204.0,86.04000091552734,180.6999969482422,90.5999984741211,1074.0999755859375,2.7555999755859375,2.677000045776367,14.979999542236328,104.1500015258789,4.366000175476074,5.21999979019165,5209.91015625,38883.671875,16306.6396484375,7934.7998046875,39773.12890625
2024-04-10,1.0859296321868896,1.2677645683288574,151.77699279785156,0.662850022315979,1.3572900295257568,0.9029800295829773,0.6067924499511719,83.22429656982422,7.2307000160217285,1.344730019569397,7.8304901123046875,1348.5400390625,5.007599830627441,16.383310317993164,32.22426986694336,18.42840003967285,10.664899826049805,10.545299530029297,6.868720054626465,3.9284300804138184,23.381999969482422,359.302001953125,164.802001953125,0.856440007686615,192.39999389648438,100.59600067138672,111.81800079345703,168.0500030517578,1.6382100582122803,1.473829984664917,2329.60009765625,27.961000442504883,964.5999755859375,4.2820000648498535,86.20999908447266,90.4800033569336,1.8849999904632568,434.25,1164.75,558.5,214.64999389648438,21.459999084472656,10411.0,85.30999755859375,179.0749969482422,91.75,1051.699951171875,2.781599998474121,2.7076001167297363,15.800000190734863,105.25,4.559999942779541,5.243000030517578,5160.64013671875,38461.51171875,16170.3603515625,7961.2001953125,39581.80859375
2024-04-11,1.074171543121338,1.2537612915039062,152.96400451660156,0.6507201194763184,1.3687000274658203,0.9130399823188782,0.5974607467651367,83.4126968383789,7.231500148773193,1.353950023651123,7.835299968719482,1363.760009765625,5.066199779510498,16.452499389648438,32.2859992980957,18.77739906311035,10.836580276489258,10.720999717712402,6.944320201873779,3.9679720401763916,23.660400390625,364.1180114746094,164.29200744628906,0.8568000197410583,191.74000549316406,99.52899932861328,111.73500061035156,167.5050048828125,1.6506400108337402,1.4703400135040283,2354.800048828125,28.176000595092773,976.0999755859375,4.251999855041504,85.0199966430664,89.73999786376953,1.7640000581741333,428.75,1159.25,551.75,220.35000610351562,20.850000381469727,10373.0,83.37000274658203,180.25,91.44999694824219,1038.9000244140625,2.7741000652313232,2.6598000526428223,14.90999984741211,105.27999877929688,4.576000213623047,5.23799991607666,5199.06005859375,38459.078125,16442.19921875,7923.7998046875,39442.62890625
2024-04-12,1.0726851224899292,1.2554770708084106,153.19200134277344,0.6540607213973999,1.368690013885498,0.9098299741744995,0.600121259689331,83.34929656982422,7.235899925231934,1.352810025215149,7.837800025939941,1367.8399658203125,5.090400218963623,16.42609977722168,32.4182014465332,18.709800720214844,10.820159912109375,10.721570014953613,6.9538397789001465,3.9728519916534424,23.626399993896484,363.18701171875,164.31700134277344,0.8543400168418884,192.31700134277344,100.18800354003906,111.91799926757812,168.35499572753906,1.6399600505828857,1.4680999517440796,2356.199951171875,28.2549991607666,990.5,4.257500171661377,85.66000366210938,90.44999694824219,1.7699999809265137,435.5,1174.0,556.0,224.64999389648438,20.450000762939453,10987.0,82.62000274658203,178.89999389648438,90.875,1057.699951171875,2.8029000759124756,2.6851000785827637,17.309999465942383,106.04000091552734,4.499000072479248,5.230000019073486,5123.41015625,37983.23828125,16175.08984375,7995.60009765625,39523.55078125
2024-04-15,1.0649627447128296,1.2461835145950317,153.2830047607422,0.6475803256034851,1.3758000135421753,0.9137700200080872,0.594558596611023,83.61109924316406,7.235599994659424,1.3597999811172485,7.837279796600342,1379.6099853515625,5.117099761962891,16.611080169677734,32.39690017700195,18.857799530029297,10.865699768066406,10.856499671936035,7.0055999755859375,4.019890785217285,23.780799865722656,368.5400085449219,163.2100067138672,0.8543999791145325,191.00999450683594,99.25599670410156,111.39800262451172,167.72799682617188,1.6438000202178955,1.465000033378601,2365.800048828125,28.650999069213867,969.7999877929688,4.379000186920166,85.41000366210938,90.0999984741211,1.690999984741211,431.5,1158.25,551.75,231.5500030517578,20.020000457763672,11001.0,82.93000030517578,180.3000030517578,94.32499694824219,1042.0999755859375,2.783900022506714,2.6542000770568848,19.229999542236328,106.20999908447266,4.627999782562256,5.23799991607666,5061.81982421875,37735.109375,15885.01953125,7965.5,39232.80078125
2024-04-16,1.0625749826431274,1.2447409629821777,154.20599365234375,0.644250214099884,1.3786300420761108,0.9115999937057495,0.5902804136276245,83.50599670410156,7.236999988555908,1.3629800081253052,7.82889986038208,1387.6700439453125,5.183700084686279,16.694400787353516,32.40700912475586,18.97052001953125,10.931400299072266,10.876899719238281,7.020410060882568,4.047603130340576,23.785900115966797,370.77099609375,163.8300018310547,0.8536199927330017,191.92999267578125,99.33799743652344,111.8489990234375,169.0956573486328,1.6492899656295776,1.4648100137710571,2390.800048828125,28.31800079345703,964.0,4.305500030517578,85.36000061035156,90.0199966430664,1.7319999933242798,431.0,1145.0,549.75,236.75,19.6299991607666,10243.0,81.29000091552734,181.5,94.7249984741211,1029.4000244140625,2.8222999572753906,2.6512999534606934,18.399999618530273,106.26000213623047,4.658999919891357,5.232999801635742,5051.41015625,37798.96875,15865.25,7820.39990234375,38471.19921875
2024-04-17,1.0621461868286133,1.2431007623672485,154.697998046875,0.6412801146507263,1.3818800449371338,0.912559986114502,0.5892091989517212,83.6675033569336,7.236199855804443,1.364609956741333,7.831920146942139,1387.3399658203125,5.2855000495910645,17.033340454101562,32.51139831542969,19.005800247192383,10.968589782714844,10.937310218811035,7.0243000984191895,4.110723972320557,23.685100555419922,371.94000244140625,164.29600524902344,0.8543999791145325,192.2899932861328,99.19400024414062,111.93699645996094,169.48699951171875,1.6562299728393555,1.4676599502563477,2371.699951171875,28.34600067138672,942.7000122070312,4.34250020980835,82.69000244140625,87.29000091552734,1.7120000123977661,430.25,1149.5,537.0,247.9499969482422,19.31999969482422,10340.0,79.55999755859375,180.89999389648438,94.92500305175781,1029.0,2.7286999225616455,2.574700117111206,18.209999084472656,105.94999694824219,4.585000038146973,5.239999771118164,5022.2099609375,37753.30859375,15683.3701171875,7848.0,37961.80078125
2024-04-18,1.0669398307800293,1.2453765869140625,154.3419952392578,0.6439813375473022,1.3771799802780151,0.9103999733924866,0.5912995934486389,83.5958023071289,7.237400054931641,1.3602700233459473,7.830090045928955,1379.5400390625,5.232600212097168,16.956300735473633,32.47119903564453,18.980899810791016,11.003299713134766,10.940699577331543,6.992499828338623,4.0650482177734375,23.65130043029785,368.17999267578125,164.66200256347656,0.856689989566803,192.20199584960938,99.38400268554688,112.06900024414062,169.4669952392578,1.6568299531936646,1.4693200588226318,2382.300048828125,28.32900047302246,945.2999877929688,4.440499782562256,82.7300033569336,87.11000061035156,1.7569999694824219,426.75,1134.25,536.75,239.85000610351562,19.59000015258789,11311.0,78.0999984741211,181.1750030517578,94.7249984741211,1037.5999755859375,2.71370005607605,2.533900022506714,18.0,106.1500015258789,4.646999835968018,5.243000030517578,5011.1201171875,37775.37890625,15601.5,7877.10009765625,38079.69921875
2024-04-19,1.0644185543060303,1.2437657117843628,154.61000061035156,0.6424699425697327,1.3769299983978271,0.9121000170707703,0.5903501510620117,83.54499816894531,7.236700057983398,1.3619999885559082,7.831500053405762,1379.4000244140625,5.241700172424316,17.074960708618164,32.56330108642578,19.137449264526367,11.05303955078125,10.970979690551758,7.009109973907471,4.074551105499268,23.738000869750977,370.2749938964844,164.5590057373047,0.8558200001716614,192.27099609375,99.3239974975586,112.26000213623047,169.43600463867188,1.6566400527954102,1.4655400514602661,2398.39990234375,28.808000564575195,934.0999755859375,4.501999855041504,83.13999938964844,87.29000091552734,1.7519999742507935,433.5,1150.5,550.25,241.39999389648438,19.729999542236328,11878.0,78.69000244140625,181.47500610351562,96.2249984741211,1025.5,2.7102999687194824,2.541300058364868,18.709999084472656,106.1500015258789,4.614999771118164,5.244999885559082,4967.22998046875,37986.3984375,15282.009765625,7895.89990234375,37068.3515625
2024-04-22,1.065825343132019,1.2375777959823608,154.63999938964844,0.6425991654396057,1.373900055885315,0.9109830260276794,0.5900297164916992,83.38529968261719,7.2393999099731445,1.361299991607666,7.831709861755371,1373.9300537109375,5.206200122833252,17.091999053955078,32.60334014892578,19.121599197387695,11.012999534606934,10.922800064086914,6.999300003051758,4.038844108581543,23.68709945678711,369.9599914550781,164.80999755859375,0.8611999750137329,191.36500549316406,99.36399841308594,112.5479965209961,169.72799682617188,1.6582000255584717,1.4643000364303589,2332.199951171875,27.21299934387207,922.2000122070312,4.500500202178955,82.8499984741211,87.0,1.7910000085830688,439.75,1161.0,570.25,231.64999389648438,19.799999237060547,11166.0,80.04000091552734,183.8249969482422,96.69999694824219,1014.7000122070312,2.6854000091552734,2.5604000091552734,16.940000534057617,106.08000183105469,4.623000144958496,5.244999885559082,5010.60009765625,38239.98046875,15451.3095703125,8023.89990234375,37438.609375
2024-04-23,1.065405249595642,1.2350252866744995,154.81300354003906,0.6452862024307251,1.3700499534606934,0.9118899703025818,0.5921199917793274,83.38619995117188,7.242499828338623,1.3619600534439087,7.83558988571167,1378.8399658203125,5.1656999588012695,17.136980056762695,32.56460189819336,19.18004035949707,10.979880332946777,10.881389617919922,7.002600193023682,4.048099994659424,23.69969940185547,369.739990234375,164.9250030517578,0.8626000285148621,191.18299865722656,99.84600067138672,112.99199676513672,169.7480010986328,1.6511000394821167,1.4595500230789185,2327.699951171875,27.33099937438965,913.7000122070312,4.490499973297119,83.36000061035156,88.41999816894531,1.812000036239624,443.0,1167.5,585.0,224.5,19.90999984741211,10584.0,80.22000122070312,183.35000610351562,98.57499694824219,1025.9000244140625,2.7253000736236572,2.579200029373169,15.6899995803833,105.69000244140625,4.5980000495910645,5.244999885559082,5070.5498046875,38503.69140625,15696.6396484375,8044.7998046875,37552.16015625
2024-04-24,1.0704345703125,1.2453300952911377,154.74400329589844,0.6488901376724243,1.3660600185394287,0.9114000201225281,0.5936902165412903,83.2833023071289,7.244500160217285,1.3603999614715576,7.834199905395508,1370.47998046875,5.130499839782715,16.949199676513672,32.510520935058594,19.093299865722656,10.90386962890625,10.807379722595215,6.968900203704834,4.022799968719482,23.545299530029297,367.0799865722656,165.61300659179688,0.8594200015068054,192.69500732421875,100.40399932861328,113.26599884033203,169.71798706054688,1.6493300199508667,1.4615999460220337,2324.5,27.323999404907227,910.0,4.4670000076293945,82.80999755859375,88.0199966430664,1.652999997138977,437.75,1166.0,594.5,228.4499969482422,20.0,11043.0,79.51000213623047,182.10000610351562,97.3499984741211,1007.4000244140625,2.734299898147583,2.5499000549316406,15.970000267028809,105.86000061035156,4.6519999504089355,5.255000114440918,5071.6298828125,38460.921875,15712.75,8040.39990234375,38460.078125
2024-04-25,1.0699878931045532,1.2459505796432495,155.25900268554688,0.6496999263763428,1.370419979095459,0.9144399762153625,0.593591570854187,83.3405990600586,7.244200229644775,1.361199975013733,7.830699920654297,1376.969970703125,5.145500183105469,17.070100784301758,32.56671905517578,19.21780014038086,10.99020004272461,10.879579544067383,6.970290184020996,4.047872066497803,23.575899124145508,367.9700012207031,166.11599731445312,0.858709990978241,193.43699645996094,100.86900329589844,113.2969970703125,169.76400756835938,1.6468199491500854,1.4662400484085083,2329.800048828125,27.341999053955078,913.7000122070312,4.570499897003174,83.56999969482422,89.01000213623047,1.6380000114440918,441.0,1162.75,602.25,231.9499969482422,19.479999542236328,10988.0,79.58000183105469,183.9499969482422,95.2750015258789,981.0999755859375,2.75819993019104,2.5504000186920166,15.369999885559082,105.5999984741211,4.705999851226807,5.244999885559082,5048.419921875,38085.80078125,15611.759765625,8078.89990234375,37628.48046875
2024-04-26,1.072961449623108,1.2509069442749023,155.5970001220703,0.6523199677467346,1.3658000230789185,0.9125199913978577,0.5958410501480103,83.30180358886719,7.23859977722168,1.3590999841690063,7.827700138092041,1371.699951171875,5.158599853515625,17.201810836791992,32.535301208496094,19.01930046081543,10.955780029296875,10.88129997253418,6.95074987411499,4.019400119781494,23.42300033569336,366.2200012207031,166.9080047607422,0.8575999736785889,194.61700439453125,101.49500274658203,113.9209976196289,170.48699951171875,1.6444900035858154,1.465190052986145,2334.800048828125,27.240999221801758,914.2999877929688,4.568999767303467,83.8499984741211,89.5,1.6139999628067017,440.0,1159.5,603.25,230.60000610351562,19.399999618530273,10729.0,79.4000015258789,184.6750030517578,94.2750015258789,957.4000244140625,2.7646000385284424,2.5481998920440674,15.029999732971191,105.94000244140625,4.669000148773193,5.23799991607666,5099.9599609375,38239.66015625,15927.900390625,8139.7998046875,37934.76171875
2024-04-29,1.0706866979599,1.2510477304458618,158.2239990234375,0.6541398763656616,1.36558997631073,0.9136880040168762,0.5947707891464233,83.40229797363281,7.24459981918335,1.361430048942566,7.828869819641113,1377.0899658203125,5.115499973297119,17.16404914855957,32.53120040893555,18.797500610351562,11.015390396118164,10.923859596252441,6.9657697677612305,4.033904075622559,23.497800827026367,366.406005859375,169.39999389648438,0.85589998960495,197.91099548339844,103.48999786376953,115.85399627685547,173.14700317382812,1.63673996925354,1.4620800018310547,2345.39990234375,27.37299919128418,954.0999755859375,4.658999919891357,82.62999725341797,88.4000015258789,2.0299999713897705,439.25,1160.75,590.25,233.5500030517578,20.200000762939453,9983.0,80.0199966430664,185.39999389648438,94.0250015258789,976.7000122070312,2.748699903488159,2.5313000679016113,14.670000076293945,105.58000183105469,4.613999843597412,5.243000030517578,5116.169921875,38386.08984375,15983.080078125,8147.0,37934.76171875
2024-04-30,1.0715701580047607,1.2559815645217896,156.31399536132812,0.6561899185180664,1.36667001247406,0.9107199907302856,0.5971611142158508,83.45110321044922,7.23769998550415,1.3600599765777588,7.825500011444092,1374.6400146484375,5.117000102996826,17.011560440063477,32.36991882324219,18.63031005859375,10.987279891967773,10.928460121154785,6.958920001983643,4.025187969207764,23.45199966430664,365.0669860839844,167.39599609375,0.8531399965286255,196.3179931640625,102.55000305175781,114.36900329589844,171.46829223632812,1.632949948310852,1.4643900394439697,2291.39990234375,26.391000747680664,941.2000122070312,4.564499855041504,81.93000030517578,87.86000061035156,1.9910000562667847,439.5,1145.5,585.0,220.64999389648438,19.709999084472656,10133.0,77.91999816894531,185.0,94.1500015258789,951.9000244140625,2.7107999324798584,2.513400077819824,15.649999618530273,106.22000122070312,4.685999870300293,5.244999885559082,5035.68994140625,37815.921875,15657.8203125,8144.10009765625,38405.66015625
2024-05-01,1.0666552782058716,1.2490164041519165,157.7220001220703,0.6478001475334167,1.3776999711990356,0.9194899797439575,0.5879517197608948,83.49839782714844,7.240699768066406,1.3652100563049316,7.823599815368652,1385.4599609375,5.193900108337402,17.149919509887695,32.40330123901367,18.778099060058594,11.11497974395752,11.01688003540039,6.992199897766113,4.059589862823486,23.555999755859375,366.25,168.21499633789062,0.8539699912071228,196.98199462890625,102.13700103759766,114.48799896240234,171.56300354003906,1.646880030632019,1.469480037689209,2299.89990234375,26.48900032043457,949.0,4.552499771118164,79.0,83.44000244140625,1.9320000410079956,443.25,1155.75,581.5,219.0500030517578,19.219999313354492,9183.0,75.80999755859375,173.85000610351562,93.0250015258789,947.7000122070312,2.577399969100952,2.451900005340576,15.390000343322754,105.76000213623047,4.59499979019165,5.25,5018.39013671875,37903.2890625,15605.48046875,8121.2001953125,38274.05078125
2024-05-02,1.0721560716629028,1.2539342641830444,155.70399475097656,0.653190016746521,1.3723000288009644,0.9163600206375122,0.5930107831954956,83.40640258789062,7.2399001121521,1.359969973564148,7.821770191192627,1375.0,5.194399833679199,16.928600311279297,32.27299880981445,18.543699264526367,11.017459869384766,10.910090446472168,6.958099842071533,4.033400058746338,23.412399291992188,364.04901123046875,166.8800048828125,0.8547400236129761,195.2030029296875,101.69999694824219,113.45700073242188,169.95652770996094,1.6407999992370605,1.470710039138794,2299.199951171875,26.58300018310547,956.7000122070312,4.49399995803833,78.94999694824219,83.66999816894531,2.0350000858306885,452.0,1190.0,586.5,208.64999389648438,19.25,8483.0,74.91999816894531,176.8000030517578,93.07499694824219,938.2000122070312,2.5964999198913574,2.4430999755859375,14.680000305175781,105.30000305175781,4.571000099182129,5.23799991607666,5064.2001953125,38225.66015625,15840.9599609375,8172.2001953125,38236.0703125
2024-05-03,1.073306918144226,1.2540600299835205,153.0449981689453,0.6571398973464966,1.3666199445724487,0.9097700119018555,0.5963882803916931,83.40630340576172,7.238399982452393,1.3537299633026123,7.81387996673584,1364.6400146484375,5.110300064086914,16.961700439453125,32.40330123901367,18.54047966003418,10.974140167236328,10.8543701171875,6.950300216674805,4.033458232879639,23.227699279785156,362.68499755859375,164.21600341796875,0.8555099964141846,191.91299438476562,100.56800079345703,111.98500061035156,168.20899963378906,1.6328400373458862,1.4662799835205078,2299.0,26.44499969482422,959.5999755859375,4.573500156402588,78.11000061035156,82.95999908447266,2.1419999599456787,447.0,1201.75,606.0,205.89999389648438,19.280000686645508,8505.0,77.36000061035156,176.6750030517578,92.42500305175781,947.5,2.5550999641418457,2.4433999061584473,13.489999771118164,105.02999877929688,4.5,5.235000133514404,5127.7900390625,38675.6796875,16156.330078125,8213.5,38236.0703125
2024-05-06,1.0758124589920044,1.2541072368621826,153.5659942626953,0.6609079837799072,1.3691500425338745,0.9059399962425232,0.6007593870162964,83.37999725341797,7.236199855804443,1.3508700132369995,7.809969902038574,1355.050048828125,5.070899963378906,16.980260848999023,32.302398681640625,18.533300399780273,10.862799644470215,10.819060325622559,6.932459831237793,4.013181209564209,23.26259994506836,361.739990234375,165.2010040283203,0.8578000068664551,192.5760040283203,101.48600006103516,112.15299987792969,169.44000244140625,1.627709984779358,1.472890019416809,2321.60009765625,27.368999481201172,959.2999877929688,4.634500026702881,78.4800033569336,83.33000183105469,2.194999933242798,457.0,1234.75,632.25,200.6999969482422,19.479999542236328,8571.0,76.55999755859375,176.97500610351562,92.17500305175781,982.2999877929688,2.588200092315674,2.461400032043457,13.489999771118164,105.05000305175781,4.488999843597412,5.239999771118164,5180.740234375,38852.26953125,16349.25,8213.5,38236.0703125
2024-05-07,1.0767507553100586,1.2559815645217896,154.23699951171875,0.6623920202255249,1.3670899868011475,0.9067000150680542,0.6009507179260254,83.4728012084961,7.208000183105469,1.3516600131988525,7.818260192871094,1352.1700439453125,5.074900150299072,16.88334083557129,32.28260040283203,18.472700119018555,10.8300199508667,10.808429718017578,6.926499843597412,3.9979898929595947,23.20210075378418,360.7099914550781,166.0780029296875,0.8572700023651123,193.7169952392578,102.15799713134766,112.81800079345703,170.08099365234375,1.625480055809021,1.4718999862670898,2315.199951171875,27.30299949645996,981.4000244140625,4.625500202178955,78.37999725341797,83.16000366210938,2.2070000171661377,453.75,1232.25,624.75,199.0,19.950000762939453,9593.0,77.0,177.625,92.5250015258789,978.7999877929688,2.5434000492095947,2.46560001373291,13.229999542236328,105.41000366210938,4.4629998207092285,5.243000030517578,5187.7001953125,38884.26171875,16332.5595703125,8313.7001953125,38835.1015625
2024-05-08,1.0750491619110107,1.25014066696167,154.7480010986328,0.6589199900627136,1.3733199834823608,0.9084799885749817,0.5997199416160583,83.46990203857422,7.218400001525879,1.3544000387191772,7.820610046386719,1357.72998046875,5.073299884796143,16.90406036376953,32.25619888305664,18.49570083618164,10.919300079345703,10.864800453186035,6.937170028686523,4.010129928588867,23.264400482177734,361.7439880371094,166.35699462890625,0.8599200248718262,193.44700622558594,101.96299743652344,112.67500305175781,170.3038330078125,1.63100004196167,1.4758000373840332,2313.60009765625,27.361000061035156,978.5999755859375,4.561999797821045,78.98999786376953,83.58000183105469,2.187000036239624,445.5,1212.75,616.0,200.25,19.600000381469727,9617.0,80.05999755859375,176.47500610351562,92.5250015258789,955.4000244140625,2.5318000316619873,2.476099967956543,13.0,105.55000305175781,4.492000102996826,5.244999885559082,5187.669921875,39056.390625,16302.759765625,8354.099609375,38202.37109375
2024-05-09,1.0746910572052002,1.2493284940719604,155.41900634765625,0.657680094242096,1.3727200031280518,0.9079899787902832,0.6004202961921692,83.46430206298828,7.223800182342529,1.3554799556732178,7.8165998458862305,1361.93994140625,5.087900161743164,16.9160099029541,32.3484992980957,18.56555938720703,10.901729583740234,10.908539772033691,6.9407501220703125,4.00056791305542,23.246700286865234,361.3999938964844,166.99899291992188,0.8601599931716919,194.15899658203125,102.21199798583984,113.21099853515625,171.14442443847656,1.6339800357818604,1.4751800298690796,2332.10009765625,28.131999969482422,984.7000122070312,4.607500076293945,79.26000213623047,83.87999725341797,2.3010001182556152,442.75,1192.75,619.75,203.6999969482422,19.579999923706055,9678.0,78.5999984741211,175.9499969482422,91.9749984741211,970.4000244140625,2.541800022125244,2.47760009765625,12.6899995803833,105.2300033569336,4.448999881744385,5.239999771118164,5214.080078125,39387.76171875,16346.259765625,8381.400390625,38073.98046875
2024-05-10,1.078515887260437,1.2525677680969238,155.38900756835938,0.6620998978614807,1.3677799701690674,0.9058499932289124,0.6036205291748047,83.45939636230469,7.218699932098389,1.3517999649047852,7.8140997886657715,1365.4000244140625,5.1407999992370605,16.779499053955078,32.28310012817383,18.451549530029297,10.834759712219238,10.840579986572266,6.918399810791016,3.971451997756958,23.095800399780273,359.6440124511719,167.53399658203125,0.8607800006866455,194.6230010986328,102.83300018310547,113.60399627685547,171.52099609375,1.6290899515151978,1.4746500253677368,2367.300048828125,28.274999618530273,1001.0999755859375,4.69350004196167,78.26000213623047,82.79000091552734,2.252000093460083,455.75,1205.0,645.75,204.39999389648438,19.299999237060547,9874.0,77.30999755859375,176.14999389648438,91.7249984741211,980.7999877929688,2.4997000694274902,2.4344000816345215,12.550000190734863,105.30999755859375,4.504000186920166,5.243000030517578,5222.68017578125,39512.83984375,16340.8701171875,8433.7998046875,38229.109375
2024-05-13,1.077040672302246,1.2522854804992676,155.8179931640625,0.6601008772850037,1.3676999807357788,0.9064499735832214,0.6018512845039368,83.5248031616211,7.225800037384033,1.354200005531311,7.815000057220459,1370.1099853515625,5.123260021209717,16.767200469970703,32.18122863769531,18.41230010986328,10.84945011138916,10.845080375671387,6.926000118255615,3.9922940731048584,23.128000259399414,360.0169982910156,167.81700134277344,0.8600299954414368,195.11900329589844,102.84400177001953,113.91899871826172,171.88099670410156,1.6315900087356567,1.4730199575424194,2336.10009765625,28.22100067138672,1005.2999877929688,4.804500102996826,79.12000274658203,83.36000061035156,2.38100004196167,458.5,1205.5,670.25,200.39999389648438,18.6299991607666,8149.0,77.62999725341797,175.5749969482422,91.44999694824219,964.9000244140625,2.510499954223633,2.436800003051758,13.600000381469727,105.22000122070312,4.480999946594238,5.239999771118164,5221.419921875,39431.51171875,16388.240234375,8415.0,38179.4609375
2024-05-14,1.079354166984558,1.2561867237091064,156.23300170898438,0.6612882018089294,1.366569995880127,0.9078999757766724,0.6023406982421875,83.50550079345703,7.2322998046875,1.3524999618530273,7.812399864196777,1363.7900390625,5.154200077056885,16.783199310302734,32.25170135498047,18.341760635375977,10.808500289916992,10.835559844970703,6.911499977111816,3.9686319828033447,22.96299934387207,358.3500061035156,168.58999633789062,0.8592000007629395,196.24000549316406,103.2750015258789,114.29000091552734,172.05799865722656,1.6325600147247314,1.4749499559402466,2353.39990234375,28.485000610351562,1039.300048828125,4.953499794006348,78.0199966430664,82.37999725341797,2.3440001010894775,453.75,1199.0,657.0,202.85000610351562,18.8700008392334,8751.0,74.62999725341797,178.1750030517578,91.82499694824219,981.5,2.4595999717712402,2.4200000762939453,13.420000076293945,105.01000213623047,4.445000171661377,5.235000133514404,5246.68017578125,39558.109375,16511.1796875,8428.099609375,38356.05859375
2024-05-15,1.0814552307128906,1.2585265636444092,156.4980010986328,0.6626027226448059,1.365280032157898,0.9067000150680542,0.6043282151222229,83.52420043945312,7.2322998046875,1.352020025253296,7.811600208282471,1362.550048828125,5.127799987792969,16.844160079956055,32.28120040893555,18.379100799560547,10.800169944763184,10.794949531555176,6.898519992828369,3.9450271129608154,22.916099548339844,356.5880126953125,169.24099731445312,0.859279990196228,196.94700622558594,103.66300201416016,114.61900329589844,172.57122802734375,1.6325000524520874,1.476449966430664,2388.699951171875,29.513999938964844,1063.300048828125,4.9695000648498535,78.62999725341797,82.75,2.4159998893737793,462.5,1213.5,665.75,201.25,18.649999618530273,9066.0,75.41000366210938,178.25,97.5,1014.0999755859375,2.496799945831299,2.423099994659424,12.449999809265137,104.3499984741211,4.355999946594238,5.239999771118164,5308.14990234375,39908.0,16742.390625,8445.7998046875,38385.73046875
2024-05-16,1.0889805555343628,1.2690032720565796,154.28199768066406,0.6701065301895142,1.3596999645233154,0.9005299806594849,0.6130606532096863,83.40509796142578,7.217700004577637,1.343559980392456,7.807549953460693,1353.5999755859375,5.133600234985352,16.681060791015625,32.160499572753906,18.249399185180664,10.648280143737793,10.64719009399414,6.851190090179443,3.913029909133911,22.68910026550293,354.05999755859375,168.0019989013672,0.857990026473999,195.76699829101562,103.37100219726562,113.45999908447266,171.281005859375,1.6251599788665771,1.480430006980896,2380.0,29.665000915527344,1065.4000244140625,4.892000198364258,79.2300033569336,83.2699966430664,2.494999885559082,457.0,1216.25,663.25,199.5500030517578,18.329999923706055,7393.0,76.23999786376953,179.02499389648438,98.375,997.5,2.5378000736236572,2.443700075149536,12.420000076293945,104.45999908447266,4.376999855041504,5.243000030517578,5297.10009765625,39869.37890625,16698.3203125,8438.7001953125,38920.26171875
2024-05-17,1.0867793560028076,1.2672007083892822,155.37899780273438,0.6683151721954346,1.3614599704742432,0.9059900045394897,0.6124201416969299,83.47010040283203,7.2170000076293945,1.3458000421524048,7.801270008087158,1346.0400390625,5.128600120544434,16.678159713745117,32.262901306152344,18.16309928894043,10.688559532165527,10.704150199890137,6.864729881286621,3.9182889461517334,22.707799911499023,355.8699951171875,168.85400390625,0.8576099872589111,196.88400268554688,103.80999755859375,114.0999984741211,171.4459991455078,1.6264699697494507,1.4795900583267212,2412.199951171875,31.047000885009766,1084.5999755859375,5.057000160217285,80.05999755859375,83.9800033569336,2.625999927520752,452.5,1228.0,651.25,208.14999389648438,18.1299991607666,7348.0,75.88999938964844,181.0500030517578,96.5,1009.9000244140625,2.574199914932251,2.486299991607666,11.989999771118164,104.44999694824219,4.420000076293945,5.239999771118164,5303.27001953125,40003.58984375,16685.970703125,8420.2998046875,38787.37890625
2024-05-20,1.0875475406646729,1.2706480026245117,155.75399780273438,0.6700705885887146,1.3607900142669678,0.9086999893188477,0.6136701107025146,83.30039978027344,7.222700119018555,1.34483003616333,7.802249908447266,1353.3900146484375,5.1020002365112305,16.586299896240234,32.232601165771484,18.152099609375,10.6670503616333,10.700010299682617,6.861800193786621,3.914900064468384,22.68560028076172,355.7070007324219,169.34500122070312,0.8556699752807617,197.89999389648438,104.35900115966797,114.44999694824219,171.35269165039062,1.6225999593734741,1.4795299768447876,2433.89990234375,32.20500183105469,1059.699951171875,5.087500095367432,79.80000305175781,83.70999908447266,2.750999927520752,460.5,1248.0,688.75,209.3000030517578,18.68000030517578,7216.0,76.02999877929688,181.47500610351562,96.92500305175781,1030.699951171875,2.539900064468384,2.4870998859405518,12.149999618530273,104.56999969482422,4.436999797821045,5.239999771118164,5308.1298828125,39806.76953125,16794.869140625,8424.2001953125,39069.6796875
2024-05-21,1.086082935333252,1.2710840702056885,156.3699951171875,0.6672093272209167,1.3621000051498413,0.9101200103759766,0.6108101606369019,83.31500244140625,7.2316999435424805,1.3473399877548218,7.798699855804443,1360.1600341796875,5.103099822998047,16.552570343017578,32.212100982666016,18.150100708007812,10.692500114440918,10.678139686584473,6.869219779968262,3.912580966949463,22.750499725341797,355.27398681640625,169.82200622558594,0.8544399738311768,198.74600219726562,104.3239974975586,114.77400207519531,171.7989959716797,1.6276999711990356,1.4795000553131104,2421.699951171875,31.868000030517578,1056.699951171875,5.11899995803833,79.26000213623047,82.87999725341797,2.6710000038146973,458.0,1236.25,697.5,217.1999969482422,18.559999465942383,7394.0,76.37999725341797,182.97500610351562,96.4000015258789,1029.4000244140625,2.509999990463257,2.4623000621795654,11.859999656677246,104.66000366210938,4.414000034332275,5.239999771118164,5321.41015625,39872.98828125,16832.619140625,8416.5,38946.9296875
2024-05-22,1.0855170488357544,1.2711325883865356,156.25100708007812,0.6667097806930542,1.3640300035476685,0.9111599922180176,0.6093807816505432,83.31680297851562,7.237599849700928,1.3472199440002441,7.804520130157471,1363.4200439453125,5.1219000816345215,16.606599807739258,32.19089889526367,18.050399780273438,10.663800239562988,10.687199592590332,6.8730998039245605,3.915853977203369,22.768999099731445,354.9389953613281,169.60699462890625,0.8539400100708008,198.60499572753906,104.16600036621094,114.54299926757812,171.46214294433594,1.6281399726867676,1.48062002658844,2389.199951171875,31.295000076293945,1044.0999755859375,4.867499828338623,77.56999969482422,81.9000015258789,2.8420000076293945,461.25,1246.25,693.0,220.4499969482422,18.229999542236328,7536.0,79.37999725341797,184.1750030517578,95.4000015258789,1002.9000244140625,2.4677999019622803,2.43179988861084,12.289999961853027,104.94000244140625,4.434000015258789,5.244999885559082,5307.009765625,39671.0390625,16801.5390625,8370.2998046875,38617.1015625
2024-05-23,1.0825204849243164,1.2721028327941895,156.70399475097656,0.6619185209274292,1.368899941444397,0.9150000214576721,0.6100090146064758,83.26709747314453,7.240300178527832,1.3499000072479248,7.8038201332092285,1365.81005859375,5.151100158691406,16.661630630493164,32.15095138549805,18.276899337768555,10.704489707946777,10.734000205993652,6.892899990081787,3.93782901763916,22.808000564575195,357.3269958496094,169.6320037841797,0.8509600162506104,199.33900451660156,103.72200012207031,114.46700286865234,171.21200561523438,1.635390043258667,1.4818799495697021,2335.0,30.284000396728516,1025.699951171875,4.816500186920166,76.87000274658203,81.36000061035156,2.6570000648498535,464.0,1239.25,698.0,215.64999389648438,18.260000228881836,8109.0,81.72000122070312,183.52499389648438,94.5250015258789,973.2999877929688,2.469399929046631,2.411799907684326,12.770000457763672,105.11000061035156,4.474999904632568,5.244999885559082,5267.83984375,39065.26171875,16736.029296875,8339.2001953125,39103.21875
2024-05-24,1.0812681913375854,1.2694060802459717,156.97300720214844,0.6601487994194031,1.3732099533081055,0.914330005645752,0.609730064868927,83.2863998413086,7.241499900817871,1.3517800569534302,7.808509826660156,1367.6199951171875,5.143099784851074,16.730369567871094,32.22200012207031,18.46339988708496,10.667900085449219,10.73427963256836,6.900199890136719,3.940700054168701,22.84630012512207,357.1199951171875,169.71400451660156,0.8517199754714966,199.22300720214844,103.61699676513672,114.30000305175781,171.65499877929688,1.637910008430481,1.4847999811172485,2332.5,30.329999923706055,1034.800048828125,4.778500080108643,77.72000122070312,82.12000274658203,2.5199999809265137,464.75,1248.0,697.25,218.25,18.40999984741211,8294.0,80.5199966430664,183.6999969482422,94.2750015258789,969.0999755859375,2.4842000007629395,2.413599967956543,11.930000305175781,104.72000122070312,4.4670000076293945,5.244999885559082,5304.72021484375,39069.58984375,16920.7890625,8317.599609375,38646.109375
2024-05-27,1.0847634077072144,1.2736095190048218,156.8699951171875,0.6624007821083069,1.3666000366210938,0.9143999814987183,0.6121711730957031,83.05220031738281,7.241499900817871,1.3495999574661255,7.81220006942749,1365.7099609375,5.1697998046875,16.673799514770508,32.220001220703125,18.414939880371094,10.588899612426758,10.660099983215332,6.877150058746338,3.9211299419403076,22.68470001220703,354.3599853515625,170.16099548339844,0.8517000079154968,199.781005859375,103.90299987792969,114.75900268554688,171.5380859375,1.6375700235366821,1.4826699495315552,2332.5,30.329999923706055,1034.800048828125,4.778500080108643,77.72000122070312,82.12000274658203,2.5199999809265137,464.75,1248.0,697.25,218.25,18.40999984741211,8294.0,80.5199966430664,183.6999969482422,94.2750015258789,969.0999755859375,2.4842000007629395,2.413599967956543,11.930000305175781,104.72000122070312,4.4670000076293945,5.244999885559082,5304.72021484375,39069.58984375,16920.7890625,8317.599609375,38900.01953125
2024-05-28,1.0861891508102417,1.2772371768951416,156.84500122070312,0.6655617952346802,1.3628900051116943,0.9132000207901001,0.6152294278144836,83.14569854736328,7.241499900817871,1.3485699892044067,7.806819915771484,1360.9300537109375,5.1717000007629395,16.6623592376709,32.108001708984375,18.301300048828125,10.476900100708008,10.604920387268066,6.8689398765563965,3.9214088916778564,22.711999893188477,353.88800048828125,170.3470001220703,0.8502900004386902,200.3090057373047,104.38099670410156,115.0739974975586,171.7259979248047,1.6319400072097778,1.4802800416946411,2355.199951171875,31.97100067138672,1061.699951171875,4.875500202178955,79.83000183105469,84.22000122070312,2.5899999141693115,462.5,1229.5,700.25,230.9499969482422,18.729999542236328,8780.0,82.43000030517578,184.5500030517578,93.80000305175781,976.7000122070312,2.509000062942505,2.4649999141693115,12.920000076293945,104.61000061035156,4.541999816894531,5.248000144958496,5306.0400390625,38852.859375,17019.880859375,8254.2001953125,38855.37109375
2024-05-29,1.0851871967315674,1.275835633277893,157.26199340820312,0.6647999286651611,1.3645999431610107,0.9122899770736694,0.6140695810317993,83.20649719238281,7.244999885559082,1.3483999967575073,7.811110019683838,1362.760009765625,5.161300182342529,16.781400680541992,32.24089813232422,18.271739959716797,10.514519691467285,10.577300071716309,6.874599933624268,3.9175000190734863,22.703399658203125,354.1000061035156,170.6540069580078,0.8505399823188782,200.63099670410156,104.53900146484375,115.20999908447266,172.34800720214844,1.6323299407958984,1.4809199571609497,2340.300048828125,32.202999114990234,1042.699951171875,4.805500030517578,79.2300033569336,83.5999984741211,2.493000030517578,455.25,1214.0,692.75,229.4499969482422,18.350000381469727,9309.0,81.0999984741211,183.35000610351562,93.7750015258789,963.0999755859375,2.464400053024292,2.437000036239624,14.279999732971191,105.0999984741211,4.624000072479248,5.25,5266.9501953125,38441.5390625,16920.580078125,8183.10009765625,38556.87109375
2024-05-30,1.0801819562911987,1.2697993516921997,157.60800170898438,0.6613699793815613,1.3717000484466553,0.9128000140190125,0.6113590598106384,83.3656005859375,7.2494001388549805,1.3520100116729736,7.813570022583008,1370.550048828125,5.202099800109863,17.017580032348633,32.260101318359375,18.421499252319336,10.58584976196289,10.669139862060547,6.906169891357422,3.961289882659912,22.879899978637695,358.8399963378906,170.21600341796875,0.8506500124931335,200.11900329589844,104.2249984741211,114.88999938964844,172.5749969482422,1.6332000494003296,1.481660008430481,2342.89990234375,31.38800048828125,1032.9000244140625,4.671999931335449,77.91000366210938,81.86000061035156,2.572000026702881,448.75,1209.75,681.0,233.0,18.190000534057617,9257.0,77.76000213623047,182.5500030517578,93.9749984741211,944.2999877929688,2.404599905014038,2.3694000244140625,14.470000267028809,104.72000122070312,4.553999900817871,5.248000144958496,5235.47998046875,38111.48046875,16737.080078125,8231.099609375,38054.12890625
2024-05-31,1.0835410356521606,1.27304208278656,156.9530029296875,0.6630301475524902,1.3683300018310547,0.9033100008964539,0.6116507053375244,83.3208999633789,7.233500003814697,1.3496999740600586,7.817200183868408,1375.6199951171875,5.202099800109863,17.00581932067871,32.24380111694336,18.706300735473633,10.551300048828125,10.587039947509766,6.885900020599365,3.9500250816345215,22.806900024414062,359.3349914550781,169.99600219726562,0.8508800268173218,199.78599548339844,104.05699920654297,114.69599914550781,173.7239990234375,1.6336300373077393,1.4820899963378906,2322.89990234375,30.297000885009766,1037.699951171875,4.610000133514404,76.98999786376953,81.62000274658203,2.5869998931884766,446.25,1205.0,678.5,222.35000610351562,18.299999237060547,9331.0,76.1500015258789,181.5500030517578,94.3499984741211,899.2000122070312,2.4260001182556152,2.363600015640259,12.920000076293945,104.66999816894531,4.513999938964844,5.244999885559082,5277.509765625,38686.3203125,16735.01953125,8275.400390625,38487.8984375
2024-06-03,1.0853049755096436,1.2743724584579468,157.17999267578125,0.6656903028488159,1.3618899583816528,0.9013199806213379,0.6148586869239807,83.45079803466797,7.241000175476074,1.3506100177764893,7.819699764251709,1382.0999755859375,5.2444000244140625,16.97260093688965,32.235801696777344,18.76715087890625,10.492500305175781,10.523200035095215,6.872300148010254,3.9353339672088623,22.717199325561523,358.88800048828125,170.5800018310547,0.8515300154685974,200.31100463867188,104.60900115966797,115.40399932861328,174.3690643310547,1.630519986152649,1.4780000448226929,2346.60009765625,30.641000747680664,1018.5,4.677000045776367,74.22000122070312,78.36000061035156,2.75600004196167,443.5,1184.5,672.75,226.5500030517578,18.780000686645508,9775.0,73.1500015258789,182.02499389648438,93.6500015258789,913.0,2.335599899291992,2.2962000370025635,13.109999656677246,104.13999938964844,4.4019999504089355,5.243000030517578,5283.39990234375,38571.03125,16828.669921875,8262.7998046875,38923.03125
2024-06-04,1.0907385349273682,1.2810165882110596,156.0760040283203,0.669008195400238,1.3628699779510498,0.8950200080871582,0.6193599700927734,83.09339904785156,7.242000102996826,1.3450000286102295,7.819900035858154,1370.7900390625,5.249000072479248,17.700429916381836,32.1786003112793,18.51609992980957,10.446999549865723,10.405960083007812,6.837600231170654,3.9138998985290527,22.599199295043945,357.7619934082031,170.22799682617188,0.8514000177383423,199.9199981689453,104.40899658203125,114.5,174.35800170898438,1.6303000450134277,1.48649001121521,2325.5,29.488000869750977,991.5999755859375,4.547999858856201,73.25,77.5199966430664,2.5859999656677246,442.5,1179.0,658.25,233.89999389648438,18.860000610351562,9557.0,73.4800033569336,182.1750030517578,92.69999694824219,910.2999877929688,2.3494999408721924,2.285900115966797,13.15999984741211,104.11000061035156,4.335999965667725,5.239999771118164,5291.33984375,38711.2890625,16857.05078125,8232.0,38837.4609375
2024-06-05,1.0881866216659546,1.2773023843765259,155.12399291992188,0.6646201014518738,1.3676199913024902,0.8899499773979187,0.6174706816673279,83.62940216064453,7.242000102996826,1.3466500043869019,7.813899993896484,1373.719970703125,5.287700176239014,17.81191062927246,32.6338005065918,18.711809158325195,10.550939559936523,10.419839859008789,6.854430198669434,3.9571011066436768,22.68829917907715,361.1499938964844,168.79600524902344,0.8519499897956848,198.1199951171875,103.08999633789062,113.41999816894531,174.2693328857422,1.6372499465942383,1.4881700277328491,2354.10009765625,29.947999954223633,996.0,4.619500160217285,74.06999969482422,78.41000366210938,2.756999969482422,439.25,1177.25,646.75,231.9499969482422,19.1299991607666,9408.0,74.44000244140625,181.77499389648438,92.0999984741211,924.5,2.353600025177002,2.301100015640259,12.630000114440918,104.2699966430664,4.289000034332275,5.239999771118164,5354.02978515625,38807.328125,17187.900390625,8247.0,38490.171875
2024-06-06,1.087453007698059,1.2794759273529053,155.9290008544922,0.6657789945602417,1.36899995803833,0.8924999833106995,0.6196286082267761,83.38079833984375,7.246699810028076,1.3478399515151978,7.809999942779541,1368.739990234375,5.3003997802734375,17.50349998474121,32.27439880371094,18.934490203857422,10.567279815673828,10.38539981842041,6.8592000007629395,3.942193031311035,22.617799758911133,359.02801513671875,169.55599975585938,0.8498899936676025,199.48500061035156,103.73999786376953,113.9020004272461,174.6775665283203,1.633970022201538,1.4885499477386475,2370.300048828125,31.246999740600586,1008.2999877929688,4.690999984741211,75.55000305175781,79.87000274658203,2.821000099182129,452.0,1200.0,639.5,234.1999969482422,19.219999313354492,9872.0,75.44000244140625,181.8249969482422,92.1500015258789,923.7999877929688,2.3975000381469727,2.357599973678589,12.579999923706055,104.0999984741211,4.281000137329102,5.232999801635742,5352.9599609375,38886.171875,17173.119140625,8285.2998046875,38703.51171875
2024-06-07,1.0894432067871094,1.2793285846710205,155.69700622558594,0.6669601202011108,1.366819977760315,0.8897200226783752,0.6197015643119812,83.47309875488281,7.244100093841553,1.3450000286102295,7.809319972991943,1365.25,5.2571001052856445,17.879959106445312,32.28879928588867,18.95404052734375,10.550239562988281,10.384710311889648,6.848559856414795,3.9315099716186523,22.532499313354492,357.6730041503906,169.5749969482422,0.85139000415802,199.1649932861328,103.83599853515625,113.90399932861328,174.98013305664062,1.6330699920654297,1.4886399507522583,2305.199951171875,29.334999084472656,967.7999877929688,4.494500160217285,75.52999877929688,79.62000274658203,2.9179999828338623,448.75,1179.25,627.5,224.8000030517578,19.0,9933.0,73.83999633789062,182.1750030517578,92.5250015258789,909.5,2.3826000690460205,2.3517000675201416,12.220000267028809,104.88999938964844,4.429999828338623,5.23799991607666,5346.990234375,38798.98828125,17133.130859375,8245.400390625,38683.9296875
2024-06-10,1.0778882503509521,1.2729448080062866,156.83299255371094,0.6582714915275574,1.3759000301361084,0.8960999846458435,0.6106199026107788,83.52760314941406,7.246799945831299,1.3519999980926514,7.811600208282471,1379.050048828125,5.270441055297852,18.325849533081055,32.40610122680664,18.886199951171875,10.71500015258789,10.55739974975586,6.920000076293945,3.9943408966064453,22.840599060058594,362.19000244140625,169.0399932861328,0.8467299938201904,199.61000061035156,103.22899627685547,113.97799682617188,174.9600067138672,1.637369990348816,1.4829800128936768,2307.699951171875,29.768999099731445,972.5,4.55649995803833,77.73999786376953,81.62999725341797,2.9059998989105225,451.75,1188.25,607.5,221.39999389648438,18.6299991607666,9687.0,71.80999755859375,183.9250030517578,92.25,896.4000244140625,2.410900115966797,2.4147000312805176,12.739999771118164,105.1500015258789,4.468999862670898,5.232999801635742,5360.7900390625,38868.0390625,17192.529296875,8228.5,39038.16015625
2024-06-11,1.0764262676239014,1.2726370096206665,157.0399932861328,0.6608948111534119,1.3761199712753296,0.8965799808502197,0.6128314733505249,83.52980041503906,7.246799945831299,1.3526999950408936,7.8119001388549805,1373.9599609375,5.352799892425537,18.57221031188965,32.3828010559082,18.721900939941406,10.643850326538086,10.475700378417969,6.9298601150512695,4.015500068664551,22.8572998046875,364.9649963378906,169.02000427246094,0.845740020275116,199.843994140625,103.75106048583984,114.08000183105469,175.1199951171875,1.6289600133895874,1.4811400175094604,2307.5,29.132999420166016,955.5999755859375,4.5229997634887695,77.9000015258789,81.91999816894531,3.128999948501587,449.5,1178.0,626.5,220.5500030517578,18.790000915527344,9910.0,72.7300033569336,183.75,91.94999694824219,876.9000244140625,2.408900022506714,2.421299934387207,12.850000381469727,105.2300033569336,4.4039998054504395,5.244999885559082,5375.31982421875,38747.421875,17343.55078125,8147.7998046875,39134.7890625
2024-06-12,1.0740330219268799,1.274047613143921,157.10499572753906,0.6607699394226074,1.3754899501800537,0.8977800011634827,0.614601731300354,83.5968017578125,7.246699810028076,1.3529599905014038,7.811920166015625,1377.3599853515625,5.3649001121521,18.58061981201172,32.364898681640625,18.541900634765625,10.690159797668457,10.481599807739258,6.944459915161133,4.039553165435791,22.996200561523438,367.7900085449219,168.7209930419922,0.8428999781608582,200.14300537109375,103.80500030517578,114.21499633789062,174.97000122070312,1.625349998474121,1.477220058441162,2336.0,30.176000595092773,968.2000122070312,4.581500053405762,78.5,82.5999984741211,3.0450000762939453,454.25,1177.25,617.0,224.35000610351562,19.100000381469727,10539.0,71.73999786376953,183.64999389648438,92.0250015258789,899.7999877929688,2.394399881362915,2.4407999515533447,12.039999961853027,104.6500015258789,4.295000076293945,5.243000030517578,5421.02978515625,38712.2109375,17608.439453125,8215.5,38876.7109375
2024-06-13,1.0813149213790894,1.27962327003479,156.8000030517578,0.6662899851799011,1.372189998626709,0.8942599892616272,0.6186816692352295,83.5343017578125,7.238100051879883,1.3479900360107422,7.808300018310547,1370.4100341796875,5.401000022888184,18.754140853881836,32.32870101928711,18.361360549926758,10.579500198364258,10.377599716186523,6.898680210113525,4.005733966827393,22.78019905090332,365.17999267578125,169.52000427246094,0.8450000286102295,200.63099670410156,104.46800231933594,114.27300262451172,175.3213348388672,1.6228100061416626,1.4831000566482544,2300.199951171875,28.989999771118164,951.2999877929688,4.507500171661377,78.62000274658203,82.75,2.9590001106262207,458.5,1189.5,620.0,226.0500030517578,19.59000015258789,10810.0,71.3499984741211,184.8249969482422,91.75,877.4000244140625,2.415600061416626,2.486799955368042,11.9399995803833,105.19999694824219,4.23799991607666,5.239999771118164,5433.740234375,38647.1015625,17667.560546875,8163.7001953125,38720.46875
2024-06-14,1.0738831758499146,1.2755101919174194,157.1280059814453,0.6633102893829346,1.3740999698638916,0.8939300179481506,0.6161011457443237,83.52210235595703,7.2515997886657715,1.3510700464248657,7.810359954833984,1373.739990234375,5.361599922180176,18.415180206298828,32.4901008605957,18.415130615234375,10.648750305175781,10.478099822998047,6.946199893951416,4.045400142669678,23.002700805664062,369.3900146484375,168.7259979248047,0.8418200016021729,200.4199981689453,104.21499633789062,114.33100128173828,175.75543212890625,1.6188900470733643,1.4757299423217773,2331.39990234375,29.402000427246094,955.2999877929688,4.551000118255615,78.44999694824219,82.62000274658203,2.88100004196167,450.0,1179.75,612.75,224.14999389648438,19.43000030517578,10294.0,70.97000122070312,186.8249969482422,91.17500305175781,890.5999755859375,2.399600028991699,2.470599889755249,12.65999984741211,105.55000305175781,4.2129998207092285,5.239999771118164,5431.60009765625,38589.16015625,17688.880859375,8146.89990234375,38814.55859375
2024-06-17,1.0702168941497803,1.2683112621307373,157.54600524902344,0.6612882018089294,1.3732999563217163,0.8907300233840942,0.6137416958808899,83.55180358886719,7.254300117492676,1.3534899950027466,7.811950206756592,1382.280029296875,5.3572001457214355,18.455799102783203,32.65732955932617,18.338899612426758,10.675200462341309,10.520480155944824,6.96999979019165,4.090557098388672,23.090099334716797,371.79998779296875,168.60400390625,0.8438000082969666,199.80299377441406,104.12999725341797,114.68000030517578,176.85400390625,1.6183300018310547,1.4698699712753296,2312.39990234375,29.325000762939453,967.7999877929688,4.521500110626221,80.33000183105469,84.25,2.7880001068115234,443.75,1157.75,591.5,227.14999389648438,18.979999542236328,9659.0,69.94000244140625,187.0500030517578,95.375,883.5999755859375,2.446899890899658,2.4825000762939453,12.75,105.31999969482422,4.2789998054504395,5.243000030517578,5473.22998046875,38778.1015625,17857.01953125,8142.2001953125,38102.44140625
2024-06-18,1.0740677118301392,1.2715997695922852,157.6999969482422,0.6622077822685242,1.3713300228118896,0.8883000016212463,0.613800048828125,83.51010131835938,7.255000114440918,1.3509000539779663,7.810500144958496,1379.06005859375,5.423999786376953,18.52090072631836,32.819400787353516,18.229450225830078,10.648209571838379,10.467849731445312,6.944699764251709,4.043239116668701,22.985599517822266,368.2799987792969,169.36900329589844,0.8447999954223633,200.48899841308594,104.3740005493164,114.99299621582031,177.4980010986328,1.6225899457931519,1.47284996509552,2330.39990234375,29.5049991607666,974.0999755859375,4.561999797821045,81.56999969482422,85.33000183105469,2.9089999198913574,450.0,1174.0,582.0,226.3000030517578,18.920000076293945,9938.0,71.02999877929688,186.6750030517578,93.7750015258789,880.9000244140625,2.4832000732421875,2.5208001136779785,12.300000190734863,105.26000213623047,4.2170000076293945,5.235000133514404,5487.02978515625,38834.859375,17862.23046875,8191.2998046875,38482.109375
2024-06-19,1.0742292404174805,1.2707449197769165,157.87100219726562,0.6661200523376465,1.3716200590133667,0.8841800093650818,0.614058256149292,83.37409973144531,7.252699851989746,1.3511500358581543,7.8073601722717285,1378.6099853515625,5.439899921417236,18.399099349975586,32.55110168457031,18.022899627685547,10.574250221252441,10.434000015258789,6.945899963378906,4.037690162658691,23.113000869750977,366.7170104980469,169.49400329589844,0.8450000286102295,200.56199645996094,105.12699890136719,115.05999755859375,178.4770050048828,1.6122000217437744,1.4730099439620972,2330.39990234375,29.5049991607666,974.0999755859375,4.561999797821045,81.56999969482422,85.33000183105469,2.9089999198913574,450.0,1174.0,582.0,226.3000030517578,18.920000076293945,9938.0,71.02999877929688,186.6750030517578,93.7750015258789,880.9000244140625,2.4832000732421875,2.5208001136779785,12.300000190734863,105.26000213623047,4.2170000076293945,5.235000133514404,5487.02978515625,38834.859375,17862.23046875,8205.099609375,38570.76171875
2024-06-20,1.0751532316207886,1.2721998691558838,157.95799255371094,0.6675300002098083,1.3705799579620361,0.8842999935150146,0.6139414310455322,83.41950225830078,7.25629997253418,1.3506100177764893,7.8061299324035645,1381.1500244140625,5.422399997711182,18.427440643310547,32.513301849365234,17.918500900268555,10.5625,10.436699867248535,6.939370155334473,4.021100044250488,23.144899368286133,368.4200134277344,169.76300048828125,0.8449000120162964,200.927001953125,105.43299865722656,115.24400329589844,178.58799743652344,1.6100599765777588,1.472499966621399,2353.800048828125,30.775999069213867,981.5999755859375,4.618000030517578,82.16999816894531,85.70999908447266,2.740999937057495,439.75,1155.25,572.75,230.25,18.889999389648438,9598.0,70.8499984741211,187.0749969482422,91.1500015258789,905.4000244140625,2.5007998943328857,2.5244998931884766,13.279999732971191,105.58999633789062,4.254000186920166,5.224999904632568,5473.169921875,39134.76171875,17721.58984375,8272.5,38633.01953125
2024-06-21,1.0706409215927124,1.2660471200942993,158.93099975585938,0.6660698652267456,1.3684699535369873,0.8914899826049805,0.6122798919677734,83.60160064697266,7.259099960327148,1.3542300462722778,7.804810047149658,1391.8199462890625,5.452400207519531,18.34238052368164,32.829498291015625,17.970890045166016,10.54010009765625,10.493200302124023,6.96658992767334,4.037300109863281,23.23740005493164,370.4320068359375,170.1510009765625,0.8456100225448608,201.20599365234375,105.85700225830078,116.14099884033203,178.26100158691406,1.6072399616241455,1.4650499820709229,2316.39990234375,29.572999954223633,993.7000122070312,4.49399995803833,80.7300033569336,85.23999786376953,2.7049999237060547,435.0,1160.5,561.5,226.5500030517578,18.969999313354492,8995.0,68.19000244140625,187.60000610351562,92.05000305175781,918.0999755859375,2.513700008392334,2.491499900817871,13.199999809265137,105.80000305175781,4.256999969482422,5.215000152587891,5464.6201171875,39150.328125,17689.359375,8237.7001953125,38596.46875
2024-06-24,1.0687757730484009,1.2639029026031494,159.86099243164062,0.6635000109672546,1.370129942893982,0.89410001039505,0.6111199259757996,83.5625,7.259200096130371,1.3552000522613525,7.803299903869629,1388.3900146484375,5.426126003265381,18.129789352416992,32.82630157470703,17.99489974975586,10.579970359802246,10.51272964477539,6.978229999542236,4.04738187789917,23.306499481201172,370.5780029296875,170.85000610351562,0.8456699848175049,202.0189971923828,106.05000305175781,116.66699981689453,178.68333435058594,1.6108800172805786,1.4643100500106812,2330.0,29.48900032043457,999.0999755859375,4.5269999504089355,81.62999725341797,86.01000213623047,2.811000108718872,433.5,1175.25,552.5,238.0,19.40999984741211,7978.0,71.29000091552734,188.89999389648438,89.94999694824219,976.0999755859375,2.5114998817443848,2.521399974822998,13.329999923706055,105.47000122070312,4.248000144958496,5.210000038146973,5447.8701171875,39411.2109375,17496.8203125,8281.599609375,38804.6484375
2024-06-25,1.0732723474502563,1.268343448638916,159.68600463867188,0.6654599905014038,1.3657900094985962,0.8931900262832642,0.6120513081550598,83.46040344238281,7.257699966430664,1.3528300523757935,7.808000087738037,1386.1099853515625,5.3892998695373535,17.944719314575195,32.92097091674805,18.093839645385742,10.532400131225586,10.471599578857422,6.94950008392334,3.9965200424194336,23.173099517822266,367.82000732421875,171.375,0.8461899757385254,202.51300048828125,106.25700378417969,116.91699981689453,178.75599670410156,1.6127699613571167,1.4657700061798096,2316.60009765625,28.836999893188477,983.7000122070312,4.38100004196167,80.83000183105469,85.01000213623047,2.75600004196167,425.5,1163.25,541.75,231.1999969482422,19.100000381469727,7967.0,72.5999984741211,189.47500610351562,89.0,933.7000122070312,2.514699935913086,2.509399890899658,12.84000015258789,105.61000061035156,4.23799991607666,5.2230000495910645,5469.2998046875,39112.16015625,17717.650390625,8247.7998046875,39173.1484375
2024-06-26,1.0709619522094727,1.268399715423584,159.68600463867188,0.6644800901412964,1.3661099672317505,0.8952000141143799,0.6119089722633362,83.41459655761719,7.26140022277832,1.3546899557113647,7.808899879455566,1390.8900146484375,5.450699806213379,18.111299514770508,32.94459915161133,18.23785972595215,10.614899635314941,10.508899688720703,6.964600086212158,4.011300086975098,23.158199310302734,369.29998779296875,171.00999450683594,0.844290018081665,202.5399932861328,106.10399627685547,116.88700103759766,178.3470001220703,1.6116700172424316,1.462980031967163,2299.199951171875,28.909000396728516,1020.7000122070312,4.367499828338623,80.9000015258789,85.25,2.628000020980835,420.0,1162.75,541.25,226.35000610351562,19.239999771118164,7797.0,72.69999694824219,192.9250030517578,89.9000015258789,922.7000122070312,2.544600009918213,2.5374999046325684,12.550000190734863,106.05000305175781,4.315999984741211,5.230000019073486,5477.89990234375,39127.80078125,17805.16015625,8225.2998046875,39667.0703125
2024-06-27,1.068010926246643,1.262179970741272,160.62100219726562,0.6644783020019531,1.3704500198364258,0.8967000246047974,0.6080284118652344,83.58039855957031,7.263500213623047,1.3588500022888184,7.808700084686279,1393.3800048828125,5.522500038146973,18.301000595092773,32.8385009765625,18.147300720214844,10.683819770812988,10.576720237731934,6.983699798583984,4.037700176239014,23.302000045776367,371.4649963378906,171.53500366210938,0.8461300134658813,202.71600341796875,106.71900177001953,117.1719970703125,179.04400634765625,1.607200026512146,1.4634499549865723,2324.5,28.917999267578125,991.7000122070312,4.328499794006348,81.73999786376953,86.38999938964844,2.684999942779541,413.75,1152.25,559.75,228.25,20.1200008392334,7397.0,72.0199966430664,194.1750030517578,89.44999694824219,927.5999755859375,2.545599937438965,2.547600030899048,12.239999771118164,105.91000366210938,4.288000106811523,5.2230000495910645,5482.8701171875,39164.05859375,17858.6796875,8179.7001953125,39341.5390625
2024-06-28,1.0708472728729248,1.2645741701126099,160.68699645996094,0.6650599241256714,1.3699300289154053,0.8985199928283691,0.6084686517715454,83.45089721679688,7.267199993133545,1.3580000400543213,7.809000015258789,1386.949951171875,5.500500202178955,18.42976951599121,32.88779830932617,18.433900833129883,10.65526008605957,10.623290061950684,6.965099811553955,4.022898197174072,23.371200561523438,370.07000732421875,172.06500244140625,0.846780002117157,203.18899536132812,106.86299896240234,117.29399871826172,178.7755889892578,1.6101100444793701,1.4669300317764282,2327.699951171875,29.23699951171875,1001.9000244140625,4.390500068664551,81.54000091552734,86.41000366210938,2.6010000705718994,397.25,1150.5,553.5,228.9499969482422,20.309999465942383,7729.0,69.80999755859375,193.5,89.57499694824219,977.9000244140625,2.529099941253662,2.516900062561035,12.4399995803833,105.87000274658203,4.3429999351501465,5.2129998207092285,5460.47998046875,39118.859375,17732.599609375,8164.10009765625,39583.078125
2024-07-01,1.0735257863998413,1.2648621797561646,160.90699768066406,0.6674007773399353,1.3672699928283691,0.9002000093460083,0.6099197268486023,83.36750030517578,7.2657999992370605,1.354699969291687,7.808629989624023,1380.2900390625,5.591899871826172,18.265300750732422,32.77050018310547,18.041200637817383,10.661399841308594,10.566100120544434,6.94681978225708,4.016674041748047,23.309099197387695,367.55999755859375,172.72999572753906,0.8487100005149841,203.47999572753906,107.37000274658203,117.67900085449219,178.72476196289062,1.6084699630737305,1.4677499532699585,2327.60009765625,29.299999237060547,978.2999877929688,4.426499843597412,83.37999725341797,86.5999984741211,2.4779999256134033,398.25,1159.5,569.25,226.6999969482422,20.229999542236328,7352.0,70.06999969482422,184.27499389648438,89.19999694824219,972.4000244140625,2.5782999992370605,2.6147000789642334,12.220000267028809,105.9000015258789,4.479000091552734,5.2179999351501465,5475.08984375,39169.51953125,17879.30078125,8166.7998046875,39631.05859375
2024-07-02,1.0737102031707764,1.2645741701126099,161.51199340820312,0.6654599905014038,1.3737800121307373,0.9031599760055542,0.6064796447753906,83.44129943847656,7.266900062561035,1.3577300310134888,7.812260150909424,1383.4200439453125,5.65500020980835,18.36639976501465,32.64820098876953,18.352500915527344,10.658470153808594,10.615679740905762,6.946300029754639,4.019308090209961,23.40570068359375,367.45599365234375,173.3990020751953,0.8490200042724609,204.22900390625,107.47100067138672,117.56600189208984,178.7963409423828,1.6133999824523926,1.4749499559402466,2323.0,29.35300064086914,998.2000122070312,4.429500102996826,82.80999755859375,86.23999786376953,2.434999942779541,402.0,1165.0,561.5,229.10000610351562,20.610000610351562,7773.0,69.33000183105469,185.10000610351562,89.2249984741211,1020.2000122070312,2.5734000205993652,2.629699945449829,12.029999732971191,105.72000122070312,4.435999870300293,5.228000164031982,5509.009765625,39331.8515625,18028.759765625,8121.2001953125,40074.69140625
2024-07-03,1.0748412609100342,1.2690355777740479,161.50399780273438,0.6668298244476318,1.3676799535751343,0.903689980506897,0.6082206964492798,83.4791030883789,7.269400119781494,1.3559800386428833,7.813499927520752,1383.4200439453125,5.67549991607666,18.252199172973633,32.54359817504883,18.589599609375,10.66586971282959,10.57229995727539,6.9390997886657715,4.008866786956787,23.381099700927734,367.13299560546875,173.5850067138672,0.8468999862670898,204.89999389648438,107.69499969482422,118.0780029296875,178.69700622558594,1.6118099689483643,1.4699900150299072,2359.800048828125,30.54800033569336,1002.0,4.540999889373779,83.87999725341797,87.33999633789062,2.4179999828338623,403.5,1176.5,554.5,225.9499969482422,20.530000686645508,7811.0,68.68000030517578,185.9250030517578,89.75,1034.199951171875,2.601300001144409,2.6342999935150146,12.09000015258789,105.4000015258789,4.355000019073486,5.230000019073486,5537.02001953125,39308.0,18188.30078125,8171.10009765625,40580.76171875
2024-07-04,1.0793308019638062,1.2747784852981567,161.62100219726562,0.6710900068283081,1.3633300065994263,0.9007599949836731,0.6107205748558044,83.49120330810547,7.268599987030029,1.3532400131225586,7.8084001541137695,1385.77001953125,5.5553998947143555,18.174360275268555,32.53403854370117,18.405500411987305,10.547430038452148,10.482640266418457,6.911900043487549,3.984117031097412,23.283000946044922,365.7900085449219,174.3939971923828,0.8464999794960022,206.00900268554688,108.44999694824219,118.54000091552734,179.3800048828125,1.6074999570846558,1.4711500406265259,2359.800048828125,30.54800033569336,1002.0,4.540999889373779,83.87999725341797,87.33999633789062,2.4179999828338623,403.5,1176.5,554.5,225.9499969482422,20.530000686645508,7811.0,68.68000030517578,185.9250030517578,89.75,1034.199951171875,2.601300001144409,2.6342999935150146,12.09000015258789,105.4000015258789,4.355000019073486,5.230000019073486,5537.02001953125,39308.0,18188.30078125,8241.2998046875,40913.6484375
2024-07-05,1.0810693502426147,1.2755752801895142,161.35800170898438,0.6725085377693176,1.3615200519561768,0.9002500176429749,0.611340343952179,83.49340057373047,7.2657999992370605,1.3516000509262085,7.809100151062012,1380.25,5.486400127410889,18.080400466918945,32.63800048828125,18.256620407104492,10.566100120544434,10.502690315246582,6.898600101470947,3.957900047302246,23.22100067138672,363.4490051269531,174.4290008544922,0.8475000262260437,205.80799865722656,108.50800323486328,118.51200103759766,179.22300720214844,1.6074600219726562,1.471809983253479,2388.5,31.38800048828125,1035.300048828125,4.6585001945495605,83.16000366210938,86.54000091552734,2.319000005722046,411.25,1188.5,572.25,230.3000030517578,20.139999389648438,7721.0,67.30999755859375,186.4250030517578,89.875,1035.800048828125,2.5590999126434326,2.602400064468384,12.479999542236328,104.87999725341797,4.271999835968018,5.224999904632568,5567.18994140625,39375.87109375,18352.759765625,8203.900390625,40912.37109375
2024-07-08,1.082602620124817,1.2806508541107178,160.63800048828125,0.6746591329574585,1.363800048828125,0.8952299952507019,0.6141110062599182,83.47209930419922,7.2677998542785645,1.3487199544906616,7.8126301765441895,1376.5699462890625,5.471290111541748,18.088279724121094,32.674598693847656,18.226900100708008,10.563400268554688,10.460800170898438,6.889709949493408,3.9565110206604004,23.243000030517578,362.5899963378906,173.9029998779297,0.8453099727630615,205.70899963378906,108.36599731445312,117.75900268554688,179.41534423828125,1.6046199798583984,1.476639986038208,2355.199951171875,30.618000030517578,1003.7000122070312,4.622000217437744,82.33000183105469,85.75,2.365999937057495,395.75,1174.25,553.0,236.1999969482422,20.1299991607666,7693.0,67.31999969482422,184.35000610351562,89.67500305175781,1011.5,2.537899971008301,2.5790998935699463,12.369999885559082,105.01000213623047,4.269000053405762,5.2179999351501465,5572.85009765625,39344.7890625,18403.740234375,8193.5,40780.69921875
2024-07-09,1.0830950736999512,1.2815583944320679,160.85699462890625,0.6743202209472656,1.3629499673843384,0.8978099822998047,0.6131207942962646,83.45760345458984,7.267099857330322,1.3494999408721924,7.809830188751221,1382.75,5.470399856567383,17.973600387573242,32.71730041503906,18.088199615478516,10.60116958618164,10.581000328063965,6.886419773101807,3.940239906311035,23.222700119018555,364.2900085449219,174.21299743652344,0.8450899720191956,206.14199829101562,108.46099853515625,118.0,179.15199279785156,1.606220006942749,1.4761699438095093,2360.10009765625,30.77199935913086,989.7000122070312,4.578000068664551,81.41000366210938,84.66000366210938,2.3440001010894775,400.25,1161.5,554.25,252.0,19.6200008392334,8023.0,66.95999908447266,182.35000610351562,89.32499694824219,982.5,2.527400016784668,2.5236001014709473,12.510000228881836,105.12000274658203,4.300000190734863,5.224999904632568,5576.97998046875,39291.96875,18429.2890625,8139.7998046875,41580.171875
2024-07-10,1.0814785957336426,1.2787723541259766,161.33099365234375,0.6741496920585632,1.3630000352859497,0.8974000215530396,0.6127113103866577,83.49299621582031,7.271699905395508,1.3506300449371338,7.811800003051758,1382.4200439453125,5.417099952697754,17.895339965820312,32.90380096435547,18.13990020751953,10.602519989013672,10.54916000366211,6.897290229797363,3.9347898960113525,23.34149932861328,364.2690124511719,174.44000244140625,0.8456299901008606,206.31199645996094,108.75299835205078,118.33999633789062,179.7301025390625,1.6042200326919556,1.4742100238800049,2372.199951171875,30.726999282836914,997.5,4.607500076293945,82.0999984741211,85.08000183105469,2.3289999961853027,403.25,1141.25,543.5,245.6999969482422,19.809999465942383,8197.0,69.33000183105469,182.25,88.44999694824219,987.5999755859375,2.5034000873565674,2.518399953842163,12.850000381469727,105.05000305175781,4.28000020980835,5.224999904632568,5633.91015625,39721.359375,18647.44921875,8193.5,41831.98828125
2024-07-11,1.083329677581787,1.285264492034912,161.60699462890625,0.6751797795295715,1.3617199659347534,0.8992000222206116,0.6087983250617981,83.49590301513672,7.274499893188477,1.3486900329589844,7.810800075531006,1382.989990234375,5.414700031280518,17.836530685424805,32.879798889160156,18.097759246826172,10.711739540100098,10.544010162353516,6.885799884796143,3.9327399730682373,23.422000885009766,363.0899963378906,175.0709991455078,0.8428000211715698,207.7030029296875,109.1050033569336,118.68499755859375,179.71499633789062,1.6044299602508545,1.475100040435791,2415.0,31.393999099731445,1005.5,4.508500099182129,82.62000274658203,85.4000015258789,2.2679998874664307,406.75,1142.75,554.25,246.75,19.43000030517578,8441.0,69.05999755859375,182.25,88.55000305175781,993.4000244140625,2.5178000926971436,2.518199920654297,12.920000076293945,104.44000244140625,4.192999839782715,5.197999954223633,5584.5400390625,39753.75,18283.41015625,8223.2998046875,42224.01953125
2024-07-12,1.0872756242752075,1.292373776435852,158.2010040283203,0.6768500804901123,1.3624399900436401,0.8960300087928772,0.6094588041305542,83.51850128173828,7.254799842834473,1.342170000076294,7.807459831237793,1371.27001953125,5.438000202178955,17.753259658813477,32.94902038574219,17.976499557495117,10.713029861450195,10.488309860229492,6.861040115356445,3.91764497756958,23.31920051574707,361.9930114746094,172.0070037841797,0.8413400053977966,204.4340057373047,107.03900146484375,116.09500122070312,176.53195190429688,1.6063400506973267,1.4812500476837158,2414.0,30.88599967956543,999.0,4.598499774932861,82.20999908447266,85.02999877929688,2.3289999961853027,400.0,1134.5,538.0,250.4499969482422,19.200000762939453,8523.0,68.91999816894531,182.375,88.69999694824219,969.0999755859375,2.5153000354766846,2.5095999240875244,12.460000038146973,104.08999633789062,4.189000129699707,5.197999954223633,5615.35009765625,40000.8984375,18398.44921875,8252.900390625,41190.6796875
2024-07-15,1.0885539054870605,1.2966804504394531,158.31300354003906,0.6771998405456543,1.3645999431610107,0.8968899846076965,0.6095516681671143,83.52030181884766,7.2494001388549805,1.343000054359436,7.807350158691406,1374.1099853515625,5.422800064086914,17.69873046875,33.084800720214844,17.985000610351562,10.739100456237793,10.558609962463379,6.854100227355957,3.9071309566497803,23.2455997467041,360.3900146484375,172.32699584960938,0.8394500017166138,205.2689971923828,107.1780014038086,115.99299621582031,176.4949951171875,1.6077100038528442,1.485550045967102,2422.89990234375,30.672000885009766,998.5,4.5289998054504395,81.91000366210938,84.8499984741211,2.1579999923706055,390.5,1078.0,532.5,244.14999389648438,19.760000228881836,8463.0,70.86000061035156,182.125,88.6500015258789,946.7000122070312,2.4916000366210938,2.5136001110076904,13.119999885559082,104.19000244140625,4.229000091552734,5.192999839782715,5631.22021484375,40211.71875,18472.5703125,8183.0,41190.6796875
2024-07-16,1.0901559591293335,1.2970000505447388,158.14100646972656,0.6763300895690918,1.3675999641418457,0.8954700231552124,0.6076810956001282,83.58760070800781,7.258900165557861,1.3435100317001343,7.8069000244140625,1383.68994140625,5.446800231933594,17.71579933166504,33.01750183105469,18.198299407958984,10.804699897766113,10.599570274353027,6.845399856567383,3.9045300483703613,23.274999618530273,358.9700012207031,172.33599853515625,0.8402799963951111,205.08200073242188,106.95099639892578,115.61000061035156,176.5749969482422,1.611340045928955,1.4900000095367432,2462.39990234375,31.19499969482422,1000.0,4.443999767303467,80.76000213623047,83.7300033569336,2.187999963760376,395.75,1090.5,530.75,245.39999389648438,19.6200008392334,8320.0,70.37000274658203,182.6750030517578,91.2750015258789,953.0,2.4774999618530273,2.4688000679016113,13.1899995803833,104.2699966430664,4.166999816894531,5.192999839782715,5667.2001953125,40954.48046875,18509.33984375,8164.89990234375,41275.078125
2024-07-17,1.0902509689331055,1.29776930809021,158.35000610351562,0.6731998324394226,1.3669500350952148,0.8932200074195862,0.6069099307060242,83.52960205078125,7.2606000900268555,1.343999981880188,7.807469844818115,1382.6400146484375,5.424300193786621,17.650419235229492,33.04050064086914,18.02429962158203,10.771820068359375,10.57544994354248,6.8409600257873535,3.926367998123169,23.222000122070312,359.5169982910156,172.6179962158203,0.839959979057312,205.48199462890625,106.59200286865234,115.83799743652344,177.22500610351562,1.619420051574707,1.4902199506759644,2454.800048828125,30.136999130249023,996.9000244140625,4.39900016784668,82.8499984741211,85.08000183105469,2.0350000858306885,398.0,1097.25,539.25,247.35000610351562,19.360000610351562,7763.0,71.12000274658203,184.27499389648438,91.6500015258789,950.5,2.501300096511841,2.49399995803833,14.479999542236328,103.75,4.145999908447266,5.195000171661377,5588.27001953125,41198.078125,17996.919921875,8187.5,41097.69140625
2024-07-18,1.094020128250122,1.3007453680038452,155.68600463867188,0.6730697751045227,1.3678699731826782,0.8823500275611877,0.608061671257019,83.57209777832031,7.259399890899658,1.3393000364303589,7.806700229644775,1378.6500244140625,5.48769998550415,17.720199584960938,33.07957077026367,18.117799758911133,10.714460372924805,10.544899940490723,6.818570137023926,3.9192121028900146,23.077699661254883,357.17999267578125,170.29600524902344,0.8410300016403198,202.48599243164062,104.77400207519531,113.80799865722656,176.4146270751953,1.6253299713134766,1.4964599609375,2451.800048828125,29.9950008392334,974.7000122070312,4.265999794006348,82.81999969482422,85.11000061035156,2.125,391.25,1098.5,535.25,243.39999389648438,18.940000534057617,8068.0,71.37000274658203,182.25,91.375,926.2999877929688,2.516400098800659,2.486799955368042,15.930000305175781,104.16999816894531,4.189000129699707,5.192999839782715,5544.58984375,40665.01953125,17871.220703125,8204.900390625,40126.3515625
2024-07-19,1.0901559591293335,1.2951691150665283,157.14999389648438,0.6705500483512878,1.3702000379562378,0.8873000144958496,0.6043793559074402,83.67430114746094,7.258900165557861,1.3436199426651,7.809999942779541,1385.239990234375,5.5432000160217285,17.958499908447266,33.088138580322266,18.2362003326416,10.808150291442871,10.58942985534668,6.843599796295166,3.935072898864746,23.148799896240234,358.2359924316406,171.31700134277344,0.8416399955749512,203.51499938964844,105.37100219726562,114.67900085449219,177.07200622558594,1.6257100105285645,1.493589997291565,2395.5,29.08799934387207,962.5,4.218999862670898,80.12999725341797,82.62999725341797,2.128000020980835,390.5,1097.25,542.75,238.1999969482422,18.65999984741211,7689.0,69.9800033569336,183.10000610351562,91.57499694824219,899.0999755859375,2.4504001140594482,2.419100046157837,16.520000457763672,104.4000015258789,4.238999843597412,5.192999839782715,5505.0,40287.53125,17726.939453125,8155.7001953125,40063.7890625
2024-07-22,1.0899182558059692,1.2933096885681152,157.4219970703125,0.6696308851242065,1.3707000017166138,0.8880100250244141,0.6024205088615417,83.73030090332031,7.269000053405762,1.344099998474121,7.809450149536133,1388.81005859375,5.520872116088867,17.970619201660156,32.997840881347656,18.189899444580078,10.878780364990234,10.646900177001953,6.845260143280029,3.9335598945617676,23.131999969482422,358.1960144042969,171.3000030517578,0.842710018157959,203.5850067138672,105.40599822998047,114.83399963378906,177.07000732421875,1.6275800466537476,1.4939700365066528,2392.0,29.124000549316406,945.4000244140625,4.180500030517578,79.77999877929688,82.4000015258789,2.250999927520752,400.25,1117.75,548.0,243.0500030517578,18.299999237060547,8398.0,70.12999725341797,183.9250030517578,92.375,889.2000122070312,2.470599889755249,2.434799909591675,14.90999984741211,104.30999755859375,4.260000228881836,5.190000057220459,5564.41015625,40415.44140625,18007.5703125,8198.7998046875,39599.0
2024-07-23,1.0889805555343628,1.2932428121566772,156.89100646972656,0.6640105843544006,1.3761199712753296,0.8895000219345093,0.5978501439094543,83.67130279541016,7.27269983291626,1.3458800315856934,7.806700229644775,1387.0999755859375,5.570700168609619,17.930599212646484,32.92620086669922,18.234699249267578,10.957229614257812,10.722940444946289,6.851399898529053,3.925708055496216,23.166099548339844,357.4580078125,170.84300231933594,0.8420400023460388,202.88699340820312,104.16899871826172,114.00900268554688,176.3509979248047,1.6399500370025635,1.498460054397583,2404.60009765625,29.131999969482422,945.0,4.145999908447266,76.95999908447266,81.01000213623047,2.187000036239624,402.5,1117.5,542.75,239.10000610351562,18.15999984741211,8286.0,68.02999877929688,186.3000030517578,93.6500015258789,909.0999755859375,2.414099931716919,2.409899950027466,14.720000267028809,104.44999694824219,4.238999843597412,5.172999858856201,5555.740234375,40358.08984375,17997.349609375,8167.39990234375,39594.390625
2024-07-24,1.0850694179534912,1.2901561260223389,155.76800537109375,0.6612094640731812,1.3785799741744995,0.8915200233459473,0.595291256904602,83.70680236816406,7.2743000984191895,1.3458000421524048,7.807700157165527,1384.5699462890625,5.585299968719482,18.163150787353516,32.84090042114258,18.38949966430664,11.017060279846191,10.766730308532715,6.876719951629639,3.9414329528808594,23.37980079650879,359.531005859375,168.98800659179688,0.840910017490387,200.9499969482422,102.98799896240234,112.98400115966797,174.697998046875,1.6407999992370605,1.4956400394439697,2413.300048828125,29.115999221801758,958.7999877929688,4.098999977111816,77.58999633789062,81.70999908447266,2.117000102996826,403.75,1111.0,547.0,231.14999389648438,17.90999984741211,8227.0,67.01000213623047,186.89999389648438,93.7750015258789,922.0,2.4514999389648438,2.452399969100952,18.040000915527344,104.38999938964844,4.285999774932861,5.170000076293945,5427.1298828125,39853.87109375,17342.41015625,8153.7001953125,39154.8515625
2024-07-25,1.0839520692825317,1.289989709854126,153.89100646972656,0.6574798822402954,1.3810299634933472,0.8850200176239014,0.5927295684814453,83.74299621582031,7.261199951171875,1.3437000513076782,7.808800220489502,1382.6500244140625,5.653600215911865,18.360319137573242,32.856300354003906,18.34830093383789,11.025799751281738,10.773799896240234,6.884650230407715,3.9627180099487305,23.42259979248047,362.7969970703125,166.79400634765625,0.8402199745178223,198.5,101.1719970703125,111.43299865722656,173.85899353027344,1.648550033569336,1.4967900514602661,2351.89990234375,27.80699920654297,934.9000244140625,4.112500190734863,78.27999877929688,82.37000274658203,2.0409998893737793,406.0,1116.0,537.75,234.6999969482422,18.65999984741211,7805.0,67.20999908447266,188.89999389648438,93.7750015258789,894.0,2.467600107192993,2.4711999893188477,18.459999084472656,104.36000061035156,4.25600004196167,5.159999847412109,5399.22021484375,39935.0703125,17181.720703125,8186.39990234375,37869.51171875
2024-07-26,1.0851283073425293,1.2856775522232056,153.69700622558594,0.6542999744415283,1.3819299936294556,0.8806399703025818,0.5889801979064941,83.73760223388672,7.230100154876709,1.342900037765503,7.806700229644775,1381.4300537109375,5.643099784851074,18.439899444580078,33.11650085449219,18.343719482421875,11.024749755859375,10.824029922485352,6.877810001373291,3.9463000297546387,23.360599517822266,361.6400146484375,166.76100158691406,0.8439099788665771,197.57400512695312,100.51899719238281,111.20899963378906,174.47999572753906,1.6590700149536133,1.499500036239624,2380.0,27.860000610351562,934.0999755859375,4.104499816894531,77.16000366210938,81.12999725341797,2.00600004196167,394.5,1077.5,523.5,230.25,18.420000076293945,8038.0,66.06999969482422,188.5749969482422,93.4749984741211,884.9000244140625,2.4605000019073486,2.4196999073028564,16.389999389648438,104.31999969482422,4.199999809265137,5.15500020980835,5459.10009765625,40589.33984375,17357.880859375,8285.7001953125,37667.41015625
2024-07-29,1.0853756666183472,1.2868356704711914,154.13900756835938,0.6554999947547913,1.3827999830245972,0.8842999935150146,0.5889000296592712,83.72779846191406,7.250100135803223,1.3429399728775024,7.806700229644775,1382.0899658203125,5.622840881347656,18.42729949951172,33.02399826049805,18.270599365234375,11.004599571228027,10.815640449523926,6.875500202178955,3.934103012084961,23.336000442504883,359.84698486328125,167.28900146484375,0.8434000015258789,198.33900451660156,101.00900268554688,111.45099639892578,174.26699829101562,1.6560499668121338,1.5008900165557861,2377.300048828125,27.702999114990234,949.0,4.061999797821045,75.80999755859375,79.77999877929688,1.906999945640564,396.25,1054.75,531.0,230.39999389648438,19.010000228881836,7716.0,67.51000213623047,186.97500610351562,91.44999694824219,885.7999877929688,2.415299892425537,2.375,16.600000381469727,104.55999755859375,4.177999973297119,5.146999835968018,5463.5400390625,40539.9296875,17370.19921875,8292.400390625,38468.62890625
2024-07-30,1.081946611404419,1.286041259765625,153.83299255371094,0.6551405787467957,1.3855799436569214,0.8860999941825867,0.5877305269241333,83.75050354003906,7.258299827575684,1.343019962310791,7.810299873352051,1381.3599853515625,5.614500045776367,18.640899658203125,33.05550003051758,18.3302001953125,10.99841022491455,10.829950332641602,6.897160053253174,3.968010902404785,23.46500015258789,363.0710144042969,166.41000366210938,0.8412799835205078,197.81199645996094,100.7699966430664,111.01799774169922,173.58700561523438,1.6514099836349487,1.4990099668502808,2405.0,28.364999771118164,965.0,4.063000202178955,74.7300033569336,78.62999725341797,2.125999927520752,388.75,1027.25,524.0,230.8000030517578,19.1200008392334,8136.0,68.1500015258789,187.6999969482422,91.19999694824219,878.0,2.3870999813079834,2.3368000984191895,17.690000534057617,104.55000305175781,4.14300012588501,5.135000228881836,5436.43994140625,40743.328125,17147.419921875,8274.400390625,38525.94921875
2024-07-31,1.0816072225570679,1.2836971282958984,152.6699981689453,0.6541501879692078,1.3849600553512573,0.8820300102233887,0.5902003049850464,83.73899841308594,7.250699996948242,1.3418899774551392,7.8125901222229,1383.5,5.611100196838379,18.75279998779297,33.0984992980957,18.304779052734375,10.945549964904785,10.76060962677002,6.899250030517578,3.9625608921051025,23.471900939941406,365.1570129394531,165.11199951171875,0.8424000144004822,195.97000122070312,99.85700225830078,110.22699737548828,172.9770050048828,1.6534299850463867,1.4979699850082397,2426.5,28.777999877929688,982.2000122070312,4.159999847412109,77.91000366210938,80.72000122070312,2.0360000133514404,382.75,1028.5,527.25,229.1999969482422,18.940000534057617,8092.0,67.9800033569336,187.125,92.2750015258789,922.5999755859375,2.4820001125335693,2.4154999256134033,16.360000610351562,104.0999984741211,4.109000205993652,5.135000228881836,5522.2998046875,40842.7890625,17599.400390625,8368.0,39101.8203125
2024-08-01,1.082391619682312,1.2853139638900757,149.74400329589844,0.6547001004219055,1.3808300495147705,0.8781399726867676,0.595181405544281,83.7177963256836,7.217199802398682,1.3357000350952148,7.81279993057251,1367.9200439453125,5.656599998474121,18.640039443969727,33.17599868774414,18.195999145507812,10.89783000946045,10.68865966796875,6.894400119781494,3.9616329669952393,23.465999603271484,363.74200439453125,162.072998046875,0.8420000076293945,192.46099853515625,98.02799987792969,108.43800354003906,170.5030059814453,1.6533399820327759,1.4942899942398071,2435.0,28.33099937438965,965.4000244140625,4.066500186920166,76.30999755859375,79.5199966430664,1.968000054359436,382.0,1022.0,532.0,227.25,18.5,7562.0,66.87999725341797,184.8000030517578,93.1500015258789,891.7999877929688,2.3980000019073486,2.406399965286255,18.59000015258789,104.41999816894531,3.9760000705718994,5.114999771118164,5446.68017578125,40347.96875,17194.150390625,8283.400390625,38126.328125
2024-08-02,1.0787602663040161,1.27289617061615,149.2010040283203,0.6494898200035095,1.3880599737167358,0.8729000091552734,0.5936197638511658,83.743896484375,7.242800235748291,1.3367600440979004,7.814199924468994,1368.969970703125,5.7505998611450195,18.923799514770508,33.1593017578125,18.28219985961914,10.951979637145996,10.727899551391602,6.917129993438721,3.9865949153900146,23.439699172973633,367.0870056152344,160.9459991455078,0.8474400043487549,189.91000366210938,96.9010009765625,107.48699951171875,170.91600036621094,1.6609300374984741,1.4972699880599976,2425.699951171875,28.246000289916992,962.7000122070312,4.084000110626221,73.5199966430664,76.80999755859375,1.9670000076293945,386.5,1029.25,539.0,230.5,18.100000381469727,7520.0,67.18000030517578,184.10000610351562,92.19999694824219,879.2000122070312,2.3176000118255615,2.31850004196167,23.389999389648438,103.20999908447266,3.7920000553131104,5.03000020980835,5346.56005859375,39737.26171875,16776.16015625,8174.7001953125,35909.69921875
2024-08-05,1.0910836458206177,1.278788685798645,145.58399963378906,0.6497219204902649,1.3883099555969238,0.8561000227928162,0.594700038433075,83.73529815673828,7.157199859619141,1.3256700038909912,7.804969787597656,1357.1700439453125,5.7266998291015625,19.528430938720703,33.24509811401367,18.34259033203125,10.956219673156738,10.557000160217285,6.838980197906494,3.9317400455474854,23.176000595092773,364.55999755859375,159.85000610351562,0.8531500101089478,186.16400146484375,94.58200073242188,104.85800170898438,170.03599548339844,1.6792000532150269,1.5146600008010864,2401.699951171875,27.076000213623047,911.0,3.9839999675750732,72.94000244140625,76.30000305175781,1.9420000314712524,390.75,1044.25,539.5,225.6999969482422,18.079999923706055,7901.0,66.55000305175781,181.5500030517578,91.1500015258789,822.7999877929688,2.3336000442504883,2.2985999584198,38.56999969482422,102.69000244140625,3.7850000858306885,5.059999942779541,5186.330078125,38703.26953125,16200.080078125,8008.2001953125,31458.419921875
2024-08-06,1.0950982570648193,1.2788705825805664,145.7899932861328,0.6515498757362366,1.3805299997329712,0.8548300266265869,0.5950503945350647,84.00260162353516,7.120200157165527,1.3252700567245483,7.792900085449219,1367.4000244140625,5.720900058746338,19.19502067565918,33.39419937133789,18.464399337768555,10.996700286865234,10.525870323181152,6.813350200653076,3.925183057785034,23.081899642944336,361.89300537109375,157.88999938964844,0.8562800288200378,186.43600463867188,94.98500061035156,105.59100341796875,170.45799255371094,1.6807199716567993,1.5117199420928955,2389.10009765625,27.09600067138672,915.4000244140625,4.011499881744385,73.19999694824219,76.4800033569336,2.009999990463257,388.75,1028.5,543.25,235.9499969482422,17.8700008392334,8223.0,66.19999694824219,181.97500610351562,91.2750015258789,857.0999755859375,2.326200008392334,2.295799970626831,27.709999084472656,102.97000122070312,3.888000011444092,5.079999923706055,5240.02978515625,38997.66015625,16366.849609375,8026.7001953125,34675.4609375
2024-08-07,1.0926215648651123,1.2684721946716309,144.73199462890625,0.6515001654624939,1.3786499500274658,0.8525500297546387,0.5974107980728149,83.93489837646484,7.156300067901611,1.3254899978637695,7.7947001457214355,1370.31005859375,5.6554999351501465,19.58378028869629,33.61920166015625,18.487770080566406,10.896430015563965,10.529430389404297,6.829380035400391,3.9423201084136963,23.117700576782227,363.97698974609375,158.13299560546875,0.8610000014305115,183.58200073242188,94.26499938964844,104.96700286865234,169.70542907714844,1.6770800352096558,1.5062400102615356,2390.5,26.829999923706055,924.0999755859375,3.9375,75.2300033569336,78.33000183105469,2.111999988555908,383.25,1020.25,538.25,246.3000030517578,18.139999389648438,8586.0,66.47000122070312,182.27499389648438,90.5999984741211,883.7999877929688,2.357300043106079,2.355600118637085,27.850000381469727,103.19999694824219,3.9679999351501465,5.079999923706055,5199.5,38763.44921875,16195.8095703125,8166.89990234375,35089.62109375
2024-08-08,1.0928125381469727,1.2680377960205078,146.12399291992188,0.6515973806381226,1.3754700422286987,0.8592699766159058,0.5986088514328003,83.94239807128906,7.180300235748291,1.3266500234603882,7.792200088500977,1375.3299560546875,5.635799884796143,19.33470916748047,33.5123291015625,18.391340255737305,10.820670127868652,10.470430374145508,6.828010082244873,3.9554901123046875,23.111000061035156,363.77099609375,159.6959991455078,0.8618800044059753,185.2729949951172,95.20099639892578,106.24600219726562,170.05462646484375,1.6773099899291992,1.5029499530792236,2422.199951171875,27.5,934.2999877929688,3.944999933242798,76.19000244140625,79.16000366210938,2.127000093460083,379.25,1009.75,537.5,245.3000030517578,18.56999969482422,8178.0,65.79000091552734,182.0500030517578,90.0250015258789,905.9000244140625,2.399199962615967,2.357800006866455,23.790000915527344,103.20999908447266,3.996999979019165,5.083000183105469,5319.31005859375,39446.48828125,16660.01953125,8145.0,34831.1484375
2024-08-09,1.0915720462799072,1.2747459411621094,147.66900634765625,0.659200131893158,1.3735400438308716,0.8668500185012817,0.6007015705108643,83.98899841308594,7.173699855804443,1.32614004611969,7.793839931488037,1373.760009765625,5.54610013961792,18.86026954650879,33.532649993896484,18.341690063476562,10.83506965637207,10.51039981842041,6.836259841918945,3.957240104675293,23.118200302124023,362.63800048828125,161.1909942626953,0.8561999797821045,188.21299743652344,97.3219985961914,107.50700378417969,170.30599975585938,1.6558400392532349,1.4992400407791138,2432.10009765625,27.48699951171875,927.5999755859375,3.9800000190734863,76.83999633789062,79.66000366210938,2.1429998874664307,376.75,1028.0,542.5,234.0500030517578,18.479999542236328,9098.0,67.08999633789062,184.25,89.80000305175781,893.5,2.3903000354766846,2.3396999835968018,20.3700008392334,103.13999938964844,3.941999912261963,5.074999809265137,5344.16015625,39497.5390625,16745.30078125,8168.10009765625,35025.0
2024-08-12,1.091381311416626,1.2750385999679565,147.04200744628906,0.6569784283638,1.3735899925231934,0.8650400042533875,0.5994916558265686,83.94979858398438,7.166299819946289,1.3243000507354736,7.798399925231934,1363.8399658203125,5.50629997253418,18.822189331054688,33.523101806640625,18.29450035095215,10.811630249023438,10.51688003540039,6.838039875030518,3.9546799659729004,23.106399536132812,361.04998779296875,160.4720001220703,0.8559200167655945,187.4669952392578,96.59300231933594,107.03900146484375,169.35000610351562,1.6606999635696411,1.4986000061035156,2462.39990234375,27.91699981689453,945.0999755859375,4.054999828338623,80.05999755859375,82.30000305175781,2.188999891281128,383.25,1012.0,536.75,240.85000610351562,18.290000915527344,8731.0,68.29000091552734,183.3249969482422,90.0250015258789,896.5,2.4428999423980713,2.4065001010894775,20.709999084472656,103.13999938964844,3.9089999198913574,5.072999954223633,5344.39013671875,39357.01171875,16780.609375,8210.2998046875,35025.0
2024-08-13,1.0936251878738403,1.2771228551864624,146.98199462890625,0.6585316061973572,1.3742300271987915,0.8647300004959106,0.6023406982421875,83.88999938964844,7.173999786376953,1.3238099813461304,7.791540145874023,1369.5400390625,5.4918999671936035,19.059799194335938,33.453819274902344,18.242300033569336,10.799969673156738,10.512579917907715,6.8235697746276855,3.9342339038848877,23.0,359.9840087890625,160.71499633789062,0.8562899827957153,187.68699645996094,96.77799987792969,106.94999694824219,169.88999938964844,1.6606199741363525,1.5027199983596802,2466.699951171875,27.69499969482422,943.0999755859375,4.035999774932861,78.3499984741211,80.69000244140625,2.1480000019073486,377.75,989.0,528.75,232.6999969482422,18.389999389648438,8862.0,67.0999984741211,184.0,89.9000015258789,921.5999755859375,2.3747000694274902,2.38919997215271,18.1200008392334,102.55999755859375,3.8519999980926514,5.052999973297119,5434.43017578125,39765.640625,17187.609375,8235.2001953125,36232.51171875
2024-08-14,1.0996986627578735,1.2866700887680054,146.9709930419922,0.6638598442077637,1.3709100484848022,0.8650500178337097,0.6079211831092834,83.88200378417969,7.152900218963623,1.3171000480651855,7.788700103759766,1362.1700439453125,5.455699920654297,18.998079299926758,33.509498596191406,18.06909942626953,10.723219871520996,10.451669692993164,6.785520076751709,3.896256923675537,22.875600814819336,357.60198974609375,161.61300659179688,0.8546199798583984,189.08999633789062,97.5469970703125,107.1917724609375,169.81700134277344,1.6564500331878662,1.5074199438095093,2439.39990234375,27.253999710083008,927.5999755859375,4.025000095367432,76.9800033569336,79.76000213623047,2.2190001010894775,381.0,979.75,534.75,237.0,17.969999313354492,8833.0,66.18000030517578,184.60000610351562,90.0999984741211,919.7999877929688,2.3210999965667725,2.3682000637054443,16.190000534057617,102.56999969482422,3.819999933242798,5.063000202178955,5455.2099609375,40008.390625,17192.599609375,8281.099609375,36442.4296875
2024-08-15,1.1013215780258179,1.2828736305236816,147.2530059814453,0.6600006818771362,1.3715699911117554,0.8648059964179993,0.6000707745552063,83.97149658203125,7.13730001449585,1.31673002243042,7.791600227355957,1355.7099609375,5.468900203704834,18.81170082092285,33.5921516418457,18.04829978942871,10.714489936828613,10.467300415039062,6.775209903717041,3.8953609466552734,22.809900283813477,358.5880126953125,162.14199829101562,0.8585000038146973,188.86500549316406,97.18000030517578,107.35399627685547,170.2270050048828,1.6684600114822388,1.5097999572753906,2453.10009765625,28.341999053955078,960.0,4.138999938964844,78.16000366210938,81.04000091552734,2.197000026702881,375.0,951.5,528.25,239.89999389648438,17.8799991607666,8485.0,66.33999633789062,184.0500030517578,76.5,935.5999755859375,2.3580000400543213,2.3778998851776123,15.229999542236328,102.9800033569336,3.9260001182556152,5.079999923706055,5543.22021484375,40563.05859375,17594.5,8347.400390625,36726.640625
2024-08-16,1.0972732305526733,1.2859420776367188,149.2220001220703,0.6612488627433777,1.37336003780365,0.8724899888038635,0.5980896949768066,83.94830322265625,7.173399925231934,1.3222399950027466,7.796899795532227,1363.510009765625,5.484899997711182,18.636199951171875,33.638179779052734,17.97170066833496,10.740739822387695,10.54069995880127,6.7993998527526855,3.904599905014038,22.9689998626709,360.3380126953125,163.7259979248047,0.8531200289726257,191.8800048828125,98.66100311279297,108.64600372314453,171.0019989013672,1.659409999847412,1.506890058517456,2498.60009765625,28.777999877929688,957.2999877929688,4.127500057220459,76.6500015258789,79.68000030517578,2.122999906539917,370.5,938.75,530.0,245.4499969482422,18.030000686645508,8637.0,66.45999908447266,182.8000030517578,75.07499694824219,941.7000122070312,2.3101999759674072,2.328700065612793,14.800000190734863,102.45999908447266,3.8919999599456787,5.074999809265137,5554.25,40659.76171875,17631.720703125,8311.400390625,38062.671875
2024-08-19,1.1024993658065796,1.294716238975525,147.95599365234375,0.6672983765602112,1.3678300380706787,0.867579996585846,0.6057485342025757,83.88980102539062,7.164000034332275,1.3157600164413452,7.7941999435424805,1348.97998046875,5.47130012512207,18.6258602142334,33.6880989074707,17.84984016418457,10.680899620056152,10.435099601745605,6.767039775848389,3.8674259185791016,22.826400756835938,358.1000061035156,163.11700439453125,0.8514900207519531,191.54600524902344,98.7239990234375,108.16100311279297,170.52560424804688,1.6521199941635132,1.5079699754714966,2501.800048828125,29.239999771118164,958.9000244140625,4.166500091552734,74.37000274658203,77.66000366210938,2.234999895095825,378.0,956.25,528.25,245.89999389648438,18.020000457763672,9173.0,67.9800033569336,182.8000030517578,76.80000305175781,918.7000122070312,2.2637999057769775,2.2634999752044678,14.649999618530273,101.88999938964844,3.867000102996826,5.063000202178955,5608.25,40896.53125,17876.76953125,8356.900390625,37388.62109375
2024-08-20,1.1086474657058716,1.2990386486053467,146.69900512695312,0.6735321879386902,1.3630000352859497,0.8623700141906738,0.6117704510688782,83.87860107421875,7.140500068664551,1.3078800439834595,7.7889299392700195,1330.8800048828125,5.405600070953369,18.665109634399414,33.7588005065918,17.706899642944336,10.529939651489258,10.304699897766113,6.730500221252441,3.844399929046631,22.667299270629883,355.3389892578125,162.6199951171875,0.8530200123786926,190.5590057373047,98.79499816894531,107.61000061035156,170.05799865722656,1.6455999612808228,1.5111600160598755,2511.300048828125,29.454999923706055,951.5999755859375,4.149499893188477,74.04000091552734,77.19999694824219,2.197999954223633,375.0,957.25,533.0,249.4499969482422,17.56999969482422,9486.0,68.80000305175781,181.02499389648438,76.4000015258789,913.9000244140625,2.2562999725341797,2.263200044631958,15.880000114440918,101.44000244140625,3.818000078201294,5.0329999923706055,5597.1201171875,40834.96875,17816.939453125,8273.2998046875,38062.921875
2024-08-21,1.112792730331421,1.3035430908203125,145.3470001220703,0.6747274398803711,1.3617299795150757,0.8535599708557129,0.6157407760620117,83.77940368652344,7.131999969482422,1.3045300245285034,7.788300037384033,1327.5799560546875,5.478099822998047,19.009849548339844,33.8985595703125,17.79400062561035,10.491640090942383,10.100000381469727,6.705190181732178,3.840320110321045,22.588300704956055,353.1470031738281,161.73300170898438,0.8536800146102905,189.44500732421875,98.05699920654297,106.7300033569336,170.25100708007812,1.6492999792099,1.515220046043396,2508.39990234375,29.47599983215332,968.2000122070312,4.18149995803833,71.93000030517578,76.05000305175781,2.177000045776367,375.5,963.0,519.75,249.4499969482422,17.649999618530273,9582.0,69.70999908447266,181.22500610351562,76.1500015258789,940.5999755859375,2.2049999237060547,2.2497000694274902,16.270000457763672,101.04000091552734,3.7780001163482666,5.005000114440918,5620.85009765625,40890.48828125,17918.990234375,8283.400390625,37951.80078125
2024-08-22,1.115536093711853,1.309346079826355,145.1179962158203,0.6749701499938965,1.3583300113677979,0.8511000275611877,0.6162492632865906,83.88860321044922,7.131800174713135,1.3053100109100342,7.792640209197998,1333.6600341796875,5.482500076293945,19.277130126953125,33.92499923706055,17.819700241088867,10.500499725341797,10.173870086669922,6.689929962158203,3.8343989849090576,22.459999084472656,351.8399963378906,161.8800048828125,0.8519700169563293,189.99400329589844,97.94599914550781,106.8270034790039,170.49200439453125,1.652609944343567,1.5152299404144287,2478.89990234375,29.006000518798828,948.5999755859375,4.140999794006348,73.01000213623047,77.22000122070312,2.052999973297119,371.5,941.25,511.0,246.8000030517578,17.850000381469727,9689.0,69.58999633789062,182.5500030517578,79.625,920.0,2.2437000274658203,2.2634999752044678,17.549999237060547,101.51000213623047,3.861999988555908,5.025000095367432,5570.64013671875,40712.78125,17619.349609375,8288.0,38211.01171875
2024-08-23,1.111716389656067,1.3097747564315796,146.20199584960938,0.6708199381828308,1.3603399991989136,0.8517000079154968,0.6143600344657898,83.94059753417969,7.144400119781494,1.3101099729537964,7.796800136566162,1339.5400390625,5.59089994430542,19.49020004272461,33.95750045776367,18.003509521484375,10.580479621887207,10.23250961303711,6.71150016784668,3.849989891052246,22.546199798583984,353.8800048828125,162.5240020751953,0.8486800193786621,191.42999267578125,98.06600189208984,107.46399688720703,171.63099670410156,1.6572200059890747,1.512220025062561,2508.39990234375,29.785999298095703,960.4000244140625,4.194499969482422,74.83000183105469,79.0199966430664,2.0220000743865967,367.75,952.0,502.25,251.1999969482422,18.389999389648438,9821.0,71.29000091552734,182.5749969482422,80.55000305175781,942.5,2.285099983215332,2.2997000217437744,15.859999656677246,100.72000122070312,3.806999921798706,5.0,5634.60986328125,41175.078125,17877.7890625,8327.7998046875,38364.26953125
2024-08-26,1.1187934875488281,1.3212658166885376,144.0,0.6787806153297424,1.3508000373840332,0.847320020198822,0.6224092245101929,83.81379699707031,7.124000072479248,1.3011399507522583,7.796899795532227,1323.8800048828125,5.485400199890137,19.212249755859375,34.02239990234375,17.740299224853516,10.465299606323242,10.199299812316895,6.668499946594238,3.812619924545288,22.3656005859375,351.5799865722656,161.09800720214844,0.8467199802398682,190.2469940185547,97.73400115966797,106.58599853515625,169.9290008544922,1.6481499671936035,1.5113199949264526,2517.699951171875,29.976999282836914,968.5999755859375,4.21150016784668,77.41999816894531,81.43000030517578,1.9559999704360962,362.0,959.75,498.0,253.64999389648438,19.040000915527344,9880.0,70.58000183105469,183.60000610351562,80.4000015258789,960.2000122070312,2.279900074005127,2.3480000495910645,16.149999618530273,100.8499984741211,3.818000078201294,4.998000144958496,5616.83984375,41240.51953125,17725.76953125,8327.7998046875,38110.21875
2024-08-27,1.1164700984954834,1.3191741704940796,144.51600646972656,0.6772910952568054,1.3482099771499634,0.847100019454956,0.6205514073371887,83.88369750976562,7.118100166320801,1.3037500381469727,7.796800136566162,1326.6400146484375,5.495699882507324,19.374500274658203,34.025299072265625,17.696699142456055,10.536479949951172,10.211870193481445,6.682199954986572,3.8338940143585205,22.40519905090332,352.9460144042969,161.32000732421875,0.8462499976158142,190.62600708007812,97.86799621582031,107.19000244140625,170.57400512695312,1.6484700441360474,1.505079984664917,2516.0,29.951000213623047,959.0,4.230500221252441,75.52999877929688,79.55000305175781,1.9040000438690186,367.25,967.5,508.25,259.3999938964844,19.600000381469727,9785.0,70.0199966430664,185.1750030517578,82.07499694824219,958.5,2.2469000816345215,2.2862000465393066,15.430000305175781,100.55000305175781,3.8329999446868896,4.9679999351501465,5625.7998046875,41250.5,17754.8203125,8345.5,38288.62109375
2024-08-28,1.117793083190918,1.3257501125335693,143.97500610351562,0.6787898540496826,1.3447699546813965,0.8417199850082397,0.6244106888771057,83.92160034179688,7.1230998039245605,1.3013700246810913,7.801799774169922,1326.3599853515625,5.507900238037109,19.77079963684082,34.01723098754883,17.711790084838867,10.460419654846191,10.150639533996582,6.674339771270752,3.8300399780273438,22.351900100708008,351.31500244140625,160.9290008544922,0.8431299924850464,190.8520050048828,97.7229995727539,107.05699920654297,171.05291748046875,1.646690011024475,1.503000020980835,2501.0,29.176000595092773,933.7000122070312,4.144999980926514,74.5199966430664,78.6500015258789,1.9299999475479126,365.25,958.5,514.25,260.45001220703125,19.540000915527344,9730.0,68.73999786376953,183.75,81.67500305175781,933.9000244140625,2.2147998809814453,2.229099988937378,17.110000610351562,101.08999633789062,3.8410000801086426,4.954999923706055,5592.18017578125,41091.421875,17556.029296875,8343.900390625,38371.76171875
2024-08-29,1.1124955415725708,1.3193656206130981,144.43299865722656,0.6783100962638855,1.3476999998092651,0.8418200016021729,0.6247500777244568,83.94149780273438,7.124300003051758,1.3035199642181396,7.800020217895508,1336.68994140625,5.56220006942749,19.664400100708008,34.139400482177734,17.82617950439453,10.503600120544434,10.194620132446289,6.704800128936768,3.859800100326538,22.51180076599121,353.6099853515625,160.66099548339844,0.8431599736213684,190.5449981689453,97.96299743652344,107.1780014038086,171.56982421875,1.6400099992752075,1.4990700483322144,2525.699951171875,29.55699920654297,941.4000244140625,4.147500038146973,75.91000366210938,79.94000244140625,2.13700008392334,371.75,973.75,525.0,251.8000030517578,19.889999389648438,9600.0,70.12999725341797,184.875,82.17500305175781,972.5,2.2476999759674072,2.2839999198913574,15.649999618530273,101.33999633789062,3.867000102996826,4.965000152587891,5591.9599609375,41335.05078125,17516.4296875,8379.599609375,38362.53125
2024-08-30,1.1080454587936401,1.3166210651397705,144.88999938964844,0.67958003282547,1.3489099740982056,0.8469399809837341,0.6263309121131897,83.89510345458984,7.0954999923706055,1.3026200532913208,7.796860218048096,1332.8800048828125,5.627699851989746,19.834199905395508,34.07733917236328,17.7273006439209,10.5001802444458,10.219630241394043,6.731379985809326,3.86539888381958,22.580299377441406,354.2330017089844,160.53700256347656,0.8415200114250183,190.7429962158203,98.45500183105469,107.40599822998047,171.056640625,1.6304399967193604,1.4946099519729614,2493.800048828125,28.731000900268555,927.7999877929688,4.144999980926514,73.55000305175781,78.80000305175781,2.127000093460083,378.0,982.0,532.75,248.1999969482422,19.3799991607666,9666.0,69.79000091552734,185.85000610351562,82.2249984741211,961.0999755859375,2.211699962615967,2.251499891281128,15.0,101.69999694824219,3.9110000133514404,4.9679999351501465,5648.39990234375,41563.078125,17713.619140625,8376.599609375,38647.75
2024-09-02,1.1044842004776,1.3128528594970703,146.38099670410156,0.6768001914024353,1.3488999605178833,0.8504999876022339,0.625,83.86380004882812,7.092100143432617,1.3060599565505981,7.797689914703369,1336.5799560546875,5.6092000007629395,19.699800491333008,34.07080078125,17.821699142456055,10.605629920959473,10.2704496383667,6.752600193023682,3.8814799785614014,22.646099090576172,355.4230041503906,161.6719970703125,0.841189980506897,192.18299865722656,99.05999755859375,108.48999786376953,172.07228088378906,1.6319299936294556,1.49003005027771,2493.800048828125,28.731000900268555,927.7999877929688,4.144999980926514,73.55000305175781,78.80000305175781,2.127000093460083,378.0,982.0,532.75,248.1999969482422,19.3799991607666,9666.0,69.79000091552734,185.85000610351562,82.2249984741211,961.0999755859375,2.211699962615967,2.251499891281128,15.0,101.69999694824219,3.9110000133514404,4.9679999351501465,5648.39990234375,41563.078125,17713.619140625,8363.7998046875,38700.87109375
2024-09-03,1.1067456007003784,1.314198613166809,146.7220001220703,0.6787299513816833,1.3497300148010254,0.8513699769973755,0.6230490803718567,83.92729949951172,7.116600036621094,1.306399941444397,7.796370029449463,1337.550048828125,5.615099906921387,19.83639907836914,33.91339874267578,17.79490089416504,10.590559959411621,10.248250007629395,6.739200115203857,3.856839895248413,22.607999801635742,354.510009765625,162.37399291992188,0.8420900106430054,192.7899932861328,99.57599639892578,108.69400024414062,172.31199645996094,1.6306400299072266,1.4937900304794312,2489.89990234375,27.951000213623047,905.2999877929688,4.0320000648498535,70.33999633789062,73.75,2.203000068664551,386.5,997.0,552.0,246.75,19.489999771118164,9663.0,70.76000213623047,179.27499389648438,82.5250015258789,931.0999755859375,1.9776999950408936,2.2060000896453857,20.719999313354492,101.83000183105469,3.8440001010894775,4.96999979019165,5528.93017578125,40936.9296875,17136.30078125,8298.5,38686.30859375
2024-09-04,1.1048868894577026,1.3114066123962402,145.35299682617188,0.6714000701904297,1.3543399572372437,0.8499299883842468,0.618739128112793,83.95030212402344,7.1203999519348145,1.3069000244140625,7.798299789428711,1340.4100341796875,5.647500038146973,19.795400619506836,33.99760055541992,17.938899993896484,10.676190376281738,10.2958402633667,6.751399993896484,3.872390031814575,22.702199935913086,356.2590026855469,160.572998046875,0.842490017414093,190.58799743652344,97.5770034790039,107.31600189208984,170.9980010986328,1.6457799673080444,1.4963699579238892,2493.39990234375,28.16699981689453,903.7999877929688,4.019499778747559,69.19999694824219,72.69999694824219,2.1449999809265137,390.5,1006.0,565.25,245.5500030517578,19.239999771118164,9282.0,69.88999938964844,179.22500610351562,81.57499694824219,927.2000122070312,1.9617999792099,2.1575000286102295,21.31999969482422,101.36000061035156,3.7679998874664307,4.947999954223633,5520.06982421875,40974.96875,17084.30078125,8269.599609375,37047.609375
2024-09-05,1.1080454587936401,1.3144749402999878,143.32400512695312,0.6716187596321106,1.3508100509643555,0.8460400104522705,0.6186702251434326,83.98249816894531,7.1118998527526855,1.3029999732971191,7.7957000732421875,1331.010009765625,5.642000198364258,19.948749542236328,34.03670120239258,17.86823081970215,10.632360458374023,10.213359832763672,6.7322998046875,3.8563199043273926,22.585800170898438,354.5840148925781,158.7830047607422,0.8424999713897705,188.39199829101562,96.24199676513672,106.10199737548828,169.3990020751953,1.6497900485992432,1.496690034866333,2511.39990234375,28.719999313354492,925.9000244140625,4.077499866485596,69.1500015258789,72.69000244140625,2.253999948501587,390.0,1008.25,561.0,246.60000610351562,19.219999313354492,9539.0,69.48999786376953,177.25,80.69999694824219,934.7000122070312,1.9257999658584595,2.1689000129699707,19.899999618530273,101.11000061035156,3.7309999465942383,4.932000160217285,5503.41015625,40755.75,17127.66015625,8241.7001953125,36657.08984375
2024-09-06,1.1111111640930176,1.317748785018921,143.39300537109375,0.6740502119064331,1.3500100374221802,0.8438100218772888,0.6224402189254761,83.98359680175781,7.091300010681152,1.2997699975967407,7.793580055236816,1332.7900390625,5.567500114440918,19.881380081176758,33.98500061035156,17.692630767822266,10.627809524536133,10.249420166015625,6.714049816131592,3.8530499935150146,22.515199661254883,353.77801513671875,159.32000732421875,0.8431000113487244,188.94400024414062,96.6449966430664,106.20700073242188,169.8939971923828,1.6483500003814697,1.4999300241470337,2493.5,27.808000564575195,914.2999877929688,4.014500141143799,67.66999816894531,71.05999755859375,2.2750000953674316,383.75,989.25,553.25,240.0500030517578,18.90999984741211,9459.0,67.12000274658203,175.1750030517578,79.5,896.2999877929688,1.8960000276565552,2.115000009536743,22.3799991607666,101.18000030517578,3.7100000381469727,4.9079999923706055,5408.419921875,40345.41015625,16690.830078125,8181.5,36391.46875
2024-09-09,1.1087212562561035,1.3133355379104614,142.48599243164062,0.6670802235603333,1.3562099933624268,0.843940019607544,0.6171315908432007,83.98259735107422,7.087900161743164,1.3032699823379517,7.7953901290893555,1337.77001953125,5.59660005569458,19.940200805664062,33.99654006958008,17.819599151611328,10.70779037475586,10.29817008972168,6.730040073394775,3.859302043914795,22.55900001525879,354.9960021972656,157.97300720214844,0.8441799879074097,187.11300659179688,95.03900146484375,105.05400085449219,168.82080078125,1.6619900465011597,1.503600001335144,2501.800048828125,28.291000366210938,942.5,4.084499835968018,68.70999908447266,71.83999633789062,2.1700000762939453,384.25,1000.0,555.5,249.4499969482422,18.829999923706055,9839.0,67.54000091552734,176.9250030517578,78.80000305175781,936.7999877929688,1.9204000234603882,2.139400005340576,19.450000762939453,101.55000305175781,3.697000026702881,4.894999980926514,5471.0498046875,40829.58984375,16884.599609375,8270.7998046875,36215.75
2024-09-10,1.1037527322769165,1.307138204574585,143.177001953125,0.6657878756523132,1.3564000129699707,0.8494499921798706,0.6142317652702332,83.98090362548828,7.11359977722168,1.3059099912643433,7.796500205993652,1341.27001953125,5.5843000411987305,19.89137077331543,34.095699310302734,17.863000869750977,10.840189933776855,10.372529983520508,6.761099815368652,3.8705060482025146,22.67609977722168,359.2959899902344,157.9810028076172,0.8442999720573425,187.14100646972656,95.302001953125,105.54199981689453,168.5279998779297,1.6576000452041626,1.4967700242996216,2512.300048828125,28.256999969482422,939.9000244140625,4.040500164031982,65.75,69.19000244140625,2.2320001125335693,379.5,977.5,558.75,248.0,18.469999313354492,9654.0,68.08000183105469,176.3249969482422,78.55000305175781,960.0,1.8700000047683716,2.058000087738037,19.079999923706055,101.62999725341797,3.6459999084472656,4.835000038146973,5495.52001953125,40736.9609375,17025.880859375,8206.0,36159.16015625
2024-09-11,1.1020983457565308,1.3080273866653442,142.23399353027344,0.6653298139572144,1.3609600067138672,0.8466200232505798,0.6150099039077759,83.98200225830078,7.120800018310547,1.3041399717330933,7.7972002029418945,1343.3399658203125,5.662899971008301,20.08941078186035,34.04439926147461,17.93720054626465,10.811059951782227,10.347729682922363,6.7708001136779785,3.8817460536956787,22.719999313354492,360.04998779296875,156.73300170898438,0.8424299955368042,186.02499389648438,94.62100219726562,104.50199890136719,167.9843292236328,1.6563800573349,1.4998199939727783,2512.10009765625,28.562999725341797,952.4000244140625,4.083000183105469,67.30999755859375,70.61000061035156,2.2699999809265137,380.5,979.75,563.75,249.4499969482422,18.729999542236328,10115.0,69.30999755859375,176.9499969482422,79.75,1010.2000122070312,1.8971999883651733,2.0917000770568848,17.690000534057617,101.68000030517578,3.6530001163482666,4.875,5554.1298828125,40861.7109375,17395.529296875,8193.900390625,35619.76953125
2024-09-12,1.1010911464691162,1.3039510250091553,142.58999633789062,0.6676998138427734,1.3578399419784546,0.8525999784469604,0.6132185459136963,83.99259948730469,7.119699954986572,1.3045599460601807,7.797510147094727,1339.1800537109375,5.667399883270264,19.795900344848633,33.99919891357422,17.89419937133789,10.856120109558105,10.388270378112793,6.7769999504089355,3.891700029373169,22.761899948120117,359.33099365234375,157.01300048828125,0.8444300293922424,185.92300415039062,95.1719970703125,105.03099822998047,167.25100708007812,1.649749994277954,1.4950000047683716,2551.199951171875,29.743000030517578,981.9000244140625,4.132999897003174,68.97000122070312,71.97000122070312,2.3570001125335693,386.25,991.5,563.0,252.0,19.06999969482422,9968.0,70.05000305175781,178.02499389648438,78.9000015258789,1053.800048828125,1.9270000457763672,2.118799924850464,17.06999969482422,101.37000274658203,3.680000066757202,4.840000152587891,5595.759765625,41096.76953125,17569.6796875,8241.0,36833.26953125
2024-09-13,1.1077877283096313,1.313232183456421,141.49899291992188,0.6726899147033691,1.3575799465179443,0.8498799800872803,0.6187008619308472,83.93479919433594,7.116600036621094,1.3006800413131714,7.802519798278809,1335.68994140625,5.625699996948242,19.52079963684082,33.97460174560547,17.738800048828125,10.707429885864258,10.261320114135742,6.736100196838379,3.8664469718933105,22.653400421142578,356.7279968261719,156.75,0.843500018119812,185.8090057373047,95.18000030517578,104.2239990234375,166.48558044433594,1.6468100547790527,1.5038700103759766,2581.300048828125,30.698999404907227,1006.5,4.175000190734863,68.6500015258789,71.61000061035156,2.305000066757202,390.75,986.75,571.25,262.04998779296875,19.010000228881836,10079.0,69.4800033569336,177.64999389648438,78.44999694824219,1076.0,1.9301999807357788,2.0843000411987305,16.559999465942383,101.11000061035156,3.6500000953674316,4.763000011444092,5626.02001953125,41393.78125,17683.98046875,8273.099609375,36581.76171875
2024-09-16,1.1088441610336304,1.3137997388839722,140.7899932861328,0.6713797450065613,1.3577699661254883,0.8476999998092651,0.6164087653160095,83.88480377197266,7.092700004577637,1.2974300384521484,7.7982001304626465,1329.510009765625,5.612370014190674,19.15220069885254,33.95515823364258,17.72566032409668,10.618840217590332,10.211270332336426,6.729000091552734,3.859060049057007,22.64940071105957,356.0899963378906,156.11500549316406,0.8440700173377991,184.9199981689453,94.51899719238281,103.69100189208984,166.01976013183594,1.6515100002288818,1.5054700374603271,2580.39990234375,30.770999908447266,987.9000244140625,4.2129998207092285,70.08999633789062,72.75,2.372999906539917,410.75,1004.5,578.5,259.04998779296875,19.18000030517578,7767.0,71.75,177.22500610351562,79.92500305175781,1084.4000244140625,1.9681999683380127,2.0968000888824463,17.139999389648438,100.76000213623047,3.621000051498413,4.744999885559082,5633.08984375,41622.078125,17592.130859375,8278.400390625,36581.76171875
2024-09-17,1.1129536628723145,1.3210737705230713,140.7899932861328,0.6751897931098938,1.3586299419403076,0.8445799946784973,0.6196094155311584,83.88400268554688,7.09250020980835,1.2956600189208984,7.792300224304199,1319.1099853515625,5.503900051116943,19.20560073852539,33.979469299316406,17.607999801635742,10.590299606323242,10.177499771118164,6.704629898071289,3.8404500484466553,22.584199905395508,354.2300109863281,156.68699645996094,0.8424400091171265,185.98500061035156,95.05000305175781,103.625,166.67300415039062,1.6483099460601807,1.5120400190353394,2564.300048828125,30.618999481201172,982.7999877929688,4.213500022888184,71.19000244140625,73.69999694824219,2.3239998817443848,412.5,1006.0,575.75,265.0,19.979999542236328,7620.0,70.80999755859375,178.8000030517578,81.7750015258789,1104.699951171875,2.0018999576568604,2.136699914932251,17.610000610351562,100.88999938964844,3.6419999599456787,4.735000133514404,5634.580078125,41606.1796875,17628.060546875,8309.900390625,36203.21875
2024-09-18,1.1123099327087402,1.3167423009872437,142.01499938964844,0.6762696504592896,1.3592100143432617,0.8463299870491028,0.619398295879364,83.77059936523438,7.09250020980835,1.2958699464797974,7.793700218200684,1322.9300537109375,5.4816999435424805,19.115530014038086,34.06909942626953,17.57859992980957,10.579090118408203,10.177129745483398,6.708209991455078,3.8385000228881836,22.54050064086914,354.489990234375,157.96200561523438,0.8446000218391418,186.98899841308594,96.03099822998047,104.4739990234375,167.78900146484375,1.644700050354004,1.5118000507354736,2570.699951171875,30.340999603271484,974.7999877929688,4.23799991607666,70.91000366210938,73.6500015258789,2.2839999198913574,412.75,1014.0,575.75,263.1499938964844,21.15999984741211,7814.0,69.68000030517578,178.3000030517578,82.05000305175781,1068.300048828125,2.010699987411499,2.1475000381469727,18.229999542236328,100.5999984741211,3.684999942779541,4.614999771118164,5618.259765625,41503.1015625,17573.30078125,8253.7001953125,36380.171875
2024-09-19,1.1114816665649414,1.3201146125793457,142.7100067138672,0.676369845867157,1.3610700368881226,0.8472999930381775,0.6208904981613159,83.69170379638672,7.080999851226807,1.2960799932479858,7.793700218200684,1322.260009765625,5.460999965667725,19.243270874023438,34.07080078125,17.52829933166504,10.587039947509766,10.202939987182617,6.712399959564209,3.840480089187622,22.55500030517578,354.68798828125,158.58399963378906,0.8417900204658508,188.39100646972656,96.52300262451172,104.84200286865234,168.39999389648438,1.6430100202560425,1.5125000476837158,2588.0,31.0939998626709,994.0999755859375,4.285999774932861,71.94999694824219,74.87999725341797,2.3480000495910645,405.75,1013.25,565.5,261.6499938964844,21.93000030517578,7750.0,71.58000183105469,179.97500610351562,82.25,1100.4000244140625,2.059999942779541,2.171999931335449,16.329999923706055,100.61000061035156,3.740000009536743,4.5929999351501465,5713.64013671875,42025.19140625,18013.98046875,8328.7001953125,37155.328125
2024-09-20,1.1161960363388062,1.328179955482483,142.85800170898438,0.6809576749801636,1.3562699556350708,0.8477799892425537,0.6237019300460815,83.61470031738281,7.066999912261963,1.29243004322052,7.79394006729126,1327.6099853515625,5.423900127410889,19.299999237060547,34.08000183105469,17.500499725341797,10.50100040435791,10.150930404663086,6.6839399337768555,3.8266000747680664,22.47599983215332,353.0830078125,159.41400146484375,0.8401600122451782,189.72999572753906,97.27100372314453,105.32499694824219,168.48902893066406,1.6387699842453003,1.51350998878479,2619.89990234375,31.176000595092773,981.5999755859375,4.281499862670898,71.91999816894531,74.48999786376953,2.434000015258789,401.75,1012.0,568.5,250.75,22.65999984741211,7658.0,72.20999908447266,182.47500610351562,82.2249984741211,1079.9000244140625,2.036400079727173,2.1614999771118164,16.149999618530273,100.72000122070312,3.7279999256134033,4.545000076293945,5702.5498046875,42063.359375,17948.3203125,8230.0,37723.91015625
2024-09-23,1.1160838603973389,1.331398367881775,144.00399780273438,0.6809993982315063,1.3564200401306152,0.8508999943733215,0.6236202716827393,83.48709869384766,7.050899982452393,1.2901999950408936,7.790900230407715,1331.5,5.513599872589111,19.37656021118164,34.05575180053711,17.390649795532227,10.472800254821777,10.164509773254395,6.682990074157715,3.8242709636688232,22.438199996948242,352.0,160.71099853515625,0.8382200002670288,191.71636962890625,98.06029510498047,106.15799713134766,169.2355499267578,1.6387699842453003,1.5137699842453003,2626.5,30.767000198364258,961.5,4.289000034332275,70.37000274658203,73.9000015258789,2.61299991607666,413.5,1039.25,582.5,263.6499938964844,22.549999237060547,7786.0,71.69999694824219,183.25,82.30000305175781,1046.9000244140625,1.9902000427246094,2.1451001167297363,15.890000343322754,100.91999816894531,3.739000082015991,4.502999782562256,5718.56982421875,42124.6484375,17974.26953125,8259.7001953125,37723.91015625
2024-09-24,1.1111727952957153,1.3349887132644653,143.63800048828125,0.6834102272987366,1.3529499769210815,0.847320020198822,0.6267195343971252,83.55960083007812,7.051300048828125,1.290910005569458,7.786499977111816,1333.6199951171875,5.536099910736084,19.4153995513916,34.14970016479492,17.324800491333008,10.48069953918457,10.19159984588623,6.712180137634277,3.839900016784668,22.604000091552734,355.0830078125,159.58900451660156,0.8323100209236145,191.7469940185547,98.15799713134766,106.16000366210938,169.5030059814453,1.6258900165557861,1.503290057182312,2651.199951171875,32.111000061035156,987.4000244140625,4.429500102996826,71.55999755859375,75.16999816894531,2.5510001182556152,411.75,1042.25,578.0,267.79998779296875,23.1200008392334,7867.0,73.0999984741211,183.1999969482422,82.125,1061.9000244140625,2.0297000408172607,2.180500030517578,15.390000343322754,100.37000274658203,3.7360000610351562,4.494999885559082,5732.93017578125,42208.21875,18074.51953125,8282.7998046875,37940.58984375
2024-09-25,1.1191190481185913,1.3427324295043945,142.96299743652344,0.6905400156974792,1.3421000242233276,0.841509997844696,0.6352190971374512,83.56759643554688,7.030200004577637,1.2823599576950073,7.7825398445129395,1324.8900146484375,5.449699878692627,19.30820083618164,34.112300872802734,17.22949981689453,10.39054012298584,10.079529762268066,6.663360118865967,3.7980690002441406,22.389799118041992,352.2439880371094,159.98699951171875,0.8334400057792664,191.9550018310547,98.71800231933594,106.51499938964844,169.86700439453125,1.6205300092697144,1.5019299983978271,2659.199951171875,31.697999954223633,991.4000244140625,4.427999973297119,69.69000244140625,73.45999908447266,2.63700008392334,415.25,1053.25,589.25,269.1000061035156,23.420000076293945,7955.0,74.0199966430664,183.0500030517578,82.4749984741211,1033.300048828125,1.999899983406067,2.1602001190185547,15.40999984741211,100.91999816894531,3.7809998989105225,4.486999988555908,5722.259765625,41914.75,18082.2109375,8268.7001953125,37870.26171875
2024-09-26,1.1131023168563843,1.3315792083740234,144.68299865722656,0.6821599006652832,1.3482199907302856,0.850570023059845,0.6257195472717285,83.62409973144531,7.032299995422363,1.2897800207138062,7.786300182342529,1335.050048828125,5.473800182342529,19.636600494384766,34.160709381103516,17.264400482177734,10.574299812316895,10.179900169372559,6.700099945068359,3.8341801166534424,22.571699142456055,354.8169860839844,161.0399932861328,0.8358399868011475,192.64999389648438,98.69100189208984,107.2699966430664,170.07846069335938,1.63155996799469,1.5006300210952759,2669.89990234375,32.025001525878906,1011.0999755859375,4.580999851226807,67.66999816894531,71.5999984741211,2.5850000381469727,413.25,1041.0,584.25,273.8999938964844,23.309999465942383,8122.0,73.86000061035156,184.10000610351562,82.0250015258789,1044.300048828125,1.961300015449524,2.1361000537872314,15.369999885559082,100.55999755859375,3.7909998893737793,4.4679999351501465,5745.3701171875,42175.109375,18190.2890625,8284.900390625,38925.62890625
2024-09-27,1.117717981338501,1.341381549835205,145.0760040283203,0.689280092716217,1.3475699424743652,0.8462399840354919,0.6331197619438171,83.61710357666016,7.008999824523926,1.2838799953460693,7.779379844665527,1313.300048828125,5.436699867248535,19.61591911315918,34.17539978027344,17.175500869750977,10.529399871826172,10.117899894714355,6.671199798583984,3.822098970413208,22.480499267578125,354.00299072265625,162.12600708007812,0.8335000276565552,194.552001953125,99.98899841308594,107.64600372314453,171.39700317382812,1.6215200424194336,1.506160020828247,2644.300048828125,31.518999099731445,1008.5,4.540999889373779,68.18000030517578,71.9800033569336,2.9019999504089355,418.0,1065.75,580.0,269.1499938964844,22.790000915527344,8281.0,73.54000091552734,183.75,82.05000305175781,1014.0,1.9529999494552612,2.132699966430664,16.959999084472656,100.41999816894531,3.749000072479248,4.48199987411499,5738.169921875,42313.0,18119.58984375,8320.7998046875,39829.55859375
2024-09-30,1.1169815063476562,1.338329792022705,142.7830047607422,0.6918787360191345,1.3508800268173218,0.840499997138977,0.634981095790863,83.71640014648438,7.010300159454346,1.2806999683380127,7.773280143737793,1309.300048828125,5.433199882507324,19.63050079345703,34.1490592956543,17.087600708007812,10.484600067138672,10.082639694213867,6.6753997802734375,3.8237318992614746,22.47719955444336,355.0799865722656,159.47999572753906,0.834559977054596,191.08299255371094,98.78199768066406,105.68699645996094,169.71600341796875,1.6143100261688232,1.5088200569152832,2636.10009765625,31.163999557495117,979.0,4.495999813079834,68.16999816894531,71.7699966430664,2.9230000972747803,424.75,1057.0,584.0,270.25,22.670000076293945,7722.0,73.55999755859375,183.77499389648438,82.25,998.9000244140625,1.9621000289916992,2.1317999362945557,16.729999542236328,100.77999877929688,3.802000045776367,4.498000144958496,5762.47998046875,42330.1484375,18189.169921875,8237.0,37919.55078125
2024-10-01,1.113660216331482,1.3376137018203735,143.7100067138672,0.6915801763534546,1.352720022201538,0.8453099727630615,0.6345298290252686,83.82730102539062,7.017499923706055,1.2850699424743652,7.774099826812744,1315.3299560546875,5.448500156402588,19.66360092163086,34.20399856567383,17.280550003051758,10.535479545593262,10.152569770812988,6.693449974060059,3.8427000045776367,22.621999740600586,356.3999938964844,160.03199768066406,0.832539975643158,192.21299743652344,99.38200378417969,106.23699951171875,169.9939422607422,1.6102700233459473,1.5063600540161133,2667.300048828125,31.44499969482422,988.4000244140625,4.5355000495910645,69.83000183105469,73.55999755859375,2.8959999084472656,429.0,1057.25,599.0,264.1499938964844,22.969999313354492,7039.0,73.0,184.47500610351562,83.5,993.5999755859375,1.966599941253662,2.1742000579833984,19.260000228881836,101.19000244140625,3.743000030517578,4.48199987411499,5708.75,42156.96875,17910.359375,8276.7001953125,38651.96875
2024-10-02,1.1063904762268066,1.327404260635376,143.73599243164062,0.6879992485046387,1.3494600057601929,0.846340000629425,0.6282985806465149,83.87210083007812,7.030399799346924,1.2883000373840332,7.771679878234863,1324.8399658203125,5.423999786376953,19.626440048217773,34.18619918823242,17.403600692749023,10.607580184936523,10.27163028717041,6.7411699295043945,3.874540090560913,22.83180046081543,359.47900390625,159.0240020751953,0.8335400223731995,190.781005859375,98.87799835205078,106.50599670410156,169.81527709960938,1.6081700325012207,1.4929900169372559,2647.10009765625,31.628000259399414,1004.4000244140625,4.5960001945495605,70.0999984741211,73.9000015258789,2.885999917984009,432.5,1056.0,615.25,256.5,22.68000030517578,7064.0,73.16000366210938,187.4250030517578,84.67500305175781,1016.4000244140625,1.9859000444412231,2.1821000576019287,18.899999618530273,101.68000030517578,3.7850000858306885,4.4730000495910645,5709.5400390625,42196.51953125,17925.119140625,8290.900390625,37808.76171875
2024-10-03,1.1048502922058105,1.326611876487732,146.58200073242188,0.6887099742889404,1.3504899740219116,0.8499100208282471,0.6261191964149475,83.91960144042969,7.037700176239014,1.2920399904251099,7.762670040130615,1324.030029296875,5.440299987792969,19.408199310302734,34.23059844970703,17.34280014038086,10.57190990447998,10.261449813842773,6.752379894256592,3.883186101913452,22.91469955444336,361.9599914550781,161.91799926757812,0.8327199816703796,194.43499755859375,100.9260025024414,108.53900146484375,172.44752502441406,1.603950023651123,1.491819977760315,2657.10009765625,32.18899917602539,993.2000122070312,4.501999855041504,73.70999908447266,77.62000274658203,2.9700000286102295,428.25,1046.0,603.5,252.0500030517578,23.239999771118164,7030.0,72.48999786376953,186.0,84.17500305175781,997.2999877929688,2.092600107192993,2.2946999073028564,20.489999771118164,101.98999786376953,3.8499999046325684,4.465000152587891,5699.93994140625,42011.58984375,17918.48046875,8282.5,38552.05859375
2024-10-04,1.103557825088501,1.3130252361297607,146.83999633789062,0.6850300431251526,1.3548200130462646,0.8518099784851074,0.6217281222343445,84.0093994140625,7.045100212097168,1.2961000204086304,7.765379905700684,1334.4100341796875,5.47629976272583,19.335500717163086,34.22679901123047,17.48390007019043,10.598259925842285,10.292929649353027,6.759510040283203,3.9033119678497314,22.930400848388672,363.7099914550781,162.04100036621094,0.840470016002655,192.781005859375,100.5739974975586,108.3499984741211,172.37864685058594,1.6109600067138672,1.494860053062439,2645.800048828125,32.12799835205078,989.7999877929688,4.522500038146973,74.37999725341797,78.05000305175781,2.8540000915527344,424.75,1037.75,589.75,257.3500061035156,23.010000228881836,7069.0,73.02999877929688,187.0,84.0250015258789,995.2000122070312,2.0957999229431152,2.312700033187866,19.209999084472656,102.5199966430664,3.9809999465942383,4.505000114440918,5751.06982421875,42352.75,18137.849609375,8280.599609375,38635.62109375
2024-10-07,1.0974539518356323,1.3125253915786743,148.82000732421875,0.6800592541694641,1.3579200506210327,0.8586900234222412,0.6160784363746643,84.02780151367188,7.017499923706055,1.3046799898147583,7.766600131988525,1345.8800048828125,5.4542999267578125,19.27667999267578,34.22624969482422,17.47330093383789,10.669699668884277,10.372529983520508,6.794690132141113,3.9332199096679688,23.078800201416016,365.4859924316406,163.281005859375,0.8359100222587585,195.31399536132812,101.19300079345703,109.58699798583984,173.2969970703125,1.6133099794387817,1.4898300170898438,2644.800048828125,31.7450008392334,977.0,4.519000053405762,77.13999938964844,80.93000030517578,2.746000051498413,426.0,1034.0,592.5,244.64999389648438,22.549999237060547,6908.0,73.29000091552734,187.47500610351562,83.9749984741211,1023.0,2.1538000106811523,2.396199941635132,22.639999389648438,102.54000091552734,4.026000022888184,4.525000095367432,5695.93994140625,41954.23828125,17923.900390625,8303.599609375,39332.73828125
2024-10-08,1.0975743532180786,1.3084723949432373,148.14599609375,0.6755999326705933,1.361799955368042,0.8545799851417542,0.6128502488136292,83.96410369873047,7.019100189208984,1.303920030593872,7.766089916229248,1342.3699951171875,5.494200229644775,19.289670944213867,34.24570846557617,17.37310028076172,10.640999794006348,10.34788990020752,6.793700218200684,3.9377729892730713,23.101999282836914,366.0469970703125,162.57400512695312,0.838699996471405,193.82699584960938,100.05000305175781,108.76000213623047,173.33999633789062,1.623900055885315,1.4947500228881836,2615.0,30.354999542236328,951.7000122070312,4.4120001792907715,73.56999969482422,77.18000030517578,2.7330000400543213,420.75,1016.25,594.75,248.1999969482422,22.489999771118164,7050.0,72.02999877929688,188.47500610351562,84.125,1003.5999755859375,2.0680999755859375,2.2971999645233154,21.420000076293945,102.55000305175781,4.0329999923706055,4.5279998779296875,5751.1298828125,42080.37109375,18182.919921875,8190.60009765625,38937.5390625
2024-10-09,1.0975743532180786,1.309483289718628,148.15899658203125,0.6739597916603088,1.3652000427246094,0.8574000000953674,0.6131395697593689,83.91459655761719,7.057799816131592,1.3042800426483154,7.774700164794922,1341.31005859375,5.5346999168396,19.345399856567383,34.26350021362305,17.579059600830078,10.705920219421387,10.32625961303711,6.7945098876953125,3.9161999225616455,23.056699752807617,363.75,162.60699462890625,0.8381400108337402,193.99099731445312,99.83999633789062,108.50900268554688,172.7779998779297,1.6284600496292114,1.4984699487686157,2606.0,30.424999237060547,948.7000122070312,4.355000019073486,73.23999786376953,76.58000183105469,2.6600000858306885,421.0,1020.25,599.0,250.0500030517578,22.040000915527344,7351.0,72.01000213623047,188.1999969482422,83.92500305175781,1036.9000244140625,2.0664000511169434,2.276900053024292,20.860000610351562,102.93000030517578,4.066999912261963,4.534999847412109,5792.0400390625,42512.0,18291.619140625,8243.7001953125,39277.9609375
2024-10-10,1.0943313837051392,1.306830883026123,149.16000366210938,0.6717401146888733,1.3709299564361572,0.8604699969291687,0.6070908308029175,83.94219970703125,7.080100059509277,1.307289958000183,7.772600173950195,1343.02001953125,5.596099853515625,19.467449188232422,34.25619888305664,17.639999389648438,10.774299621582031,10.391830444335938,6.8165202140808105,3.925868034362793,23.140100479125977,364.4200134277344,163.2010040283203,0.8372399806976318,194.91000366210938,100.18699645996094,108.7969970703125,173.3280029296875,1.628749966621399,1.499940037727356,2620.60009765625,31.0049991607666,967.7000122070312,4.385000228881836,75.8499984741211,79.4000015258789,2.674999952316284,418.5,1014.75,603.75,254.75,22.15999984741211,7529.0,72.66000366210938,189.1750030517578,84.0250015258789,1065.4000244140625,2.150899887084961,2.3508999347686768,20.93000030517578,102.98999786376953,4.0960001945495605,4.53000020980835,5780.0498046875,42454.12109375,18282.05078125,8237.7001953125,39380.890625
2024-10-11,1.0933860540390015,1.3062163591384888,148.70399475097656,0.6740997433662415,1.3745700120925903,0.8565499782562256,0.6096000075340271,83.94599914550781,7.080100059509277,1.30594003200531,7.769559860229492,1349.739990234375,5.581699848175049,19.438400268554688,34.25233840942383,17.516359329223633,10.729439735412598,10.389570236206055,6.8231000900268555,3.9333529472351074,23.151899337768555,366.7969970703125,162.58200073242188,0.8370100259780884,194.2220001220703,100.21299743652344,108.16699981689453,173.5821990966797,1.6219500303268433,1.5028899908065796,2657.60009765625,31.520000457763672,985.0,4.451499938964844,75.55999755859375,79.04000091552734,2.631999969482422,415.75,1005.5,599.0,252.0500030517578,22.239999771118164,7739.0,72.20999908447266,188.60000610351562,84.07499694824219,1061.800048828125,2.151599884033203,2.343899965286255,20.459999084472656,102.88999938964844,4.072999954223633,4.514999866485596,5815.02978515625,42863.859375,18342.939453125,8253.7001953125,39605.80078125
2024-10-14,1.0925379991531372,1.3049037456512451,149.33399963378906,0.6731105446815491,1.378119945526123,0.858299970626831,0.6091692447662354,84.16829681396484,7.065199851989746,1.3074400424957275,7.772240161895752,1348.3299560546875,5.610599994659424,19.29953956604004,34.27619934082031,17.458560943603516,10.731639862060547,10.392999649047852,6.829599857330322,3.9272549152374268,23.16699981689453,367.4259948730469,163.1199951171875,0.8370800018310547,194.85299682617188,100.51100158691406,108.35299682617188,173.97799682617188,1.6227699518203735,1.5053499937057495,2647.800048828125,31.08300018310547,994.9000244140625,4.363500118255615,73.83000183105469,77.45999908447266,2.49399995803833,408.25,996.0,585.25,262.04998779296875,22.389999389648438,7615.0,71.02999877929688,188.25,84.0999984741211,1023.0999755859375,2.108599901199341,2.274199962615967,19.700000762939453,103.30000305175781,4.0980000495910645,4.51800012588501,5859.85009765625,43065.21875,18502.689453125,8292.7001953125,39605.80078125
2024-10-15,1.0909169912338257,1.3067454099655151,149.6699981689453,0.6725999116897583,1.3802900314331055,0.8621000051498413,0.6089614629745483,84.04850006103516,7.087200164794922,1.3079400062561035,7.7626800537109375,1357.27001953125,5.594699859619141,19.425949096679688,34.25215148925781,17.542600631713867,10.801799774169922,10.422240257263184,6.838600158691406,3.933440923690796,23.128599166870117,367.17999267578125,163.2729949951172,0.8348699808120728,195.55299377441406,100.62100219726562,108.427001953125,173.55599975585938,1.6222000122070312,1.5057200193405151,2661.39990234375,31.527000427246094,987.7000122070312,4.30049991607666,70.58000183105469,74.25,2.497999906539917,401.25,991.0,579.5,256.70001220703125,22.81999969482422,7942.0,70.62000274658203,186.72500610351562,75.2249984741211,1004.2000122070312,2.0376999378204346,2.187700033187866,20.639999389648438,103.26000213623047,4.038000106811523,4.514999866485596,5815.259765625,42740.421875,18315.58984375,8249.2998046875,39910.55078125
2024-10-16,1.0884116888046265,1.3065917491912842,149.0989990234375,0.6682080030441284,1.3781100511550903,0.8625400066375732,0.6056311726570129,84.05619812011719,7.117800235748291,1.3096100091934204,7.7677998542785645,1363.1800537109375,5.6519999504089355,19.695100784301758,34.19478988647461,17.642200469970703,10.826189994812012,10.419599533081055,6.8546600341796875,3.9430630207061768,23.160999298095703,367.5199890136719,162.28500366210938,0.8328999876976013,194.80799865722656,99.625,108.18599700927734,172.85227966308594,1.6287800073623657,1.499899983406067,2674.0,31.760000228881836,993.7999877929688,4.331500053405762,70.38999938964844,74.22000122070312,2.367000102996826,404.75,980.0,585.0,258.0,22.0,7765.0,71.26000213623047,187.0500030517578,77.69999694824219,1019.0,2.040299892425537,2.1747000217437744,19.579999923706055,103.58999633789062,4.015999794006348,4.502999782562256,5842.47021484375,43077.69921875,18367.080078125,8329.099609375,39180.30078125
2024-10-17,1.0862481594085693,1.29902184009552,149.5760040283203,0.6664889454841614,1.375499963760376,0.8652999997138977,0.6058696508407593,84.03929901123047,7.1184000968933105,1.313349962234497,7.770470142364502,1364.199951171875,5.668000221252441,19.898700714111328,34.16460037231445,17.633399963378906,10.91234016418457,10.505200386047363,6.870450019836426,3.9549479484558105,23.25950050354004,369.2969970703125,162.42100524902344,0.8358299732208252,194.26400756835938,99.68099975585938,108.72799682617188,172.79168701171875,1.6292099952697754,1.493690013885498,2691.0,31.572999954223633,997.0,4.286499977111816,70.66999816894531,74.44999694824219,2.3469998836517334,406.75,988.75,589.5,255.14999389648438,22.15999984741211,7771.0,70.76000213623047,186.625,77.67500305175781,1038.300048828125,2.046799898147583,2.194499969482422,19.110000610351562,103.83000183105469,4.0960001945495605,4.514999866485596,5841.47021484375,43239.05078125,18373.609375,8385.099609375,38911.19140625
2024-10-18,1.0829542875289917,1.301574945449829,150.10000610351562,0.6699718832969666,1.3795700073242188,0.8659300208091736,0.6060715913772583,84.05380249023438,7.123000144958496,1.314170002937317,7.773600101470947,1370.050048828125,5.651800155639648,19.816810607910156,34.19219970703125,17.64590072631836,10.916399955749512,10.543259620666504,6.88730001449585,3.9768218994140625,23.278499603271484,369.54998779296875,162.5449981689453,0.832040011882782,195.3489990234375,100.5530014038086,108.79299926757812,173.28504943847656,1.6163400411605835,1.4939500093460083,2713.699951171875,33.03200149536133,1015.0999755859375,4.3460001945495605,69.22000122070312,73.05999755859375,2.257999897003174,404.75,970.0,572.75,257.29998779296875,22.18000030517578,7450.0,70.98999786376953,187.625,77.82499694824219,1077.699951171875,2.002000093460083,2.1521999835968018,18.030000686645508,103.48999786376953,4.072999954223633,4.513000011444092,5864.669921875,43275.91015625,18489.55078125,8358.2998046875,38981.75
2024-10-21,1.0868619680404663,1.3052616119384766,149.60000610351562,0.6716818809509277,1.3799599409103394,0.8649299740791321,0.6076700091362,84.0687026977539,7.100800037384033,1.309980034828186,7.76993989944458,1369.010009765625,5.635900020599365,19.868560791015625,34.276100158691406,17.579200744628906,10.918600082397461,10.520830154418945,6.861000061035156,3.959773063659668,23.21299934387207,368.3609924316406,162.5850067138672,0.8326399922370911,195.2519989013672,100.43399810791016,108.39900207519531,172.9409942626953,1.618690013885498,1.499750018119812,2723.10009765625,33.86899948120117,1007.5999755859375,4.322999954223633,70.55999755859375,74.29000091552734,2.312000036239624,409.5,981.0,572.25,251.6999969482422,21.829999923706055,7394.0,72.19999694824219,187.0,78.2750015258789,1048.4000244140625,2.014699935913086,2.183300018310547,18.3700008392334,104.01000213623047,4.182000160217285,4.51800012588501,5853.97998046875,42931.6015625,18540.009765625,8318.2001953125,38954.6015625
2024-10-22,1.0817828178405762,1.298296570777893,150.60499572753906,0.6653094291687012,1.3833500146865845,0.8654099702835083,0.6023297905921936,84.07350158691406,7.118000030517578,1.3166500329971313,7.77370023727417,1376.5,5.6880998611450195,19.960800170898438,34.24570083618164,17.599700927734375,10.94849967956543,10.557929992675781,6.894959926605225,3.9926860332489014,23.342100143432617,370.9700012207031,162.86000061035156,0.8330600261688232,195.48321533203125,100.17776489257812,108.8550033569336,173.9239959716797,1.6256099939346313,1.4955999851226807,2744.199951171875,34.83100128173828,1033.0,4.3480000495910645,72.08999633789062,76.04000091552734,2.311000108718872,416.5,991.75,576.0,249.85000610351562,21.729999542236328,7140.0,72.08000183105469,188.0500030517578,79.125,1074.199951171875,2.071500062942505,2.236999988555908,18.200000762939453,104.08000183105469,4.203999996185303,4.5,5851.2001953125,42924.890625,18579.76953125,8306.5,38411.9609375
2024-10-23,1.079727053642273,1.2982797622680664,151.13800048828125,0.6685997843742371,1.3816200494766235,0.8655300140380859,0.604580283164978,84.08399963378906,7.121699810028076,1.3161300420761108,7.77209997177124,1376.6300048828125,5.689300060272217,19.936199188232422,34.25310134887695,17.523799896240234,10.921699523925781,10.541600227355957,6.906599998474121,4.0029730796813965,23.333599090576172,370.5899963378906,163.17999267578125,0.8316199779510498,196.2100067138672,101.00399780273438,109.37899780273438,174.60757446289062,1.6151000261306763,1.4917399883270264,2714.39990234375,33.63999938964844,1019.7999877929688,4.304500102996826,70.7699966430664,74.95999908447266,2.3420000076293945,419.0,997.5,578.5,252.35000610351562,22.34000015258789,7001.0,72.51000213623047,187.625,80.17500305175781,1057.5,2.0413999557495117,2.22160005569458,19.239999771118164,104.43000030517578,4.242000102996826,4.505000114440918,5797.419921875,42514.94921875,18276.650390625,8258.599609375,38104.859375
2024-10-24,1.0780508518218994,1.291372299194336,152.7689971923828,0.663599967956543,1.3836699724197388,0.8667399883270264,0.6006186604499817,84.06759643554688,7.12529993057251,1.323009967803955,7.769400119781494,1377.3399658203125,5.686500072479248,19.832460403442383,34.26839828491211,17.776199340820312,10.986200332641602,10.5943603515625,6.9187798500061035,4.029655933380127,23.40530014038086,373.6960144042969,164.68600463867188,0.8347700238227844,197.2729949951172,101.3550033569336,110.4000015258789,176.2397003173828,1.624709963798523,1.4916000366210938,2734.89990234375,33.611000061035156,1024.199951171875,4.319499969482422,70.19000244140625,74.37999725341797,2.5220000743865967,421.5,996.25,581.5,245.4499969482422,22.200000762939453,6756.0,71.52999877929688,189.3000030517578,78.6500015258789,1161.0,2.0276999473571777,2.2023000717163086,19.079999923706055,104.05999755859375,4.199999809265137,4.486999988555908,5809.85986328125,42374.359375,18415.490234375,8269.400390625,38143.2890625
2024-10-25,1.0824151039123535,1.2973365783691406,151.7830047607422,0.663702130317688,1.3853299617767334,0.8658699989318848,0.6008387804031372,84.08180236816406,7.11870002746582,1.3187299966812134,7.77016019821167,1376.3199462890625,5.664000034332275,19.814199447631836,34.28770065307617,17.654399871826172,10.936180114746094,10.56190013885498,6.891300201416016,4.013193130493164,23.263200759887695,372.2799987792969,164.28900146484375,0.8342300057411194,196.88699340820312,100.70099639892578,109.55799865722656,175.26695251464844,1.631309986114502,1.498900055885315,2740.89990234375,33.60300064086914,1027.199951171875,4.3394999504089355,71.77999877929688,76.05000305175781,2.559999942779541,415.25,987.75,569.0,248.39999389648438,22.139999389648438,6770.0,70.66000366210938,189.6999969482422,79.67500305175781,1199.699951171875,2.0785000324249268,2.238100051879883,20.329999923706055,104.26000213623047,4.23199987411499,4.510000228881836,5808.1201171875,42114.3984375,18518.609375,8248.7998046875,37913.921875
2024-10-28,1.0796570777893066,1.295823574066162,152.95199584960938,0.6603406071662903,1.3895599842071533,0.8684599995613098,0.5979001522064209,84.10199737548828,7.120100021362305,1.3233100175857544,7.770730018615723,1387.6600341796875,5.685812950134277,19.946569442749023,34.28334045410156,17.65553092956543,10.985199928283691,10.61128044128418,6.910109996795654,4.02249002456665,23.405000686645508,373.6600036621094,165.12399291992188,0.8331500291824341,198.17999267578125,100.98899841308594,110.06300354003906,176.09571838378906,1.6349300146102905,1.5001800060272217,2742.89990234375,33.83000183105469,1037.300048828125,4.331999778747559,67.37999725341797,71.41999816894531,2.309000015258789,410.75,974.0,558.75,252.35000610351562,21.959999084472656,6917.0,70.36000061035156,190.1750030517578,80.625,1222.0,1.9664000272750854,2.1285998821258545,19.799999237060547,104.31999969482422,4.2779998779296875,4.48199987411499,5823.52001953125,42387.5703125,18567.189453125,8285.599609375,38605.53125
2024-10-29,1.0816774368286133,1.2974711656570435,153.1790008544922,0.6582671999931335,1.3889800310134888,0.8648599982261658,0.5986300110816956,84.10279846191406,7.127500057220459,1.3224799633026123,7.771900177001953,1381.969970703125,5.71019983291626,20.02873992919922,34.28770065307617,17.69202995300293,10.983920097351074,10.643349647521973,6.894599914550781,4.01977014541626,23.437000274658203,373.1910095214844,165.6840057373047,0.8337100148200989,198.71600341796875,100.81800079345703,110.2760009765625,177.0959930419922,1.6432199478149414,1.50232994556427,2768.39990234375,34.26900100708008,1051.0,4.332499980926514,67.20999908447266,71.12000274658203,2.3459999561309814,413.75,965.25,570.5,248.10000610351562,22.079999923706055,7267.0,70.55999755859375,189.3000030517578,82.82499694824219,1227.0,1.951799988746643,2.133699893951416,19.34000015258789,104.27999877929688,4.27400016784668,4.480000019073486,5832.919921875,42233.05078125,18712.75,8219.599609375,38903.6796875
2024-10-30,1.0820636749267578,1.3014055490493774,153.2740020751953,0.6563001871109009,1.3912800550460815,0.8672199845314026,0.5971183180809021,84.08930206298828,7.130099773406982,1.3235299587249756,7.771100044250488,1383.1800537109375,5.760000228881836,20.05377960205078,34.27479934692383,17.648000717163086,10.953709602355957,10.631790161132812,6.894000053405762,4.009109973907471,23.417999267578125,374.4200134277344,165.84800720214844,0.8314599990844727,199.4499969482422,100.54199981689453,110.16300201416016,176.7280731201172,1.649399995803833,1.5053499937057495,2788.5,33.91400146484375,1013.0999755859375,4.327499866485596,68.61000061035156,72.55000305175781,2.8450000286102295,411.5,976.5,573.25,249.60000610351562,22.219999313354492,7391.0,69.91999816894531,188.39999389648438,84.375,1149.0,1.9957000017166138,2.1875998973846436,20.350000381469727,103.98999786376953,4.265999794006348,4.4629998207092285,5813.669921875,42141.5390625,18607.9296875,8159.60009765625,39277.390625
2024-10-31,1.0859178304672241,1.2959579229354858,153.20399475097656,0.6572798490524292,1.3907999992370605,0.8662999868392944,0.5971112251281738,84.08910369873047,7.114799976348877,1.3219399452209473,7.77131986618042,1378.5699462890625,5.76230001449585,20.1639404296875,34.283199310302734,17.64529037475586,10.961199760437012,10.675350189208984,6.86899995803833,4.007625102996826,23.338699340820312,375.3900146484375,166.3730010986328,0.8378999829292297,198.52499389648438,100.697998046875,110.16899871826172,176.82699584960938,1.6519900560379028,1.510200023651123,2738.300048828125,32.65299987792969,991.5999755859375,4.313499927520752,69.26000213623047,73.16000366210938,2.7070000171661377,410.75,982.5,570.5,245.89999389648438,22.739999771118164,7334.0,69.56999969482422,193.0,83.80000305175781,1106.5,2.003499984741211,2.2195000648498535,23.15999984741211,103.9800033569336,4.283999919891357,4.432000160217285,5705.4501953125,41763.4609375,18095.150390625,8110.10009765625,39081.25
2024-11-01,1.0886130332946777,1.2897733449935913,151.97999572753906,0.657680094242096,1.3935199975967407,0.86353999376297,0.5971503853797913,84.09149932861328,7.118500232696533,1.3196799755096436,7.77377986907959,1372.9300537109375,5.789400100708008,20.050689697265625,34.29376983642578,17.595699310302734,10.993339538574219,10.646400451660156,6.853000164031982,3.997921943664551,23.248899459838867,375.1499938964844,165.41099548339844,0.8438599705696106,196.0070037841797,99.9520034790039,109.06800079345703,175.97450256347656,1.6547199487686157,1.5166599750518799,2738.60009765625,32.54199981689453,995.0999755859375,4.347499847412109,69.48999786376953,73.0999984741211,2.6630001068115234,414.5,982.5,568.0,242.9499969482422,22.06999969482422,7341.0,70.16999816894531,185.9250030517578,84.07499694824219,1103.800048828125,1.9665000438690186,2.2342000007629395,21.8799991607666,104.27999877929688,4.361000061035156,4.400000095367432,5728.7998046875,42052.19140625,18239.919921875,8177.2001953125,38053.671875
2024-11-04,1.087453007698059,1.2953401803970337,152.28700256347656,0.6591914296150208,1.3918800354003906,0.8676000237464905,0.5987414717674255,84.13359832763672,7.121699810028076,1.321969985961914,7.776189804077148,1379.3399658203125,5.677525997161865,20.081819534301758,34.32815170288086,17.56399917602539,11.00885009765625,10.684450149536133,6.858139991760254,4.003219127655029,23.29199981689453,374.489013671875,165.593994140625,0.839460015296936,197.25100708007812,100.37200164794922,109.40399932861328,175.50950622558594,1.6495699882507324,1.5134899616241455,2736.10009765625,32.47999954223633,982.4000244140625,4.4070000648498535,71.47000122070312,75.08000183105469,2.7809998989105225,416.5,987.25,568.75,245.9499969482422,21.93000030517578,7328.0,69.93000030517578,185.0749969482422,83.2249984741211,1066.4000244140625,2.019200086593628,2.28410005569458,21.979999542236328,103.88999938964844,4.309000015258789,4.418000221252441,5712.68994140625,41794.6015625,18179.98046875,8184.2001953125,38053.671875
2024-11-05,1.0874056816101074,1.2954542636871338,152.2760009765625,0.6584101915359497,1.3900699615478516,0.8641700148582458,0.5973715782165527,84.15249633789062,7.097799777984619,1.319700002670288,7.77269983291626,1372.8599853515625,5.790599822998047,20.093900680541992,34.34980010986328,17.502399444580078,11.004110336303711,10.72113037109375,6.858320236206055,4.0044331550598145,23.283000946044922,375.0799865722656,165.5749969482422,0.8393300175666809,197.2550048828125,100.25299835205078,109.53600311279297,176.1941680908203,1.651520013809204,1.5115000009536743,2740.300048828125,32.654998779296875,1000.4000244140625,4.450500011444092,71.98999786376953,75.52999877929688,2.6700000762939453,418.5,993.75,572.5,250.14999389648438,21.899999618530273,7251.0,69.94999694824219,184.77499389648438,81.125,1076.9000244140625,2.044600009918213,2.3041999340057373,20.489999771118164,103.41999816894531,4.289000034332275,4.422999858856201,5782.759765625,42221.87890625,18439.169921875,8172.39990234375,38474.8984375
2024-11-06,1.093445897102356,1.3043591976165771,151.43499755859375,0.6641499996185303,1.3832999467849731,0.8624100089073181,0.60165935754776,84.11630249023438,7.102200031280518,1.3133599758148193,7.771420001983643,1378.0,5.739799976348877,20.13159942626953,34.307498931884766,17.369699478149414,10.939499855041504,10.67926025390625,6.820400238037109,3.9794859886169434,23.136600494384766,373.54998779296875,165.5780029296875,0.8382599949836731,197.5030059814453,100.55599975585938,109.45899963378906,175.45899963378906,1.646299958229065,1.5125800371170044,2667.60009765625,31.22100067138672,986.0,4.222499847412109,71.69000244140625,74.91999816894531,2.746999979019165,426.25,994.5,573.25,248.75,22.030000686645508,6924.0,69.69000244140625,185.39999389648438,82.125,1036.0999755859375,2.035399913787842,2.2699999809265137,16.270000457763672,105.08999633789062,4.426000118255615,4.429999828338623,5929.0400390625,43729.9296875,18983.470703125,8166.7001953125,39480.671875
2024-11-07,1.073306918144226,1.2883278131484985,154.32000732421875,0.6567001342773438,1.394819974899292,0.8756999969482422,0.5938806533813477,84.2511978149414,7.1768999099731445,1.333150029182434,7.77603006362915,1399.800048828125,5.674799919128418,20.167009353637695,34.20090103149414,17.665700912475586,11.076499938964844,10.849459648132324,6.949560165405273,4.050858974456787,23.586700439453125,381.3500061035156,165.60899353027344,0.8329899907112122,198.79600524902344,101.33200073242188,110.6449966430664,176.2050018310547,1.634179949760437,1.4967999458312988,2698.39990234375,31.764999389648438,992.7999877929688,4.409999847412109,72.36000061035156,75.62999725341797,2.693000078201294,427.5,1015.5,571.5,260.3999938964844,22.200000762939453,7360.0,71.05000305175781,185.8249969482422,81.19999694824219,1017.4000244140625,2.0536000728607178,2.286400079727173,15.199999809265137,104.51000213623047,4.341000080108643,4.420000076293945,5973.10009765625,43729.33984375,19269.4609375,8140.7001953125,39381.41015625
2024-11-08,1.0795172452926636,1.2982292175292969,153.17999267578125,0.6676815152168274,1.3867299556732178,0.8727800250053406,0.6022282242774963,84.306396484375,7.141200065612793,1.3206700086593628,7.770999908447266,1372.0799560546875,5.690999984741211,19.793569564819336,34.340030670166016,17.282550811767578,10.871199607849121,10.684980392456055,6.9079999923706055,3.993273973464966,23.37350082397461,374.3940124511719,165.3520050048828,0.8314899802207947,198.8459930419922,102.26899719238281,110.45800018310547,175.49600219726562,1.6167399883270264,1.496880054473877,2687.5,31.358999252319336,973.5999755859375,4.286499977111816,70.37999725341797,73.87000274658203,2.6689999103546143,431.0,1016.75,572.5,253.35000610351562,21.81999969482422,7117.0,70.9800033569336,183.6999969482422,80.42500305175781,988.9000244140625,2.012500047683716,2.2388999462127686,14.9399995803833,105.0,4.306000232696533,4.422999858856201,5995.5400390625,43988.98828125,19286.779296875,8072.39990234375,39500.37109375
2024-11-11,1.0714898109436035,1.2917059659957886,152.9040069580078,0.65845787525177,1.390779972076416,0.8759999871253967,0.5966302156448364,84.38289642333984,7.178199768066406,1.3276699781417847,7.774839878082275,1397.199951171875,5.736400127410889,20.13759994506836,34.35115051269531,17.613649368286133,10.993570327758789,10.819419860839844,6.959179878234863,4.032581806182861,23.551000595092773,379.38299560546875,163.8280029296875,0.8294900059700012,197.49200439453125,100.67400360107422,109.93299865722656,174.53500366210938,1.6271899938583374,1.4901299476623535,2611.199951171875,30.540000915527344,964.2999877929688,4.210999965667725,68.04000091552734,71.83000183105469,2.9200000762939453,430.0,1011.75,565.5,256.20001220703125,21.360000610351562,7298.0,69.69000244140625,183.6999969482422,81.7750015258789,979.4000244140625,1.9570000171661377,2.1975998878479004,14.970000267028809,105.54000091552734,4.308000087738037,4.414999961853027,6001.35009765625,44293.12890625,19298.759765625,8125.2001953125,39533.3203125
2024-11-12,1.066439151763916,1.2874983549118042,153.47999572753906,0.6577605605125427,1.3921500444412231,0.8802700042724609,0.596911609172821,84.39649963378906,7.211100101470947,1.3329499959945679,7.775899887084961,1400.550048828125,5.75540018081665,20.339500427246094,34.32659912109375,17.90839958190918,11.020279884338379,10.834380149841309,6.995699882507324,4.087399959564209,23.736400604248047,384.3680114746094,163.61599731445312,0.8282099962234497,197.55499267578125,100.94100189208984,110.23899841308594,174.3070068359375,1.6208900213241577,1.4842699766159058,2600.0,30.68600082397461,942.9000244140625,4.119500160217285,68.12000274658203,71.88999938964844,2.9070000648498535,428.5,1003.5,552.25,263.54998779296875,21.350000381469727,7867.0,68.7699966430664,184.39999389648438,82.3499984741211,938.2999877929688,1.9643000364303589,2.2107999324798584,14.710000038146973,106.0199966430664,4.432000160217285,4.422999858856201,5983.990234375,43910.98046875,19281.400390625,8025.7998046875,39376.08984375
2024-11-13,1.061672568321228,1.2739177942276,154.65499877929688,0.6529401540756226,1.3945499658584595,0.8821600079536438,0.5923293828964233,84.39530181884766,7.231599807739258,1.3388899564743042,7.778200149536133,1406.6500244140625,5.748199939727783,20.582700729370117,34.37080001831055,18.10110092163086,11.079950332641602,10.904789924621582,7.025899887084961,4.097169876098633,23.884700775146484,386.8500061035156,164.1929931640625,0.8335000276565552,196.99200439453125,100.9729995727539,110.89600372314453,175.30099487304688,1.625499963760376,1.4804500341415405,2580.800048828125,30.59000015258789,938.0999755859375,4.065999984741211,68.43000030517578,72.27999877929688,2.9830000400543213,426.5,1004.25,541.0,271.6499938964844,21.170000076293945,8163.0,68.9000015258789,184.02499389648438,81.875,929.5,1.9651000499725342,2.2193000316619873,14.020000457763672,106.4800033569336,4.451000213623047,4.389999866485596,5985.3798828125,43958.19140625,19230.720703125,8030.2998046875,38721.66015625
2024-11-14,1.0564124584197998,1.27068030834198,155.4290008544922,0.6492705345153809,1.3992700576782227,0.8857700228691101,0.5882906913757324,84.4229965209961,7.223499774932861,1.3429499864578247,7.781139850616455,1399.0,5.8059000968933105,20.518400192260742,34.34519958496094,18.225299835205078,11.133099555969238,10.979530334472656,7.060299873352051,4.107123851776123,23.912700653076172,385.9100036621094,164.1909942626953,0.8313400149345398,197.48699951171875,100.90699768066406,111.0739974975586,175.46270751953125,1.627020001411438,1.4780999422073364,2568.199951171875,30.507999420166016,938.7000122070312,4.072999954223633,68.69999694824219,72.55999755859375,2.7850000858306885,419.0,985.75,530.25,278.95001220703125,21.559999465942383,8686.0,68.31999969482422,182.9499969482422,80.0999984741211,923.4000244140625,1.9816999435424805,2.2123000621795654,14.3100004196167,106.66999816894531,4.418000221252441,4.382999897003174,5949.169921875,43750.859375,19107.650390625,8071.2001953125,38535.69921875
2024-11-15,1.0530084371566772,1.266784906387329,156.46800231933594,0.6455498337745667,1.406149983406067,0.8904399871826172,0.5849800705909729,84.47380065917969,7.2291998863220215,1.3457000255584717,7.7814202308654785,1400.8299560546875,5.788300037384033,20.438600540161133,34.29668045043945,14.860369682312012,11.1496000289917,10.995599746704102,7.0833001136779785,4.102910041809082,23.994600296020508,385.8299865722656,164.75999450683594,0.8312100172042847,198.20799255371094,100.98500061035156,111.26899719238281,175.64300537109375,1.6311099529266357,1.4805400371551514,2565.699951171875,30.371000289916992,939.7999877929688,4.051000118255615,67.0199966430664,71.04000091552734,2.822999954223633,424.0,998.5,536.5,281.79998779296875,21.579999923706055,8607.0,66.80000305175781,182.9499969482422,79.5,941.2999877929688,1.9493000507354736,2.1709001064300537,16.139999389648438,106.69000244140625,4.427999973297119,4.39300012588501,5870.6201171875,43444.98828125,18680.119140625,8063.60009765625,38642.91015625
2024-11-18,1.0533745288848877,1.261765956878662,154.66400146484375,0.6463413834571838,1.4085899591445923,0.888670027256012,0.5863211154937744,84.47750091552734,7.230999946594238,1.3423899412155151,7.786349773406982,1394.3499755859375,5.794600009918213,20.356170654296875,34.34925842285156,18.166549682617188,11.081950187683105,10.979049682617188,7.080420017242432,4.102700233459473,23.98200035095215,386.25,162.91400146484375,0.8348199725151062,195.14100646972656,99.95800018310547,109.79000091552734,174.02200317382812,1.6297099590301514,1.483739972114563,2610.60009765625,31.163000106811523,969.0999755859375,4.107999801635742,69.16000366210938,73.30000305175781,2.9730000495910645,429.25,1009.75,547.25,280.75,22.200000762939453,8404.0,66.62000274658203,184.10000610351562,80.0250015258789,1006.2000122070312,2.0183000564575195,2.2513999938964844,15.579999923706055,106.27999877929688,4.414000034332275,4.4029998779296875,5893.6201171875,43389.6015625,18791.810546875,8109.2998046875,38220.8515625
2024-11-19,1.059490442276001,1.2679253816604614,154.61700439453125,0.650590181350708,1.4022400379180908,0.8831999897956848,0.5890703797340393,84.39849853515625,7.235400199890137,1.338420033454895,7.783520221710205,1389.5,5.746399879455566,20.213289260864258,34.571998596191406,17.938100814819336,10.998769760131836,10.896080017089844,7.04010009765625,4.071169853210449,23.84830093383789,383.2850036621094,163.80799865722656,0.8355799913406372,196.0279998779297,100.58599853515625,110.26399993896484,175.0500030517578,1.6284500360488892,1.4855400323867798,2627.10009765625,31.20800018310547,973.2999877929688,4.130000114440918,69.38999938964844,73.30999755859375,2.997999906539917,427.25,998.5,549.75,279.75,22.020000457763672,8574.0,66.88999938964844,186.5749969482422,79.55000305175781,1035.300048828125,2.0376999378204346,2.2402000427246094,16.350000381469727,106.20999908447266,4.379000186920166,4.4079999923706055,5916.97998046875,43268.94140625,18987.470703125,8099.0,38414.4296875
2024-11-20,1.0607603788375854,1.2694543600082397,154.71800231933594,0.6541501879692078,1.3954999446868896,0.882070004940033,0.5919612050056458,84.39759826660156,7.238100051879883,1.3367700576782227,7.7833099365234375,1392.1600341796875,5.7718000411987305,20.10972023010254,34.499298095703125,18.026399612426758,10.955080032348633,10.90725040435791,7.032040119171143,4.081850051879883,23.81800079345703,384.6090087890625,164.10800170898438,0.8355500102043152,196.39700317382812,101.2020034790039,110.85800170898438,175.36061096191406,1.6214699745178223,1.4802099466323853,2648.199951171875,30.95599937438965,960.7000122070312,4.143499851226807,68.87000274658203,72.80999755859375,3.193000078201294,430.25,990.5,552.5,295.29998779296875,21.649999618530273,8340.0,68.45999908447266,186.3000030517578,80.5250015258789,1023.9000244140625,2.045799970626831,2.226300001144409,17.15999984741211,106.68000030517578,4.406000137329102,4.409999847412109,5917.10986328125,43408.46875,18966.140625,8085.10009765625,38352.33984375
2024-11-21,1.0546187162399292,1.2655344009399414,155.2949981689453,0.6513999700546265,1.3968000411987305,0.883650004863739,0.5884000062942505,84.38310241699219,7.24399995803833,1.342650055885315,7.7829999923706055,1397.6199951171875,5.770699977874756,20.274620056152344,34.4692497253418,18.10890007019043,11.061079978942871,11.022049903869629,7.072869777679443,4.10830020904541,23.960899353027344,388.30999755859375,163.75999450683594,0.8333600163459778,196.49600219726562,101.11900329589844,111.15899658203125,175.71800231933594,1.6194100379943848,1.472599983215332,2672.10009765625,30.91200065612793,965.2000122070312,4.11299991607666,70.0999984741211,74.2300033569336,3.3389999866485596,426.75,977.75,548.75,298.6499938964844,21.3799991607666,8449.0,69.19000244140625,185.60000610351562,80.80000305175781,1042.5999755859375,2.0594000816345215,2.274399995803833,16.8700008392334,106.97000122070312,4.432000160217285,4.413000106811523,5948.7099609375,43870.3515625,18972.419921875,8149.2998046875,38026.171875
2024-11-22,1.0469341278076172,1.2584789991378784,154.21800231933594,0.6510289311408997,1.3980000019073486,0.886900007724762,0.5857407450675964,84.48829650878906,7.233699798583984,1.3466099500656128,7.782800197601318,1399.5999755859375,5.8140997886657715,20.414119720458984,34.527099609375,18.097299575805664,11.072649955749512,11.063070297241211,7.124279975891113,4.147564888000488,24.193599700927734,392.2829895019531,161.44200134277344,0.831849992275238,194.05999755859375,100.38700103759766,110.30699920654297,173.86952209472656,1.6080100536346436,1.4634499549865723,2709.89990234375,31.30900001525879,969.7000122070312,4.073999881744385,71.23999786376953,75.16999816894531,3.128999948501587,425.5,983.5,544.25,305.25,21.360000610351562,8897.0,71.6500015258789,186.77499389648438,81.67500305175781,1017.0,2.0613999366760254,2.274899959564209,15.239999771118164,107.48999786376953,4.409999847412109,4.414999961853027,5969.33984375,44296.51171875,19003.650390625,8262.099609375,38283.8515625
2024-11-25,1.0479873418807983,1.2593823671340942,154.14599609375,0.6539880037307739,1.393280029296875,0.890470027923584,0.5862111449241638,84.43599700927734,7.242000102996826,1.3430999517440796,7.783160209655762,1403.510009765625,5.799300193786621,20.350839614868164,34.420040130615234,17.997129440307617,11.01338005065918,10.967530250549316,7.116260051727295,4.137335777282715,24.165599822998047,392.24700927734375,161.5330047607422,0.8320900201797485,194.1179962158203,100.5999984741211,110.62799835205078,173.08900451660156,1.6023399829864502,1.4600399732589722,2616.800048828125,30.209999084472656,938.7999877929688,4.0914998054504395,68.94000244140625,73.01000213623047,3.36899995803833,424.75,985.75,535.75,308.3500061035156,21.149999618530273,8863.0,73.19999694824219,186.5,81.9749984741211,979.7999877929688,2.000499963760376,2.235300064086914,14.600000381469727,106.81999969482422,4.264999866485596,4.40500020980835,5987.3701171875,44736.5703125,19054.83984375,8291.7001953125,38780.140625
2024-11-26,1.0444300174713135,1.2533055543899536,154.3780059814453,0.646379828453064,1.4098399877548218,0.8888000249862671,0.5811284184455872,84.37750244140625,7.239500045776367,1.3490999937057495,7.782320022583008,1395.56005859375,5.7972002029418945,20.580469131469727,34.597530364990234,17.984699249267578,11.108790397644043,11.04977035522461,7.141819953918457,4.124800205230713,24.214000701904297,391.8139953613281,161.22000122070312,0.8333100080490112,193.4499969482422,99.77999877929688,109.49299621582031,173.6739959716797,1.6157599687576294,1.4722800254821777,2620.300048828125,30.38800048828125,923.2999877929688,4.039000034332275,68.7699966430664,72.80999755859375,3.430999994277954,420.0,983.5,539.5,312.1499938964844,21.56999969482422,9033.0,73.37000274658203,186.89999389648438,83.0999984741211,987.2000122070312,1.9917999505996704,2.2404000759124756,14.100000381469727,107.01000213623047,4.302000045776367,4.394999980926514,6021.6298828125,44860.30859375,19174.30078125,8258.599609375,38442.0
2024-11-27,1.0491198301315308,1.2573871612548828,153.00900268554688,0.6475173830986023,1.405310034751892,0.8862699866294861,0.5837098360061646,84.33910369873047,7.251999855041504,1.3458800315856934,7.782700061798096,1395.27001953125,5.809599876403809,20.65250015258789,34.65359878540039,18.179899215698242,11.142849922180176,10.981749534606934,7.109220027923584,4.10306978225708,24.074800491333008,391.32000732421875,160.50599670410156,0.83433997631073,192.37600708007812,99.0510025024414,108.86799621582031,172.6020050048828,1.62021005153656,1.4742399454116821,2639.89990234375,30.111000061035156,926.9000244140625,4.066999912261963,68.72000122070312,72.83000183105469,3.2039999961853027,415.75,988.75,537.75,326.1499938964844,21.690000534057617,8844.0,73.56999969482422,188.0,82.4000015258789,982.7999877929688,1.9733999967575073,2.2035999298095703,14.100000381469727,106.08000183105469,4.242000102996826,4.385000228881836,5998.740234375,44722.05859375,19060.48046875,8274.7998046875,38134.96875
2024-11-28,1.0562450885772705,1.2677645683288574,151.33599853515625,0.6497219204902649,1.4026299715042114,0.8820000290870667,0.5893411636352539,84.42030334472656,7.246200084686279,1.3409500122070312,7.781030178070068,1388.469970703125,5.937399864196777,20.598169326782227,34.63650131225586,18.171199798583984,11.067700386047363,10.911270141601562,7.0609002113342285,4.070437908172607,23.913000106811523,390.1520080566406,159.85299682617188,0.8331300020217896,191.85899353027344,98.33300018310547,107.89199829101562,171.52200317382812,1.6254899501800537,1.4814300537109375,2639.89990234375,30.111000061035156,926.9000244140625,4.066999912261963,68.72000122070312,72.83000183105469,3.2039999961853027,415.75,988.75,537.75,326.1499938964844,21.690000534057617,8844.0,73.56999969482422,188.0,82.4000015258789,982.7999877929688,1.9733999967575073,2.2035999298095703,14.100000381469727,106.08000183105469,4.242000102996826,4.385000228881836,5998.740234375,44722.05859375,19060.48046875,8281.2001953125,38349.05859375
2024-11-29,1.0563008785247803,1.2696800231933594,151.1739959716797,0.6507400274276733,1.4007200002670288,0.8823400139808655,0.5896400213241577,84.47160339355469,7.2428998947143555,1.3413200378417969,7.783599853515625,1393.300048828125,6.013899803161621,20.436199188232422,34.64836883544922,18.080699920654297,11.037599563598633,10.915410041809082,7.061309814453125,4.073911190032959,23.904499053955078,391.70001220703125,159.6540069580078,0.8318300247192383,191.91000366210938,98.36599731445312,107.91899871826172,171.3090057373047,1.6229699850082397,1.4792699813842773,2657.0,30.684999465942383,949.5,4.08050012588501,68.0,72.94000244140625,3.36299991607666,423.0,989.5,532.25,321.6499938964844,21.079999923706055,9220.0,73.3499984741211,187.97500610351562,82.07499694824219,990.2000122070312,1.9436999559402466,2.193000078201294,13.510000228881836,105.73999786376953,4.177999973297119,4.373000144958496,6032.3798828125,44910.6484375,19218.169921875,8287.2998046875,38208.03125
2024-12-02,1.0545074939727783,1.270163893699646,149.8979949951172,0.6502415537834167,1.4012600183486938,0.8820269703865051,0.5906500220298767,84.55699920654297,7.240699768066406,1.3411799669265747,7.781519889831543,1399.8599853515625,5.973199844360352,20.378610610961914,34.693389892578125,18.091520309448242,11.055520057678223,10.927069664001465,7.073019981384277,4.070977210998535,23.944000244140625,390.86199951171875,158.05099487304688,0.8301200270652771,190.37399291992188,97.45800018310547,106.96499633789062,169.91798400878906,1.6215300559997559,1.4774600267410278,2634.89990234375,30.448999404907227,945.9000244140625,4.075500011444092,68.0999984741211,71.83000183105469,3.2130000591278076,424.5,985.25,537.5,299.20001220703125,21.06999969482422,9197.0,72.43000030517578,187.52499389648438,83.2249984741211,991.9000244140625,1.917199969291687,2.1777000427246094,13.34000015258789,106.44999694824219,4.196000099182129,4.380000114440918,6047.14990234375,44782.0,19403.94921875,8312.900390625,38513.01953125
2024-12-03,1.0501223802566528,1.265854835510254,149.50799560546875,0.6475300192832947,1.4042999744415283,0.8862800002098083,0.5884602665901184,84.73709869384766,7.270899772644043,1.3448799848556519,7.781370162963867,1401.06005859375,6.05679988861084,20.40690040588379,34.74789810180664,18.128400802612305,11.092229843139648,10.985509872436523,7.103109836578369,4.077099800109863,24.036300659179688,394.69000244140625,156.98699951171875,0.829509973526001,189.24099731445312,96.79900360107422,106.44200134277344,168.67300415039062,1.6217000484466553,1.474769949913025,2644.699951171875,31.07699966430664,955.7999877929688,4.145999908447266,69.94000244140625,73.62000274658203,3.0420000553131104,423.25,991.75,536.75,297.70001220703125,21.3700008392334,8833.0,72.69000244140625,188.47500610351562,83.25,983.7000122070312,1.962399959564209,2.2177000045776367,13.300000190734863,106.37000274658203,4.2230000495910645,4.35699987411499,6049.8798828125,44705.53125,19480.91015625,8359.400390625,39248.859375
2024-12-04,1.0510826110839844,1.2674272060394287,149.64700317382812,0.6485504508018494,1.4065899848937988,0.8863999843597412,0.5882110595703125,84.68309783935547,7.28380012512207,1.3448699712753296,7.7829999923706055,1411.6700439453125,6.043099880218506,20.30389976501465,34.74760055541992,18.09830093383789,11.055919647216797,10.985739707946777,7.095459938049316,4.083395004272461,23.912599563598633,394.3399963378906,157.27499389648438,0.8292400240898132,189.6479949951172,97.04299926757812,106.37899780273438,168.7969970703125,1.6202000379562378,1.4782999753952026,2653.800048828125,31.5049991607666,948.9000244140625,4.142000198364258,68.54000091552734,72.30999755859375,3.0429999828338623,422.0,983.75,538.0,305.95001220703125,21.260000228881836,9196.0,72.5999984741211,188.375,82.5,988.7999877929688,1.9391000270843506,2.1673998832702637,13.449999809265137,106.33999633789062,4.179999828338623,4.34499979019165,6086.490234375,45014.0390625,19735.119140625,8335.7998046875,39276.390625
2024-12-05,1.051414132118225,1.2701154947280884,150.56700134277344,0.6432936787605286,1.4073100090026855,0.8837500214576721,0.5857201814651489,84.70700073242188,7.263000011444092,1.343649983406067,7.784299850463867,1410.800048828125,6.03879976272583,20.308639526367188,34.73649978637695,18.15488052368164,11.053019523620605,10.920820236206055,7.094200134277344,4.070280075073242,23.922700881958008,393.1199951171875,158.2779998779297,0.8276299834251404,191.2270050048828,96.8239974975586,106.98500061035156,170.35829162597656,1.634619951248169,1.479259967803955,2626.60009765625,31.134000778198242,937.2000122070312,4.135000228881836,68.30000305175781,72.08999633789062,3.0789999961853027,426.5,993.75,546.75,315.75,21.200000762939453,9648.0,72.38999938964844,186.97500610351562,82.42500305175781,970.0999755859375,1.9325000047683716,2.1556999683380127,13.539999961853027,105.70999908447266,4.179999828338623,4.329999923706055,6075.10986328125,44765.7109375,19700.259765625,8349.400390625,39395.6015625
2024-12-06,1.058559536933899,1.2759333848953247,150.20700073242188,0.6449898481369019,1.40215003490448,0.8784199953079224,0.5882214307785034,84.68379974365234,7.259200096130371,1.3385499715805054,7.781589984893799,1399.989990234375,6.010300159454346,20.19179916381836,34.76679992675781,18.008699417114258,11.034520149230957,10.847999572753906,7.0452799797058105,4.026400089263916,23.665800094604492,389.8299865722656,158.9884796142578,0.8295999765396118,191.63699340820312,96.87300109863281,107.11299896240234,170.97900390625,1.6406999826431274,1.484179973602295,2638.60009765625,31.18600082397461,930.0,4.138500213623047,67.19999694824219,71.12000274658203,3.0759999752044678,430.75,993.75,542.5,332.5,21.809999465942383,9767.0,71.4000015258789,187.375,83.30000305175781,960.2999877929688,1.9062000513076782,2.1326000690460205,12.770000457763672,105.97000122070312,4.151000022888184,4.295000076293945,6090.27001953125,44642.51953125,19859.76953125,8308.599609375,39091.171875
2024-12-09,1.0565463304519653,1.2749296426773071,150.02999877929688,0.639991819858551,1.4147800207138062,0.8786699771881104,0.5838802456855774,84.66600036621094,7.2692999839782715,1.3411799669265747,7.77977991104126,1424.219970703125,6.0883002281188965,20.170900344848633,34.77888107299805,18.002099990844727,11.151630401611328,10.922240257263184,7.058110237121582,4.036724090576172,23.743999481201172,391.4219970703125,158.5500030517578,0.8286899924278259,191.1699981689453,95.94599914550781,105.97000122070312,170.61700439453125,1.650820016860962,1.494729995727539,2664.89990234375,32.215999603271484,950.2000122070312,4.223499774932861,68.37000274658203,72.13999938964844,3.181999921798706,434.0,990.0,541.25,332.29998779296875,21.5,9977.0,69.94999694824219,187.8000030517578,82.9000015258789,988.5999755859375,1.9524999856948853,2.183500051498413,14.1899995803833,106.1500015258789,4.198999881744385,4.293000221252441,6052.85009765625,44401.9296875,19736.689453125,8352.099609375,39160.5
2024-12-10,1.0555204153060913,1.2749085426330566,151.4080047607422,0.643790602684021,1.417199969291687,0.8785899877548218,0.5858985781669617,84.84729766845703,7.259500026702881,1.3403799533843994,7.774240016937256,1426.5999755859375,6.076600074768066,20.245899200439453,34.81956100463867,17.774030685424805,11.121230125427246,10.901300430297852,7.065179824829102,4.029219150543213,23.761699676513672,389.4440002441406,159.8000030517578,0.8278099894523621,193.0330047607422,97.46700286865234,106.81999969482422,172.29409790039062,1.6395599842071533,1.496019959449768,2697.60009765625,32.362998962402344,945.2999877929688,4.223499774932861,68.58999633789062,72.19000244140625,3.1630001068115234,440.5,994.75,542.0,335.6499938964844,21.040000915527344,10387.0,69.4800033569336,189.85000610351562,82.92500305175781,974.5999755859375,1.9567999839782715,2.1861000061035156,14.180000305175781,106.4000015258789,4.2210001945495605,4.284999847412109,6034.91015625,44247.828125,19687.240234375,8280.400390625,39367.578125
2024-12-11,1.0532968044281006,1.2780042886734009,151.8070068359375,0.6376001834869385,1.4174400568008423,0.8824999928474426,0.58022141456604,84.8740005493164,7.248700141906738,1.3411999940872192,7.774069786071777,1433.949951171875,6.045300006866455,20.1607608795166,34.84510040283203,17.801300048828125,11.144700050354004,10.959400177001953,7.080699920654297,4.038893222808838,23.801300048828125,389.2439880371094,159.8719940185547,0.8240299820899963,193.9949951171875,96.78797912597656,107.09100341796875,171.968994140625,1.651729941368103,1.492400050163269,2733.800048828125,32.5620002746582,947.0,4.214000225067139,70.29000091552734,73.5199966430664,3.378000020980835,438.0,995.5,543.5,321.70001220703125,21.280000686645508,10458.0,70.1500015258789,192.25,83.5,1002.7000122070312,1.98580002784729,2.223299980163574,13.579999923706055,106.70999908447266,4.270999908447266,4.255000114440918,6084.18994140625,44148.55859375,20034.890625,8301.599609375,39372.23046875
2024-12-12,1.0506850481033325,1.2766337394714355,152.2449951171875,0.6383902430534363,1.4148900508880615,0.8832100033760071,0.5794212818145752,84.85710144042969,7.261099815368652,1.3429399728775024,7.774750232696533,1429.1500244140625,5.952700138092041,20.114200592041016,34.86470031738281,17.686100006103516,11.134570121765137,10.963479995727539,7.097370147705078,4.063248157501221,23.851499557495117,389.7690124511719,159.9199981689453,0.822950005531311,194.33599853515625,97.16999816894531,107.58699798583984,172.3361358642578,1.6457200050354004,1.4864699840545654,2687.5,31.22800064086914,936.5999755859375,4.195000171661377,70.0199966430664,73.41000366210938,3.4549999237060547,431.75,995.75,538.75,322.6000061035156,20.889999389648438,10702.0,70.08999633789062,192.125,83.55000305175781,983.0,1.9884999990463257,2.236599922180176,13.920000076293945,106.95999908447266,4.323999881744385,4.2230000495910645,6051.25,43914.12109375,19902.83984375,8311.7998046875,39849.140625
2024-12-13,1.0474056005477905,1.2677323818206787,152.58700561523438,0.6375001668930054,1.421720027923584,0.892009973526001,0.5770307183265686,84.83920288085938,7.267600059509277,1.3461999893188477,7.775100231170654,1427.8599853515625,5.996099948883057,20.191099166870117,34.94660186767578,17.77440071105957,11.149169921875,11.011240005493164,7.119800090789795,4.077610015869141,23.900400161743164,390.5159912109375,159.81399536132812,0.8257799744606018,193.427001953125,97.14900207519531,107.28299713134766,170.89300537109375,1.6436899900436401,1.4889600276947021,2656.0,30.655000686645508,921.2999877929688,4.14900016784668,71.29000091552734,74.48999786376953,3.2799999713897705,430.0,988.25,526.5,320.8500061035156,20.719999313354492,11181.0,69.2699966430664,193.64999389648438,83.7249984741211,953.0999755859375,2.001800060272217,2.2699999809265137,13.8100004196167,107.0,4.39900016784668,4.2179999351501465,6051.08984375,43828.05859375,19926.720703125,8300.2998046875,39470.44140625
2024-12-16,1.051005244255066,1.2627378702163696,153.4530029296875,0.6367115378379822,1.4225900173187256,0.8917440176010132,0.5770706534385681,84.802001953125,7.275100231170654,1.3481600284576416,7.775320053100586,1434.449951171875,6.040900230407715,20.105419158935547,34.95014953613281,17.822280883789062,11.133399963378906,10.968819618225098,7.095789909362793,4.0545878410339355,23.789600372314453,388.6669921875,161.27000427246094,0.8322799801826477,193.75399780273438,97.69400024414062,107.86100006103516,172.05999755859375,1.6505199670791626,1.4950400590896606,2651.39990234375,30.69700050354004,938.2999877929688,4.143499851226807,70.70999908447266,73.91000366210938,3.2139999866485596,445.0,982.0,550.0,328.75,20.68000030517578,11821.0,69.05999755859375,192.02499389648438,83.55000305175781,944.7999877929688,1.9757000207901,2.2639999389648438,14.6899995803833,106.86000061035156,4.396999835968018,4.228000164031982,6074.080078125,43717.48046875,20173.890625,8262.099609375,39457.48828125
2024-12-17,1.0517348051071167,1.2690355777740479,154.08599853515625,0.6376400589942932,1.4234700202941895,0.8940399885177612,0.5791997909545898,84.91729736328125,7.282400131225586,1.3491699695587158,7.774219989776611,1431.3499755859375,6.147299766540527,20.133819580078125,34.956600189208984,17.837099075317383,11.14330005645752,10.877099990844727,7.092199802398682,4.045478820800781,23.791799545288086,388.69000244140625,162.04800415039062,0.8286299705505371,195.53599548339844,98.24400329589844,108.23799896240234,172.34500122070312,1.6492500305175781,1.4969799518585205,2644.39990234375,30.572999954223633,941.5,4.0914998054504395,70.08000183105469,73.19000244140625,3.308000087738037,443.5,976.75,545.0,325.45001220703125,19.84000015258789,11765.0,68.69000244140625,192.25,83.19999694824219,932.5999755859375,1.9438999891281128,2.2279000282287598,15.869999885559082,106.95999908447266,4.385000228881836,4.239999771118164,6050.60986328125,43449.8984375,20109.060546875,8195.2001953125,39364.6796875
2024-12-18,1.0495051145553589,1.2710840702056885,153.57200622558594,0.6341153979301453,1.4309699535369873,0.8924800157546997,0.5758113265037537,84.91539764404297,7.284599781036377,1.3494000434875488,7.770299911499023,1436.4200439453125,6.1031999588012695,20.173749923706055,35.009300231933594,18.079700469970703,11.188420295715332,10.953499794006348,7.1072001457214355,4.063354015350342,23.882999420166016,389.95001220703125,161.16600036621094,0.8256300091743469,195.1929931640625,97.33699798583984,107.31300354003906,172.05740356445312,1.6555099487304688,1.5017199516296387,2636.5,30.40999984741211,932.5999755859375,4.099999904632568,70.58000183105469,73.38999938964844,3.374000072479248,437.25,951.75,541.25,333.1499938964844,19.649999618530273,12565.0,68.08000183105469,191.3000030517578,83.69999694824219,919.5999755859375,1.9428000450134277,2.255000114440918,27.6200008392334,108.02999877929688,4.49399995803833,4.23199987411499,5872.16015625,42326.87109375,19392.689453125,8199.099609375,39081.7109375
2024-12-19,1.0350252389907837,1.2567708492279053,154.67300415039062,0.6206199526786804,1.4460999965667725,0.9017000198364258,0.5617314577102661,85.16549682617188,7.285399913787842,1.3625999689102173,7.771599769592285,1451.5,6.288899898529053,20.37470054626465,35.04899978637695,18.32200050354004,11.386099815368652,11.13070011138916,7.2080302238464355,4.119699954986572,24.261999130249023,398.98199462890625,160.0749969482422,0.8235399723052979,194.3769989013672,95.98500061035156,106.9530029296875,171.51329040527344,1.6676100492477417,1.4966700077056885,2592.199951171875,29.0939998626709,921.5,4.020500183105469,69.91000366210938,72.87999725341797,3.5840001106262207,440.75,963.0,533.0,323.75,19.399999618530273,12107.0,67.91000366210938,190.35000610351562,83.625,897.0999755859375,1.9227999448776245,2.2376999855041504,24.09000015258789,108.41000366210938,4.570000171661377,4.21999979019165,5867.080078125,42342.23828125,19372.76953125,8105.2998046875,38813.578125
2024-12-20,1.0364949703216553,1.2497968673706055,157.6439971923828,0.6233997941017151,1.440310001373291,0.8989899754524231,0.562749981880188,85.27940368652344,7.295400142669678,1.3615000247955322,7.769999980926514,1437.449951171875,6.151599884033203,20.333999633789062,35.1396484375,18.391599655151367,11.433629989624023,11.027299880981445,7.195899963378906,4.103179931640625,24.223100662231445,400.0400085449219,163.39199829101562,0.8292700052261353,197.00999450683594,98.23100280761719,109.45600128173828,175.34300231933594,1.6629999876022339,1.492709994316101,2628.699951171875,29.65999984741211,934.4000244140625,4.040999889373779,69.45999908447266,72.94000244140625,3.747999906539917,446.25,974.5,533.0,325.0,19.510000228881836,11954.0,68.05999755859375,191.3249969482422,85.92500305175781,906.5999755859375,1.94159996509552,2.2316999435424805,18.360000610351562,107.62000274658203,4.52400016784668,4.215000152587891,5930.85009765625,42840.26171875,19572.599609375,8084.60009765625,38701.8984375
2024-12-23,1.0433076620101929,1.256991982460022,156.5330047607422,0.6252892017364502,1.4361300468444824,0.8930500149726868,0.5651601552963257,84.94499969482422,7.295400142669678,1.355370044708252,7.772759914398193,1445.4200439453125,6.084199905395508,20.063430786132812,35.13113021850586,18.271150588989258,11.314760208129883,11.023309707641602,7.148240089416504,4.082021236419678,24.045499801635742,396.47100830078125,163.3040008544922,0.8299700021743774,196.7429962158203,97.87000274658203,108.98899841308594,175.26100158691406,1.668429970741272,1.4982399940490723,2612.300048828125,29.88800048828125,946.9000244140625,4.0229997634887695,69.23999786376953,72.62999725341797,3.6559998989105225,447.75,969.5,540.5,327.25,19.540000915527344,11746.0,69.41999816894531,190.97500610351562,84.375,915.2999877929688,1.9383000135421753,2.226300001144409,16.780000686645508,108.04000091552734,4.598999977111816,4.215000152587891,5974.06982421875,42906.94921875,19764.880859375,8102.7001953125,39161.33984375
2024-12-24,1.0405826568603516,1.2534469366073608,157.1649932861328,0.6244925856590271,1.4374200105667114,0.8984699845314026,0.5646591186523438,85.0988998413086,7.296999931335449,1.3571200370788574,7.769800186157227,1442.699951171875,6.193900108337402,20.169300079345703,35.23160171508789,18.535310745239258,11.351180076599121,11.042380332946777,7.169219970703125,4.09743595123291,24.148000717163086,396.510009765625,163.43600463867188,0.8300899863243103,196.95492553710938,98.08000183105469,109.32499694824219,174.79800415039062,1.6660000085830688,1.4953999519348145,2620.0,29.974000930786133,958.5,4.049499988555908,70.0999984741211,73.58000183105469,3.946000099182129,448.5,975.25,534.75,328.6000061035156,19.540000915527344,11852.0,68.77999877929688,190.8000030517578,84.375,938.2999877929688,1.958899974822998,2.2214999198913574,14.270000457763672,108.26000213623047,4.591000080108643,4.199999809265137,6040.0400390625,43297.03125,20031.130859375,8137.0,39036.8515625
2024-12-25,1.0402579307556152,1.2536041736602783,157.10699462890625,0.6239081621170044,1.4362000226974487,0.9003000259399414,0.5648000836372375,85.18150329589844,7.294600009918213,1.3597999811172485,7.767399787902832,1453.4200439453125,6.175600051879883,20.153799057006836,34.883888244628906,18.678489685058594,11.35669994354248,11.04839038848877,7.174099922180176,4.0873799324035645,24.17729949951172,393.9179992675781,163.3699951171875,0.8289999961853027,196.89999389648438,97.94000244140625,109.38999938964844,174.17999267578125,1.6672999858856201,1.4930000305175781,2620.0,29.974000930786133,958.5,4.049499988555908,70.0999984741211,73.58000183105469,3.946000099182129,448.5,975.25,534.75,328.6000061035156,19.540000915527344,11852.0,68.77999877929688,190.8000030517578,84.375,938.2999877929688,1.958899974822998,2.2214999198913574,14.270000457763672,108.26000213623047,4.591000080108643,4.199999809265137,6040.0400390625,43297.03125,20031.130859375,8137.0,39130.4296875
2024-12-26,1.0399551391601562,1.254374623298645,157.13299560546875,0.6244574785232544,1.4353599548339844,0.8994200229644775,0.5650898814201355,85.41339874267578,7.2972002029418945,1.3589799404144287,7.765999794006348,1457.6099853515625,6.182799816131592,20.156639099121094,35.11949157714844,18.688199996948242,11.34214973449707,11.001919746398926,7.173900127410889,4.0884199142456055,24.16670036315918,394.0899963378906,163.4080047607422,0.8289999961853027,197.0970001220703,98.10299682617188,109.47200012207031,174.6849365234375,1.6655199527740479,1.4923700094223022,2638.800048828125,30.047000885009766,952.2000122070312,4.072000026702881,69.62000274658203,73.26000213623047,3.7149999141693115,453.75,988.0,541.0,324.6499938964844,19.260000228881836,11027.0,68.75,192.77499389648438,84.19999694824219,906.4000244140625,1.9457999467849731,2.2053000926971436,14.729999542236328,108.12999725341797,4.578999996185303,4.215000152587891,6037.58984375,43325.80078125,20020.359375,8137.0,39568.05859375
2024-12-27,1.0423181056976318,1.2529758214950562,157.7480010986328,0.6223007440567017,1.4410400390625,0.8988999724388123,0.5625594258308411,85.26090240478516,7.297299861907959,1.358780026435852,7.768199920654297,1466.989990234375,6.148499965667725,20.20479965209961,35.23429870605469,18.835800170898438,11.38815975189209,11.043020248413086,7.157139778137207,4.088500022888184,24.08930015563965,393.5010070800781,164.4550018310547,0.8317999839782715,197.625,98.15799713134766,109.46299743652344,175.56900024414062,1.6746599674224854,1.5018099546432495,2617.199951171875,29.655000686645508,917.5,4.0625,70.5999984741211,74.16999816894531,3.5139999389648438,454.0,980.0,546.5,322.6499938964844,19.3700008392334,10124.0,68.88999938964844,193.5,84.1500015258789,893.5999755859375,1.9581999778747559,2.244800090789795,15.949999809265137,108.0,4.61899995803833,4.177999973297119,5970.83984375,42992.2109375,19722.029296875,8149.7998046875,40281.16015625
2024-12-30,1.0429377555847168,1.257880687713623,157.8730010986328,0.6225099563598633,1.4403400421142578,0.9018399715423584,0.5639394521713257,85.38600158691406,7.297800064086914,1.3579000234603882,7.763319969177246,1472.800048828125,6.193699836730957,20.313169479370117,35.1602897644043,18.654499053955078,11.344900131225586,10.993639945983887,7.151259899139404,4.092367172241211,24.150999069213867,393.5140075683594,164.6739959716797,0.8290799856185913,198.57200622558594,98.26899719238281,109.61900329589844,175.07334899902344,1.675279974937439,1.5020999908447266,2606.10009765625,29.106000900268555,902.4000244140625,4.045499801635742,70.98999786376953,74.38999938964844,3.936000108718872,452.25,982.0,548.25,321.0,19.1299991607666,11507.0,68.4800033569336,194.0749969482422,81.625,894.2000122070312,1.9763000011444092,2.299499988555908,17.399999618530273,108.12999725341797,4.545000076293945,4.182000160217285,5906.93994140625,42573.73046875,19486.7890625,8121.0,39894.5390625
2024-12-31,1.040615200996399,1.254909873008728,156.9949951171875,0.621999979019165,1.434980034828186,0.9032400250434875,0.5639712810516357,85.7865982055664,7.298099994659424,1.3592699766159058,7.763500213623047,1467.3900146484375,6.1778998374938965,20.632200241088867,35.30524826049805,18.76490020751953,11.327619552612305,11.02383041381836,7.166800022125244,4.107069969177246,24.157100677490234,395.00799560546875,163.38600158691406,0.8291900157928467,196.99899291992188,97.62300109863281,109.39600372314453,173.79600524902344,1.673200011253357,1.4931399822235107,2629.199951171875,28.940000534057617,894.0,3.9860000610351562,71.72000122070312,74.63999938964844,3.632999897003174,458.5,998.25,551.5,319.75,19.260000228881836,11675.0,68.4000015258789,193.85000610351562,81.30000305175781,902.9000244140625,2.001499891281128,2.3206000328063965,17.350000381469727,108.48999786376953,4.572999954223633,4.208000183105469,5881.6298828125,42544.21875,19310.7890625,8173.0,39894.5390625
2025-01-02,1.0351860523223877,1.2519248723983765,157.718994140625,0.6194201707839966,1.437459945678711,0.9077500104904175,0.5598414540290833,85.78569793701172,7.298099994659424,1.3654600381851196,7.767930030822754,1473.52001953125,6.300000190734863,20.83024024963379,35.374000549316406,18.82015037536621,11.387040138244629,11.032190322875977,7.203680038452148,4.128580093383789,24.307899475097656,396.375,163.25599670410156,0.8268300294876099,197.40499877929688,97.65699768066406,109.69100189208984,173.72604370117188,1.6711399555206299,1.4876999855041504,2658.89990234375,29.621999740600586,908.9000244140625,3.9885001182556152,73.12999725341797,75.93000030517578,3.6600000858306885,459.5,999.5,545.75,326.8500061035156,19.729999542236328,11137.0,68.56999969482422,193.60000610351562,81.1500015258789,905.2000122070312,2.0518999099731445,2.3540000915527344,17.93000030517578,109.38999938964844,4.574999809265137,4.208000183105469,5868.5498046875,42392.26953125,19280.7890625,8260.099609375,39894.5390625
2025-01-03,1.0268205404281616,1.2380222082138062,157.36199951171875,0.6200800538063049,1.4402999877929688,0.9120100140571594,0.5592997670173645,85.80400085449219,7.298600196838379,1.3695299625396729,7.776800155639648,1471.6500244140625,6.151000022888184,20.592899322509766,35.3922004699707,18.739599227905273,11.382180213928223,11.142080307006836,7.264599800109863,4.15939998626709,24.474700927734375,402.1400146484375,161.55999755859375,0.8293399810791016,194.7975311279297,97.55999755859375,109.23699951171875,172.52699279785156,1.6558300256729126,1.4788899421691895,2645.0,29.805999755859375,934.5999755859375,4.0395002365112305,73.95999908447266,76.51000213623047,3.3540000915527344,450.75,981.0,529.25,318.6499938964844,19.649999618530273,11238.0,67.66000366210938,194.0500030517578,80.7750015258789,915.5999755859375,2.0536999702453613,2.3478000164031982,16.1299991607666,108.94999694824219,4.5960001945495605,4.192999839782715,5942.47021484375,42732.12890625,19621.6796875,8224.0,39894.5390625
2025-01-06,1.0305347442626953,1.2426837682724,157.4810028076172,0.6220104694366455,1.444000005722046,0.909309983253479,0.5616084337234497,85.75900268554688,7.3196001052856445,1.370650053024292,7.777550220489502,1465.530029296875,6.180699825286865,20.620149612426758,35.28929901123047,18.75200080871582,11.353050231933594,11.115249633789062,7.2371602058410645,4.141059875488281,24.38800048828125,402.5249938964844,162.28199768066406,0.829230010509491,195.68600463867188,97.94599914550781,109.0479965209961,173.1750946044922,1.6566799879074097,1.4880000352859497,2638.39990234375,30.341999053955078,929.2999877929688,4.126999855041504,73.55999755859375,76.30000305175781,3.671999931335449,457.75,992.5,540.5,318.6000061035156,19.329999923706055,11377.0,68.68000030517578,195.1999969482422,79.6500015258789,909.5999755859375,2.0355000495910645,2.3552000522613525,16.040000915527344,108.26000213623047,4.618000030517578,4.190000057220459,5975.3798828125,42706.55859375,19864.98046875,8249.7001953125,39307.05078125
2025-01-07,1.0386372804641724,1.2510946989059448,157.7429962158203,0.623910129070282,1.433859944343567,0.9050400257110596,0.5639108419418335,85.68070220947266,7.322299957275391,1.363700032234192,7.775310039520264,1459.449951171875,6.115499973297119,20.32080078125,35.34479904174805,18.54509925842285,11.297699928283691,11.04800033569336,7.182720184326172,4.091800212860107,24.20490074157715,400.70001220703125,163.79200744628906,0.8299000263214111,197.33900451660156,98.41000366210938,110.00599670410156,174.2729949951172,1.6642500162124634,1.4888299703598022,2656.699951171875,30.44700050354004,962.7999877929688,4.1605000495910645,74.25,77.05000305175781,3.4489998817443848,458.0,992.25,542.5,320.5,19.450000762939453,11210.0,68.51000213623047,195.5749969482422,79.17500305175781,921.2999877929688,2.026599884033203,2.366300106048584,17.81999969482422,108.54000091552734,4.683000087738037,4.203000068664551,5909.02978515625,42528.359375,19489.6796875,8245.2998046875,40083.30078125
2025-01-08,1.034554123878479,1.247785210609436,158.23599243164062,0.6234919428825378,1.4364099502563477,0.9094499945640564,0.5635485649108887,85.80650329589844,7.326399803161621,1.3646399974822998,7.77646017074585,1451.8800048828125,6.100900173187256,20.32733917236328,35.32183074951172,18.683300018310547,11.268219947814941,11.110600471496582,7.212399959564209,4.1168599128723145,24.267799377441406,401.3900146484375,163.66900634765625,0.8289600014686584,197.39999389648438,98.64800262451172,110.14800262451172,173.97500610351562,1.658959984779358,1.4857499599456787,2664.5,30.45199966430664,969.7999877929688,4.227499961853027,73.31999969482422,76.16000366210938,3.6510000228881836,454.0,987.5,536.25,316.45001220703125,19.239999771118164,10453.0,68.2300033569336,193.6999969482422,79.4749984741211,921.5,2.010200023651123,2.3506999015808105,17.700000762939453,109.08999633789062,4.692999839782715,4.204999923706055,5918.25,42635.19921875,19478.880859375,8251.0,39981.05859375
2025-01-09,1.0314701795578003,1.2359870672225952,158.19200134277344,0.6211604475975037,1.4377000331878662,0.9109500050544739,0.5605400204658508,85.90750122070312,7.331500053405762,1.3680399656295776,7.77918004989624,1457.969970703125,6.105800151824951,20.410959243774414,35.34980010986328,18.90591049194336,11.404789924621582,11.147859573364258,7.233349800109863,4.141499996185303,24.33060073852539,401.4129943847656,163.16200256347656,0.8344799876213074,195.51300048828125,98.25199890136719,110.01300048828125,173.63900756835938,1.6605099439620972,1.48294997215271,2683.800048828125,30.791000366210938,970.2999877929688,4.2795000076293945,73.91999816894531,76.91999816894531,3.7009999752044678,456.0,992.25,534.0,318.5,19.100000381469727,10927.0,68.5,197.60000610351562,81.7750015258789,923.9000244140625,2.0283000469207764,2.378200054168701,17.700000762939453,109.18000030517578,4.692999839782715,4.204999923706055,5918.25,42635.19921875,19478.880859375,8319.7001953125,39605.08984375
2025-01-10,1.0297601222991943,1.2299367189407349,158.04800415039062,0.6189700961112976,1.4401600360870361,0.9120699763298035,0.5593501329421997,85.91999816894531,7.332099914550781,1.367900013923645,7.782110214233398,1455.22998046875,6.034599781036377,20.506359100341797,35.38059997558594,18.935609817504883,11.401599884033203,11.157139778137207,7.245110034942627,4.135700225830078,24.34040069580078,401.6099853515625,162.7480010986328,0.8371599912643433,194.3800048828125,97.822998046875,109.73999786376953,173.28343200683594,1.6634000539779663,1.4827699661254883,2708.5,31.090999603271484,982.0999755859375,4.274499893188477,76.56999969482422,79.76000213623047,3.989000082015991,470.5,1013.5,530.75,323.8500061035156,19.219999313354492,10570.0,67.01000213623047,198.77499389648438,82.55000305175781,961.7000122070312,2.074899911880493,2.501699924468994,19.540000915527344,109.6500015258789,4.776000022888184,4.2129998207092285,5827.0400390625,41938.44921875,19161.630859375,8248.5,39190.3984375
2025-01-13,1.0244431495666504,1.2204945087432861,157.88699340820312,0.6154982447624207,1.4414900541305542,0.9167699813842773,0.5564799308776855,86.18800354003906,7.331699848175049,1.371250033378601,7.786099910736084,1472.25,6.105899810791016,20.70178985595703,35.39105987548828,19.090150833129883,11.4483003616333,11.215080261230469,7.282179832458496,4.161334991455078,24.466999053955078,402.531005859375,161.73699951171875,0.8393099904060364,192.6840057373047,97.1709976196289,109.5199966430664,172.20399475097656,1.664289951324463,1.4766299724578857,2673.5,30.090999603271484,962.0999755859375,4.295499801635742,78.81999969482422,81.01000213623047,3.934000015258789,476.5,1041.5,545.0,325.95001220703125,18.899999618530273,10928.0,67.63999938964844,197.39999389648438,83.17500305175781,934.7999877929688,2.1003000736236572,2.5332999229431152,19.190000534057617,109.95999908447266,4.802999973297119,4.2179999351501465,5836.22021484375,42297.12109375,19088.099609375,8224.2001953125,39190.3984375
2025-01-14,1.0265253782272339,1.2233314514160156,157.36399841308594,0.6192100048065186,1.4362800121307373,0.9157800078392029,0.5604187846183777,86.65059661865234,7.329800128936768,1.3681199550628662,7.785029888153076,1458.8900146484375,6.093400001525879,20.61046028137207,35.48419952392578,18.98550033569336,11.394000053405762,11.221099853515625,7.266679763793945,4.158430099487305,24.549999237060547,401.6000061035156,161.5290069580078,0.8390799760818481,192.49400329589844,97.43499755859375,109.56199645996094,171.81500244140625,1.6576000452041626,1.4742799997329712,2677.5,30.131999969482422,936.2000122070312,4.310500144958496,77.5,79.91999816894531,3.9679999351501465,474.5,1043.0,546.25,321.95001220703125,18.31999969482422,10951.0,67.5,197.39999389648438,83.625,940.7000122070312,2.104599952697754,2.5253000259399414,18.709999084472656,109.2699966430664,4.788000106811523,4.2129998207092285,5842.91015625,42518.28125,19044.390625,8201.5,38474.30078125
2025-01-15,1.0306835174560547,1.221344232559204,158.0500030517578,0.619160532951355,1.4351500272750854,0.9124600291252136,0.5602993965148926,86.535400390625,7.330900192260742,1.367050051689148,7.7870001792907715,1460.43994140625,6.054800033569336,20.503999710083008,35.469398498535156,16.498899459838867,11.374679565429688,11.167309761047363,7.238100051879883,4.13543176651001,24.500999450683594,399.59100341796875,162.88299560546875,0.8439099788665771,192.97799682617188,97.84300231933594,110.11699676513672,173.1929931640625,1.6645100116729736,1.4790600538253784,2712.5,31.319000244140625,931.2999877929688,4.359499931335449,80.04000091552734,82.02999877929688,4.083000183105469,478.75,1042.75,547.0,330.45001220703125,18.010000228881836,10821.0,67.7699966430664,198.52499389648438,83.125,965.5,2.158900022506714,2.6135001182556152,16.1200008392334,109.08999633789062,4.6529998779296875,4.204999923706055,5949.91015625,43221.55078125,19511.23046875,8301.099609375,38444.578125
2025-01-16,1.0295268297195435,1.2243348360061646,156.2550048828125,0.6235401034355164,1.4326200485229492,0.91211998462677,0.562828540802002,86.43099975585938,7.330100059509277,1.36627995967865,7.785039901733398,1437.219970703125,6.012199878692627,20.455310821533203,35.472900390625,18.756999969482422,11.305899620056152,11.143899917602539,7.246950149536133,4.134697914123535,24.4862003326416,398.9830017089844,160.85899353027344,0.8408499956130981,191.28799438476562,97.4280014038086,109.06500244140625,171.28700256347656,1.6510299444198608,1.47475004196167,2746.39990234375,31.523000717163086,934.2999877929688,4.4105000495910645,78.68000030517578,81.29000091552734,4.257999897003174,474.5,1019.0,537.5,327.1499938964844,18.40999984741211,10502.0,66.7300033569336,196.60000610351562,82.30000305175781,950.2999877929688,2.123199939727783,2.6171998977661133,16.600000381469727,108.95999908447266,4.605999946594238,4.195000171661377,5937.33984375,43153.12890625,19338.2890625,8391.900390625,38572.6015625
2025-01-17,1.0301949977874756,1.2236906290054321,155.3560028076172,0.6210300922393799,1.439579963684082,0.9111700057983398,0.5608084797859192,86.6061019897461,7.330999851226807,1.3668800592422485,7.787700176239014,1453.3199462890625,6.049900054931641,20.83272933959961,35.54610061645508,15.43019962310791,11.354789733886719,11.146599769592285,7.241889953613281,4.137969017028809,24.52090072631836,399.9939880371094,160.03500366210938,0.8418999910354614,190.0780029296875,96.47000122070312,107.91000366210938,170.4888458251953,1.658750057220459,1.4830199480056763,2744.300048828125,30.951000213623047,951.0999755859375,4.337500095367432,77.87999725341797,80.79000091552734,3.947999954223633,484.25,1034.0,538.75,328.3500061035156,18.219999313354492,11173.0,67.5999984741211,196.75,81.125,960.5,2.1122000217437744,2.621000051498413,15.970000267028809,109.3499984741211,4.609000205993652,4.192999839782715,5996.66015625,43487.828125,19630.19921875,8505.2001953125,38451.4609375
2025-01-20,1.0277386903762817,1.2171002626419067,156.30599975585938,0.6195403337478638,1.4474300146102905,0.9146000146865845,0.5587310194969177,86.56900024414062,7.323999881744385,1.36735999584198,7.7842698097229,1457.3800048828125,6.066163063049316,20.791290283203125,35.547271728515625,18.731700897216797,11.42080020904541,11.17339038848877,7.259429931640625,4.143688201904297,24.568199157714844,401.2820129394531,160.63900756835938,0.8443899750709534,190.22900390625,96.8280029296875,107.97799682617188,170.88523864746094,1.658810019493103,1.4875500202178955,2744.300048828125,30.951000213623047,951.0999755859375,4.337500095367432,77.87999725341797,80.79000091552734,3.947999954223633,484.25,1034.0,538.75,328.3500061035156,18.219999313354492,11173.0,67.5999984741211,196.75,81.125,960.5,2.1122000217437744,2.621000051498413,15.970000267028809,109.3499984741211,4.609000205993652,4.192999839782715,5996.66015625,43487.828125,19630.19921875,8520.5,38902.5
2025-01-21,1.0420682430267334,1.233136773109436,155.24899291992188,0.6281000375747681,1.4302599430084229,0.906059980392456,0.5681785941123962,86.21109771728516,7.313300132751465,1.3549400568008423,7.780489921569824,1435.530029296875,6.029799938201904,20.49724006652832,35.580101013183594,18.495670318603516,11.261460304260254,11.003399848937988,7.159739971160889,4.078780174255371,24.15999984741211,394.28399658203125,161.77099609375,0.8449599742889404,191.4250030517578,97.50199890136719,108.53600311279297,171.32200622558594,1.6589200496673584,1.490280032157898,2755.0,31.31100082397461,957.2000122070312,4.310999870300293,75.88999938964844,79.29000091552734,3.75600004196167,490.0,1067.25,558.75,327.79998779296875,17.790000915527344,11559.0,67.66000366210938,197.0500030517578,81.19999694824219,972.5,2.0843000411987305,2.5580999851226807,15.0600004196167,108.05999755859375,4.573999881744385,4.197000026702881,6049.240234375,44025.80859375,19756.779296875,8548.2998046875,39027.98046875
2025-01-22,1.0405935049057007,1.2335399389266968,155.7740020751953,0.6262015104293823,1.4342700242996216,0.9067100286483765,0.5660911202430725,86.45189666748047,7.271200180053711,1.3547699451446533,7.785699844360352,1425.7900390625,6.020500183105469,20.66119956970215,35.6348991394043,18.47960090637207,11.2846097946167,10.992790222167969,7.169960021972656,4.0829548835754395,24.14299964904785,395.4200134277344,162.08799743652344,0.843529999256134,192.13999938964844,97.52799987792969,108.60199737548828,171.78207397460938,1.6617399454116821,1.4924099445343018,2767.60009765625,31.23900032043457,958.2000122070312,4.271500110626221,75.44000244140625,79.0,3.9600000381469727,484.25,1056.0,554.0,341.8500061035156,18.15999984741211,11675.0,67.13999938964844,200.0500030517578,81.4749984741211,998.4000244140625,2.057800054550171,2.4842000007629395,15.100000381469727,108.16999816894531,4.598999977111816,4.215000152587891,6086.3701171875,44156.73046875,20009.33984375,8545.099609375,39646.25
2025-01-23,1.0410159826278687,1.231420874595642,156.44000244140625,0.6275002360343933,1.4393600225448608,0.9063100218772888,0.5663604140281677,86.47270202636719,7.271200180053711,1.3551199436187744,7.787650108337402,1434.3399658203125,5.940299987792969,20.48710060119629,35.64469909667969,18.493900299072266,11.264320373535156,11.003669738769531,7.167699813842773,4.056253910064697,24.13319969177246,394.5,162.8209991455078,0.8452100157737732,192.6199951171875,98.1259994506836,108.69000244140625,172.58831787109375,1.6591299772262573,1.4980800151824951,2763.10009765625,30.67300033569336,957.0999755859375,4.299499988555908,74.62000274658203,78.29000091552734,3.944999933242798,489.75,1065.5,554.0,343.95001220703125,18.690000534057617,11552.0,67.47000122070312,201.10000610351562,82.125,1010.2000122070312,2.0655999183654785,2.4714999198913574,15.020000457763672,108.05000305175781,4.638000011444092,4.2129998207092285,6118.7099609375,44565.0703125,20053.6796875,8565.2001953125,39958.87109375
2025-01-24,1.041601538658142,1.2353914976119995,156.15499877929688,0.6283262372016907,1.4378399848937988,0.9074900150299072,0.5675497651100159,86.44020080566406,7.286200046539307,1.3560400009155273,7.789209842681885,1433.9300537109375,5.923999786376953,20.37883949279785,35.67430114746094,18.504539489746094,11.265970230102539,10.997730255126953,7.162950038909912,4.044548988342285,24.087099075317383,393.3089904785156,162.6320037841797,0.8431599736213684,192.87606811523438,98.1020278930664,108.5999984741211,172.04600524902344,1.6576900482177734,1.497499942779541,2777.300048828125,31.023000717163086,957.5999755859375,4.289999961853027,74.66000366210938,78.5,4.0269999504089355,486.5,1055.75,544.0,347.54998779296875,19.020000457763672,11593.0,67.61000061035156,204.77499389648438,82.30000305175781,1001.2000122070312,2.0490000247955322,2.516200065612793,14.850000381469727,107.44000244140625,4.625999927520752,4.204999923706055,6101.240234375,44424.25,19954.30078125,8502.400390625,39931.98046875
2025-01-27,1.0467586517333984,1.2459352016448975,155.74400329589844,0.6292909979820251,1.4385099411010742,0.9068400263786316,0.5692297220230103,86.2030029296875,7.243100166320801,1.3483400344848633,7.787749767303467,1427.6300048828125,5.90910005569458,20.436969757080078,35.59360122680664,18.479080200195312,11.216890335083008,10.955349922180176,7.128530025482178,4.022136211395264,23.964000701904297,389.281005859375,163.01800537109375,0.8401299715042114,194.0279998779297,97.99400329589844,108.25499725341797,171.72720336914062,1.6633100509643555,1.5056899785995483,2737.5,30.253999710083008,946.9000244140625,4.203499794006348,73.16999816894531,77.08000183105469,3.697000026702881,482.0,1045.0,535.5,349.20001220703125,19.170000076293945,11372.0,67.2699966430664,205.6750030517578,83.05000305175781,963.5999755859375,2.0281999111175537,2.4600000381469727,17.899999618530273,107.33999633789062,4.5279998779296875,4.188000202178955,6012.27978515625,44713.578125,19341.830078125,8503.7001953125,39565.80078125
2025-01-28,1.0445064306259155,1.2460592985153198,154.90899658203125,0.6263799667358398,1.4400999546051025,0.904009997844696,0.5668194890022278,86.46839904785156,7.250699996948242,1.3490500450134277,7.788219928741455,1417.9200439453125,5.892600059509277,20.7283992767334,35.75226974487305,18.741500854492188,11.249919891357422,10.9716796875,7.143789768218994,4.034074783325195,24.00200080871582,390.6210021972656,161.78900146484375,0.8381900191307068,193.0070037841797,97.02300262451172,107.5469970703125,171.3260040283203,1.66743004322052,1.5040600299835205,2766.800048828125,30.726999282836914,947.0,4.2204999923706055,73.7699966430664,77.48999786376953,3.4709999561309814,485.25,1045.0,545.25,357.5,19.229999542236328,11374.0,66.9800033569336,208.5500030517578,83.9000015258789,954.5999755859375,2.0525999069213867,2.4500999450683594,16.40999984741211,107.87000274658203,4.551000118255615,4.190000057220459,6067.7001953125,44850.3515625,19733.58984375,8533.900390625,39016.87109375
2025-01-29,1.0429050922393799,1.2441680431365967,155.5590057373047,0.6254573464393616,1.4399900436401367,0.9041299819946289,0.566559374332428,86.58460235595703,7.250199794769287,1.351199984550476,7.79010009765625,1443.260009765625,5.856100082397461,20.540000915527344,35.702980041503906,18.65959930419922,11.28341007232666,10.993490219116211,7.154709815979004,4.02726411819458,24.03030014038086,390.5199890136719,162.229248046875,0.8382200002670288,193.5019989013672,97.26699829101562,108.02400207519531,172.03199768066406,1.6674200296401978,1.5017399787902832,2769.10009765625,31.238000869750977,965.4000244140625,4.257500171661377,72.62000274658203,76.58000183105469,3.5350000858306885,497.0,1060.5,562.5,366.54998779296875,19.450000762939453,11745.0,66.66000366210938,207.02499389648438,83.9000015258789,966.5999755859375,2.0357000827789307,2.4539999961853027,16.559999465942383,108.0,4.554999828338623,4.188000202178955,6039.31005859375,44713.51953125,19632.3203125,8557.7998046875,39414.78125
2025-01-30,1.0425245761871338,1.245530128479004,155.1699981689453,0.6239782571792603,1.4399000406265259,0.9062700271606445,0.5665208697319031,86.6406021118164,7.169000148773193,1.3486000299453735,7.792300224304199,1443.3199462890625,5.8566999435424805,20.501800537109375,35.79267120361328,18.518299102783203,11.286890029907227,10.993630409240723,7.157710075378418,4.02891206741333,24.079299926757812,391.44000244140625,161.75900268554688,0.8369500041007996,193.25799560546875,96.81300354003906,107.75399780273438,171.185791015625,1.670639991760254,1.5010199546813965,2823.0,32.36399841308594,1016.5,4.288000106811523,72.7300033569336,76.87000274658203,3.046999931335449,490.25,1044.0,566.5,373.3999938964844,19.469999313354492,11207.0,66.2699966430664,204.47500610351562,84.375,1004.5999755859375,2.037400007247925,2.475399971008301,15.84000015258789,107.80000305175781,4.51200008392334,4.182000160217285,6071.169921875,44882.12890625,19681.75,8646.900390625,39513.96875
2025-01-31,1.0397279262542725,1.2423903942108154,154.0970001220703,0.6215001940727234,1.4493000507354736,0.9093689918518066,0.5636406540870667,86.64700317382812,7.1809000968933105,1.351789951324463,7.7916998863220215,1441.6600341796875,5.874499797821045,20.674470901489258,35.853031158447266,18.56730079650879,11.316539764404297,11.047160148620605,7.176330089569092,4.037899971008301,24.14859962463379,391.1199951171875,160.20700073242188,0.8368200063705444,191.4250030517578,95.76100158691406,106.31500244140625,169.39480590820312,1.6727999448776245,1.5067600011825562,2812.5,32.12799835205078,1033.199951171875,4.26200008392334,72.52999877929688,76.76000213623047,3.0439999103546143,482.0,1042.0,559.5,377.8500061035156,19.350000381469727,10987.0,65.87999725341797,204.60000610351562,84.17500305175781,1066.9000244140625,2.0364999771118164,2.484499931335449,16.43000030517578,108.37000274658203,4.568999767303467,4.188000202178955,6040.52978515625,44544.66015625,19627.439453125,8674.0,39572.48828125
2025-02-03,1.024779200553894,1.2291958332061768,155.36300659179688,0.614420473575592,1.4716999530792236,0.9152299761772156,0.5569603443145752,86.55400085449219,7.185800075531006,1.3682399988174438,7.794960021972656,1456.780029296875,5.84060001373291,21.16939926147461,35.87181854248047,18.99449920654297,11.451499938964844,11.216819763183594,7.280980110168457,4.117186069488525,24.553300857543945,398.3030090332031,159.19700622558594,0.8336399793624878,190.94700622558594,95.44200134277344,105.5510025024414,169.73300170898438,1.6677000522613525,1.5080100297927856,2833.89990234375,32.391998291015625,991.7999877929688,4.294000148773193,73.16000366210938,75.95999908447266,3.3519999980926514,488.75,1058.25,566.75,380.8999938964844,19.260000228881836,11002.0,66.04000091552734,202.97500610351562,84.32499694824219,1039.199951171875,2.1177000999450684,2.463099956512451,18.6200008392334,108.98999786376953,4.543000221252441,4.190000057220459,5994.56982421875,44421.91015625,19391.9609375,8583.599609375,38520.08984375
2025-02-04,1.0327378511428833,1.2431780099868774,155.27699279785156,0.6217397451400757,1.4417999982833862,0.9116100072860718,0.5626797080039978,86.94339752197266,7.195000171661377,1.3596999645233154,7.7932000160217285,1459.050048828125,5.80620002746582,20.385129928588867,35.9734001159668,18.733409881591797,11.342499732971191,11.082710266113281,7.224730014801025,4.093400001525879,24.406700134277344,395.510009765625,160.3509979248047,0.8306599855422974,193.0240020751953,96.53800201416016,107.68499755859375,170.31500244140625,1.6608699560165405,1.488919973373413,2853.300048828125,32.88800048828125,1002.5,4.34250020980835,72.69999694824219,76.19999694824219,3.253000020980835,494.5,1075.0,577.0,383.3500061035156,19.65999984741211,10913.0,66.94000244140625,201.875,85.07499694824219,1009.7000122070312,2.0989999771118164,2.429800033569336,17.209999084472656,107.95999908447266,4.513000011444092,4.2129998207092285,6037.8798828125,44556.0390625,19654.01953125,8570.7998046875,38798.37109375
2025-02-05,1.0372798442840576,1.2478163242340088,154.13299560546875,0.6251093745231628,1.43340003490448,0.905239999294281,0.5648409128189087,87.13009643554688,7.1819000244140625,1.3525300025939941,7.786900043487549,1450.1600341796875,5.7571001052856445,20.512420654296875,35.96950149536133,18.65938949584961,11.248700141906738,10.97655963897705,7.1910200119018555,4.056399822235107,24.228700637817383,392.510009765625,159.86300659179688,0.8312900066375732,192.2949981689453,96.33300018310547,107.51399993896484,170.22500610351562,1.659250020980835,1.486739993095398,2871.60009765625,32.856998443603516,1015.5999755859375,4.434500217437744,71.02999877929688,74.61000061035156,3.359999895095825,493.25,1057.0,572.25,397.75,19.760000228881836,10514.0,66.04000091552734,203.60000610351562,86.6500015258789,1014.4000244140625,2.0506999492645264,2.384200096130371,15.770000457763672,107.58000183105469,4.421999931335449,4.210000038146973,6061.47998046875,44873.28125,19692.330078125,8623.2998046875,38831.48046875
2025-02-06,1.0400848388671875,1.2504063844680786,152.6060028076172,0.6285473704338074,1.4315299987792969,0.9013299942016602,0.5689285397529602,87.33409881591797,7.270500183105469,1.3485499620437622,7.786099910736084,1443.8900146484375,5.8028998374938965,20.573720932006836,35.910301208496094,18.532800674438477,11.22311019897461,10.904800415039062,7.172039985656738,4.037430763244629,24.180700302124023,390.3599853515625,158.71299743652344,0.8317599892616272,190.8000030517578,95.90286254882812,106.59100341796875,169.28799438476562,1.6547900438308716,1.4888399839401245,2856.0,32.518001556396484,1013.7000122070312,4.453499794006348,70.61000061035156,74.29000091552734,3.4079999923706055,495.25,1060.5,587.75,403.95001220703125,19.56999969482422,10094.0,66.02999877929688,200.625,86.6500015258789,989.2999877929688,2.074700117111206,2.3980000019073486,15.5,107.69000244140625,4.440000057220459,4.2129998207092285,6083.56982421875,44747.62890625,19791.990234375,8727.2998046875,39066.53125
2025-02-07,1.0385725498199463,1.2437502145767212,151.1929931640625,0.6281801462173462,1.430609941482544,0.9050999879837036,0.5674885511398315,87.58830261230469,7.287799835205078,1.350160002708435,7.786499977111816,1442.1500244140625,5.760499954223633,20.44339942932129,35.95558166503906,18.43779945373535,11.207850456237793,10.89900016784668,7.184209823608398,4.03400993347168,24.143999099731445,389.53399658203125,157.01699829101562,0.835070013999939,188.01300048828125,94.96600341796875,105.6719970703125,167.02780151367188,1.6531599760055542,1.4856699705123901,2867.300048828125,32.334999084472656,1011.0999755859375,4.581500053405762,71.0,74.66000366210938,3.309000015258789,487.5,1049.5,582.75,404.3500061035156,19.360000610351562,10018.0,65.62999725341797,200.77499389648438,87.25,977.7999877929688,2.1050000190734863,2.430799961090088,16.540000915527344,108.04000091552734,4.486999988555908,4.228000164031982,6025.990234375,44303.3984375,19523.400390625,8700.5,38787.01953125
2025-02-10,1.0311616659164429,1.2391574382781982,151.8459930419922,0.6258898973464966,1.4331799745559692,0.9107400178909302,0.5647388100624084,87.51309967041016,7.286799907684326,1.3570200204849243,7.790339946746826,1450.6199951171875,5.803199768066406,20.600309371948242,35.89970016479492,18.525070190429688,11.26321029663086,10.978389739990234,7.234769821166992,4.061240196228027,24.31999969482422,391.8609924316406,156.56900024414062,0.832099974155426,188.14599609375,95.02899932861328,105.93599700927734,166.70399475097656,1.647420048713684,1.4777599573135376,2914.300048828125,32.391998291015625,1022.5,4.700500011444092,72.31999969482422,75.87000274658203,3.444000005722046,491.5,1049.5,579.5,429.04998779296875,19.5,9714.0,66.54000091552734,201.875,87.69999694824219,998.7000122070312,2.1041998863220215,2.450900077819824,15.8100004196167,108.31999969482422,4.493000030517578,4.228000164031982,6066.43994140625,44470.41015625,19714.26953125,8767.7998046875,38801.171875
2025-02-11,1.0301525592803955,1.2360633611679077,151.75900268554688,0.6271283030509949,1.4336600303649902,0.911329984664917,0.5635008811950684,87.49009704589844,7.304500102996826,1.3558900356292725,7.789100170135498,1453.2099609375,5.786900043487549,20.624610900878906,35.99263000488281,18.419830322265625,11.220060348510742,10.920669555664062,7.240699768066406,4.057159900665283,24.334400177001953,392.1520080566406,156.32699584960938,0.8334299921989441,187.55099487304688,95.15299987792969,105.84600067138672,166.51312255859375,1.6427700519561768,1.4767600297927856,2912.5,32.23099899291992,1026.9000244140625,4.5945000648498535,73.31999969482422,77.0,3.5190000534057617,484.0,1043.5,577.0,413.45001220703125,19.8700008392334,10131.0,67.4000015258789,199.6750030517578,88.7249984741211,987.5999755859375,2.1473000049591064,2.5146000385284424,16.020000457763672,107.95999908447266,4.5370001792907715,4.224999904632568,6068.5,44593.6484375,19643.859375,8777.400390625,38801.171875
2025-02-12,1.0364949703216553,1.245159387588501,152.73899841308594,0.629830002784729,1.4285099506378174,0.9129899740219116,0.565930962562561,86.81120300292969,7.307199954986572,1.3526999950408936,7.791729927062988,1450.75,5.764500141143799,20.546720504760742,35.99468994140625,18.497589111328125,11.197870254516602,10.854049682617188,7.196189880371094,4.024208068847656,24.20989990234375,388.72601318359375,158.29800415039062,0.8323400020599365,190.1750030517578,96.18699645996094,106.91000366210938,167.27099609375,1.645509958267212,1.48048996925354,2909.0,32.69499969482422,1038.699951171875,4.697999954223633,71.37000274658203,75.18000030517578,3.565000057220459,490.25,1027.75,574.25,431.79998779296875,19.760000228881836,10006.0,67.47000122070312,199.14999389648438,89.44999694824219,982.5999755859375,2.089600086212158,2.4519999027252197,15.890000343322754,107.94000244140625,4.63700008392334,4.228000164031982,6051.97021484375,44368.55859375,19649.94921875,8807.400390625,38963.69921875
2025-02-13,1.039198637008667,1.2450664043426514,154.2550048828125,0.6282985806465149,1.4300700426101685,0.9133999943733215,0.5641399025917053,86.8740005493164,7.308800220489502,1.3527499437332153,7.789430141448975,1452.1199951171875,5.764400005340576,20.543489456176758,36.11600112915039,18.511869430541992,11.25802993774414,10.865920066833496,7.177599906921387,4.002597808837891,24.09480094909668,386.7049865722656,160.28799438476562,0.8346099853515625,192.03599548339844,96.88600158691406,107.85900115966797,168.8560028076172,1.6542099714279175,1.4859600067138672,2925.89990234375,32.650001525878906,1033.699951171875,4.769000053405762,71.29000091552734,75.0199966430664,3.628000020980835,493.5,1030.0,577.75,438.8999938964844,20.170000076293945,10381.0,66.83000183105469,199.5500030517578,89.375,1015.2999877929688,2.1106998920440674,2.448699951171875,15.100000381469727,107.30999755859375,4.525000095367432,4.2129998207092285,6115.06982421875,44711.4296875,19945.640625,8764.7001953125,39461.46875
2025-02-14,1.0461673736572266,1.2563445568084717,152.98899841308594,0.6316919922828674,1.4192099571228027,0.903249979019165,0.5680010914802551,86.75409698486328,7.28879976272583,1.3437299728393555,7.788000106811523,1438.739990234375,5.766900062561035,20.415189743041992,36.1963005065918,18.481199264526367,11.149259567260742,10.73490047454834,7.1305999755859375,3.982764959335327,23.905399322509766,383.989990234375,160.03799438476562,0.8326299786567688,192.19700622558594,96.63099670410156,107.78700256347656,169.35400390625,1.6559799909591675,1.4845900535583496,2883.60009765625,32.80099868774414,1009.7999877929688,4.656499862670898,70.73999786376953,74.73999786376953,3.7249999046325684,496.25,1036.0,600.0,419.75,20.420000076293945,10159.0,67.11000061035156,197.75,89.4749984741211,1005.0,2.089900016784668,2.4618000984191895,14.770000457763672,106.56999969482422,4.4720001220703125,4.2129998207092285,6114.6298828125,44546.078125,20026.76953125,8732.5,39149.4296875
2025-02-17,1.0489217042922974,1.2584155797958374,152.0229949951172,0.6356511116027832,1.4184000492095947,0.8998299837112427,0.5732991695404053,86.43460083007812,7.252999782562256,1.3395400047302246,7.78272008895874,1432.5999755859375,5.701200008392334,20.312389373779297,36.20355987548828,18.34600067138672,11.117340087890625,10.701669692993164,7.1118998527526855,3.9734859466552734,23.858999252319336,382.6130065917969,159.45399475097656,0.8335000276565552,191.29600524902344,96.62000274658203,107.16999816894531,168.9219970703125,1.650089979171753,1.4877300262451172,2883.60009765625,32.80099868774414,1009.7999877929688,4.656499862670898,70.73999786376953,74.73999786376953,3.7249999046325684,496.25,1036.0,600.0,419.75,20.420000076293945,10159.0,67.11000061035156,197.75,89.4749984741211,1005.0,2.089900016784668,2.4618000984191895,14.770000457763672,106.56999969482422,4.4720001220703125,4.2129998207092285,6114.6298828125,44546.078125,20026.76953125,8768.0,39174.25
2025-02-18,1.048536777496338,1.262148141860962,151.44400024414062,0.6356107592582703,1.4184999465942383,0.9007200002670288,0.5732301473617554,86.85479736328125,7.252999782562256,1.34089994430542,7.780119895935059,1441.2900390625,5.712100028991699,20.272600173950195,36.233280181884766,18.406410217285156,11.105799674987793,10.692740440368652,7.114039897918701,3.963399887084961,23.873600006103516,382.8500061035156,158.7790069580078,0.8306900262832642,191.125,96.24600219726562,106.7509994506836,168.11399841308594,1.6495000123977661,1.4872100353240967,2931.60009765625,33.31700134277344,996.5999755859375,4.585000038146973,71.8499984741211,75.83999633789062,4.006999969482422,502.0,1038.5,604.75,419.0,20.520000457763672,10301.0,67.51000213623047,197.4499969482422,93.19999694824219,1008.7000122070312,2.086699962615967,2.4405999183654785,15.350000381469727,107.05000305175781,4.544000148773193,4.2129998207092285,6129.580078125,44556.33984375,20041.259765625,8766.7001953125,39270.3984375
2025-02-19,1.044833779335022,1.2625784873962402,151.93099975585938,0.6353119015693665,1.4189200401306152,0.9035999774932861,0.5705190300941467,86.88719940185547,7.278600215911865,1.3419100046157837,7.774400234222412,1440.0799560546875,5.688600063323975,20.23780059814453,36.29280090332031,18.395200729370117,11.151399612426758,10.716300010681152,7.138800144195557,3.96732497215271,23.9778995513916,383.760009765625,158.73599243164062,0.8275200128555298,191.8159942626953,96.51399993896484,107.07099914550781,168.12039184570312,1.6445200443267822,1.482300043106079,2919.39990234375,32.99300003051758,976.7000122070312,4.557000160217285,72.25,76.04000091552734,4.28000020980835,497.5,1031.75,592.0,417.8999938964844,20.690000534057617,10218.0,66.23999786376953,197.8249969482422,89.75,987.2999877929688,2.0864999294281006,2.4565000534057617,15.270000457763672,107.16999816894531,4.534999847412109,4.2179999351501465,6144.14990234375,44627.58984375,20056.25,8712.5,39164.609375
2025-02-20,1.0421009063720703,1.2584155797958374,151.22000122070312,0.6341274976730347,1.4240399599075317,0.9045600295066833,0.5701189637184143,86.872802734375,7.283299922943115,1.3428499698638916,7.777820110321045,1439.97998046875,5.720300197601318,20.45240020751953,36.30720138549805,18.510400772094727,11.13047981262207,10.723899841308594,7.157370090484619,4.006460189819336,24.071300506591797,386.0299987792969,157.58099365234375,0.8281499743461609,190.26600646972656,95.87699890136719,106.19599914550781,167.15725708007812,1.643380045890808,1.4836699962615967,2940.0,33.444000244140625,987.7999877929688,4.607999801635742,72.56999969482422,76.4800033569336,4.1519999504089355,498.0,1045.5,585.5,395.75,21.049999237060547,10075.0,65.97000122070312,197.625,88.5250015258789,1004.9000244140625,2.0864999294281006,2.5034000873565674,15.65999984741211,106.33999633789062,4.5,4.204999923706055,6117.52001953125,44176.6484375,19962.359375,8663.0,38678.0390625
2025-02-21,1.0500562191009521,1.2670401334762573,149.4080047607422,0.6404098868370056,1.4176000356674194,0.8980600237846375,0.5764286518096924,86.45120239257812,7.255499839782715,1.3330999612808228,7.775619983673096,1431.699951171875,5.701300144195557,20.29400062561035,36.3856315612793,18.319000244140625,11.093299865722656,10.62909984588623,7.102829933166504,3.9605910778045654,23.843900680541992,382.9700012207031,156.87899780273438,0.8287000060081482,189.27000427246094,95.64800262451172,105.3949966430664,166.33604431152344,1.640030026435852,1.488319993019104,2937.60009765625,32.97600173950195,978.2999877929688,4.559999942779541,70.4000015258789,74.43000030517578,4.234000205993652,491.25,1039.5,590.0,400.0,21.309999465942383,8934.0,66.08000183105469,197.8249969482422,87.67500305175781,988.0999755859375,2.026700019836426,2.432300090789795,18.209999084472656,106.61000061035156,4.420000076293945,4.197000026702881,6013.1298828125,43428.01953125,19524.009765625,8659.400390625,38776.94140625
2025-02-24,1.0474823713302612,1.2649900913238525,149.38699340820312,0.6370319724082947,1.4211599826812744,0.8984500169754028,0.5751191973686218,86.52940368652344,7.25,1.3356200456619263,7.769529819488525,1434.2900390625,5.730999946594238,20.382829666137695,36.446998596191406,18.36716079711914,11.113659858703613,10.623370170593262,7.121319770812988,3.9704699516296387,23.938199996948242,383.864013671875,156.468994140625,0.828000009059906,188.96600341796875,95.1520004272461,105.10800170898438,166.24899291992188,1.6442099809646606,1.488510012626648,2947.89990234375,32.57500076293945,961.2000122070312,4.517000198364258,70.69999694824219,74.77999877929688,3.99399995803833,482.5,1029.0,579.0,393.79998779296875,21.09000015258789,8352.0,66.51000213623047,198.89999389648438,87.4000015258789,940.5999755859375,2.010999917984009,2.435800075531006,18.979999542236328,106.5999984741211,4.39300012588501,4.190000057220459,5983.25,43461.2109375,19286.9296875,8659.0,38776.94140625
2025-02-25,1.0461344718933105,1.261781930923462,149.86399841308594,0.6338099837303162,1.4276000261306763,0.8973000049591064,0.5726589560508728,86.69010162353516,7.247600078582764,1.3392399549484253,7.773890018463135,1428.6500244140625,5.7778000831604,20.48111915588379,36.454341888427734,18.361499786376953,11.128310203552246,10.668600082397461,7.13070011138916,3.959897994995117,23.856000900268555,383.26800537109375,156.76400756835938,0.8290200233459473,189.07000732421875,94.9729995727539,104.96099853515625,166.9810028076172,1.6504499912261963,1.493399977684021,2904.5,31.801000595092773,960.5999755859375,4.486000061035156,68.93000030517578,73.0199966430664,4.173999786376953,479.75,1031.25,572.75,380.5,21.459999084472656,8675.0,65.95999908447266,199.5,86.57499694824219,920.5,1.9673000574111938,2.3903000354766846,19.43000030517578,106.30999755859375,4.297999858856201,4.182000160217285,5955.25,43621.16015625,19026.390625,8668.7001953125,38237.7890625
2025-02-26,1.0524100065231323,1.2674431800842285,149.0780029296875,0.6352877020835876,1.4300700426101685,0.8924000263214111,0.5731086134910583,87.0811996459961,7.247600078582764,1.335610032081604,7.773220062255859,1429.5,5.740300178527832,20.457509994506836,36.461299896240234,18.410999298095703,11.101340293884277,10.589369773864746,7.089449882507324,3.933199882507324,23.67449951171875,380.98699951171875,156.83999633789062,0.8301200270652771,188.9250030517578,94.68000030517578,104.24199676513672,167.0386962890625,1.6561700105667114,1.504480004310608,2916.800048828125,32.25299835205078,967.7999877929688,4.541999816894531,68.62000274658203,72.52999877929688,3.9059998989105225,478.25,1024.5,566.0,379.45001220703125,20.639999389648438,9100.0,65.37000274658203,198.8249969482422,88.30000305175781,920.5,1.9488999843597412,2.3443000316619873,19.100000381469727,106.41999816894531,4.249000072479248,4.192999839782715,5956.06005859375,43433.12109375,19075.259765625,8731.5,38142.37109375
2025-02-27,1.0488777160644531,1.2682307958602905,148.83799743652344,0.6310780644416809,1.4335999488830566,0.8942999839782715,0.5699889063835144,87.16220092773438,7.257999897003174,1.3375799655914307,7.773019790649414,1434.4200439453125,5.801700115203857,20.394800186157227,36.45940017700195,18.366249084472656,11.152250289916992,10.63759994506836,7.110060214996338,3.942233085632324,23.742000579833984,380.6099853515625,156.10400390625,0.8270099759101868,188.74099731445312,93.91600036621094,103.80000305175781,166.40199279785156,1.6619499921798706,1.5037100315093994,2883.199951171875,31.801000595092773,951.9000244140625,4.579999923706055,70.3499984741211,74.04000091552734,3.934000015258789,464.75,1022.75,546.75,378.75,19.690000534057617,9130.0,65.19999694824219,199.39999389648438,84.375,901.2999877929688,1.9966000318527222,2.395900011062622,21.1299991607666,107.23999786376953,4.284999847412109,4.195000171661377,5861.56982421875,43239.5,18544.419921875,8756.2001953125,38256.171875
2025-02-28,1.039511799812317,1.259890079498291,150.01199340820312,0.623219907283783,1.444350004196167,0.8999199867248535,0.5627208352088928,87.3270034790039,7.285299777984619,1.3479000329971313,7.776810169219971,1449.8599853515625,5.839000225067139,20.457599639892578,36.517799377441406,18.42913055419922,11.245220184326172,10.757650375366211,7.174900054931641,4.003454208374023,24.023000717163086,384.77801513671875,155.92799377441406,0.8250200152397156,188.98699951171875,93.47799682617188,103.85399627685547,166.67100524902344,1.6678500175476074,1.5012799501419067,2836.800048828125,31.2189998626709,932.2999877929688,4.514500141143799,69.76000213623047,73.18000030517578,3.8340001106262207,453.5,1011.5,537.0,379.04998779296875,19.510000228881836,9014.0,63.880001068115234,197.72500610351562,83.67500305175781,899.7000122070312,1.9702999591827393,2.3548998832702637,19.6299991607666,107.61000061035156,4.230999946594238,4.192999839782715,5954.5,43840.91015625,18847.279296875,8809.7001953125,37155.5
2025-03-03,1.0413846969604492,1.260398268699646,150.77099609375,0.6220685243606567,1.444100022315979,0.9025700092315674,0.560519278049469,87.46399688720703,7.282800197601318,1.3494000434875488,7.7777299880981445,1459.800048828125,5.88040018081665,20.514450073242188,36.50695037841797,18.638320922851562,11.225150108337402,10.726900100708008,7.161499977111816,4.004839897155762,24.06999969482422,385.41400146484375,156.9969940185547,0.826170027256012,190.0189971923828,93.77999877929688,104.39700317382812,167.0240020751953,1.6739200353622437,1.5037399530410767,2890.199951171875,32.03200149536133,966.5999755859375,4.576499938964844,68.37000274658203,71.62000274658203,4.122000217437744,440.25,998.25,532.0,392.70001220703125,18.219999313354492,8082.0,64.13999938964844,192.25,83.69999694824219,951.2000122070312,2.1877999305725098,2.2604000568389893,22.780000686645508,106.75,4.179999828338623,4.192999839782715,5849.72021484375,43191.23828125,18350.189453125,8871.2998046875,37785.46875
2025-03-04,1.0485037565231323,1.270147681236267,149.30499267578125,0.6215812563896179,1.4490000009536743,0.8966000080108643,0.5613404512405396,87.32959747314453,7.284299850463867,1.3462899923324585,7.777170181274414,1457.9300537109375,6.020500183105469,20.72570037841797,36.43709945678711,18.603500366210938,11.1951904296875,10.509160041809082,7.11329984664917,3.9663500785827637,23.835500717163086,381.74798583984375,156.53399658203125,0.8254299759864807,189.62399291992188,92.7699966430664,103.01699829101562,166.46800231933594,1.6866999864578247,1.5193400382995605,2909.60009765625,32.108001708984375,966.5,4.527500152587891,68.26000213623047,71.04000091552734,4.349999904632568,436.0,984.0,518.5,403.75,18.100000381469727,8225.0,62.040000915527344,194.64999389648438,82.3499984741211,946.2999877929688,2.194200038909912,2.2871999740600586,23.510000228881836,105.73999786376953,4.210000038146973,4.195000171661377,5778.14990234375,42520.98828125,18285.16015625,8759.0,37331.1796875
2025-03-05,1.062699317932129,1.2794268131256104,149.7989959716797,0.6269985437393188,1.439710021018982,0.8896399736404419,0.5661584734916687,87.21700286865234,7.265100002288818,1.337980031967163,7.7724199295043945,1452.8499755859375,5.885700225830078,20.530500411987305,36.432498931884766,18.470399856567383,11.089400291442871,10.412449836730957,7.020860195159912,3.9165260791778564,23.590999603271484,375.3699951171875,159.14100646972656,0.8304200172424316,191.62899780273438,93.88899993896484,104.03600311279297,168.36000061035156,1.694700002670288,1.5294899940490723,2915.300048828125,32.858001708984375,969.4000244140625,4.766499996185303,66.30999755859375,69.30000305175781,4.449999809265137,440.25,997.75,530.75,415.5,18.200000762939453,7915.0,62.36000061035156,196.5500030517578,84.69999694824219,939.4000244140625,2.13700008392334,2.240799903869629,21.93000030517578,105.73999786376953,4.264999866485596,4.204999923706055,5842.6298828125,43006.58984375,18552.73046875,8755.7998046875,37418.23828125
2025-03-06,1.0794938802719116,1.2891913652420044,148.8979949951172,0.6338099837303162,1.433859944343567,0.89069002866745,0.5729608535766602,86.88929748535156,7.2505998611450195,1.3307000398635864,7.770400047302246,1443.030029296875,5.740099906921387,20.402780532836914,36.4114990234375,18.295799255371094,10.907739639282227,10.187560081481934,6.909870147705078,3.8459599018096924,23.12030029296875,368.82000732421875,160.7209930419922,0.8372899889945984,191.93099975585938,94.35800170898438,103.83399963378906,167.1490020751953,1.7030999660491943,1.5477099418640137,2916.60009765625,33.0629997253418,974.7999877929688,4.7789998054504395,66.36000061035156,69.45999908447266,4.302000045776367,449.5,1014.0,537.0,393.0,18.1299991607666,8036.0,63.900001525878906,196.27499389648438,86.6500015258789,942.0,2.1012001037597656,2.22379994392395,24.8700008392334,104.05999755859375,4.285999774932861,4.197000026702881,5738.52001953125,42579.078125,18069.259765625,8682.7998046875,37704.9296875
2025-03-07,1.0787951946258545,1.2885303497314453,148.10800170898438,0.6332280039787292,1.429110050201416,0.8833199739456177,0.5736609101295471,87.12879943847656,7.2505998611450195,1.3328100442886353,7.77239990234375,1446.5,5.763000011444092,20.27794075012207,36.487701416015625,18.12347984313965,10.883549690246582,10.158390045166016,6.914720058441162,3.8671278953552246,23.187400817871094,370.0010070800781,159.75900268554688,0.837119996547699,190.8300018310547,93.77400207519531,103.625,167.64987182617188,1.7034300565719604,1.5415199995040894,2904.699951171875,32.54800033569336,961.5999755859375,4.683000087738037,67.04000091552734,70.36000061035156,4.39900016784668,455.25,1010.25,533.75,390.20001220703125,18.309999465942383,8141.0,64.76000213623047,200.27499389648438,87.3499984741211,945.7999877929688,2.1087000370025635,2.2160000801086426,23.3700008392334,103.83999633789062,4.316999912261963,4.197000026702881,5770.2001953125,42801.71875,18196.220703125,8679.900390625,36887.171875
2025-03-10,1.086059331893921,1.2932428121566772,147.60800170898438,0.6303898096084595,1.437019944190979,0.8773400187492371,0.5710598230361938,87.07379913330078,7.234000205993652,1.3295999765396118,7.771200180053711,1446.260009765625,5.782899856567383,20.26021957397461,36.48583984375,18.258329391479492,10.823840141296387,10.070240020751953,6.867700099945068,3.829745054244995,22.96299934387207,366.2619934082031,160.30299377441406,0.8397499918937683,190.88299560546875,93.04100036621094,102.70800018310547,168.21600341796875,1.722749948501587,1.560610055923462,2891.0,32.275001525878906,962.0,4.639500141143799,66.02999877929688,69.27999877929688,4.491000175476074,458.75,999.75,545.25,389.3500061035156,18.850000381469727,8279.0,66.0,200.5749969482422,88.30000305175781,939.7999877929688,2.0924999713897705,2.1798999309539795,27.860000610351562,103.91000366210938,4.2129998207092285,4.184999942779541,5614.56005859375,41911.7109375,17468.3203125,8600.2001953125,37028.26953125
2025-03-11,1.0839403867721558,1.2875481843948364,147.06900024414062,0.6279513835906982,1.4428900480270386,0.8799800276756287,0.5695084929466248,87.3551025390625,7.259099960327148,1.3336999416351318,7.769199848175049,1457.030029296875,5.85290002822876,20.35137939453125,36.571380615234375,18.32900047302246,10.75979995727539,10.120280265808105,6.881229877471924,3.8702619075775146,23.074199676513672,368.8999938964844,159.39999389648438,0.8417900204658508,189.34300231933594,92.33799743652344,101.91999816894531,167.10400390625,1.7259999513626099,1.5638400316238403,2912.89990234375,32.88800048828125,975.4000244140625,4.739999771118164,66.25,69.55999755859375,4.453000068664551,456.5,997.75,541.0,399.45001220703125,18.670000076293945,8151.0,66.0,199.5500030517578,86.55000305175781,938.2000122070312,2.1050000190734863,2.1967999935150146,26.920000076293945,103.44000244140625,4.288000106811523,4.195000171661377,5572.06982421875,41433.48046875,17436.099609375,8496.0,36793.109375
2025-03-12,1.0914170742034912,1.294481635093689,148.04200744628906,0.6295286417007446,1.4432400465011597,0.8834400177001953,0.5712099075317383,87.20010375976562,7.259099960327148,1.3309799432754517,7.770500183105469,1451.02001953125,5.808599948883057,20.270299911499023,36.59619903564453,18.194690704345703,10.657540321350098,10.009209632873535,6.833769798278809,3.840749979019165,22.878400802612305,366.9129943847656,161.56399536132812,0.8430699706077576,191.62600708007812,93.18699645996094,102.56600189208984,167.5486297607422,1.7335699796676636,1.5750600099563599,2939.10009765625,33.48400115966797,992.2000122070312,4.821000099182129,67.68000030517578,70.94999694824219,4.084000110626221,448.75,987.5,538.75,392.20001220703125,18.860000610351562,8204.0,66.9800033569336,201.39999389648438,86.5,943.2000122070312,2.150099992752075,2.2063000202178955,24.229999542236328,103.61000061035156,4.317999839782715,4.197000026702881,5599.2998046875,41350.9296875,17648.44921875,8541.0,36819.08984375
2025-03-13,1.0886249542236328,1.2964283227920532,148.2790069580078,0.6327592134475708,1.436169981956482,0.8817700147628784,0.5737004280090332,87.3405990600586,7.237100124359131,1.3323500156402588,7.7692999839782715,1448.75,5.797800064086914,20.17443084716797,36.59230041503906,18.334199905395508,10.631699562072754,10.09000015258789,6.852109909057617,3.8452000617980957,22.958200454711914,366.4639892578125,161.40699768066406,0.8396499752998352,192.218994140625,93.81099700927734,103.23799896240234,168.13693237304688,1.7202999591827393,1.5633200407028198,2984.300048828125,34.05099868774414,1002.5,4.898499965667725,66.55000305175781,69.87999725341797,4.111000061035156,453.5,996.75,547.25,390.6000061035156,19.25,8031.0,66.52999877929688,202.0500030517578,85.625,953.0,2.1331000328063965,2.1621999740600586,24.65999984741211,103.83000183105469,4.27400016784668,4.188000202178955,5521.52001953125,40813.5703125,17303.009765625,8542.599609375,36790.03125
2025-03-14,1.085564136505127,1.2958402633666992,147.94900512695312,0.6287410259246826,1.442579984664917,0.8826199769973755,0.5703107714653015,86.9220962524414,7.237100124359131,1.3353999853134155,7.771609783172607,1453.22998046875,5.798500061035156,20.082849502563477,36.67959976196289,18.27400016784668,10.681180000305176,10.191550254821777,6.872600078582764,3.850188970565796,23.0492000579834,367.9700012207031,160.59800720214844,0.8377299904823303,191.6909942626953,93.01200103759766,102.5510025024414,167.6041259765625,1.72639000415802,1.5658899545669556,2994.5,34.1870002746582,1010.0,4.869500160217285,67.18000030517578,70.58000183105469,4.104000091552734,445.5,999.25,545.75,382.1000061035156,19.190000534057617,7728.0,67.37000274658203,203.1750030517578,86.625,962.2999877929688,2.148699998855591,2.166599988937378,21.770000457763672,103.72000122070312,4.308000087738037,4.188000202178955,5638.93994140625,41488.19140625,17754.08984375,8632.2998046875,37053.1015625
2025-03-17,1.0881274938583374,1.2930588722229004,148.59800720214844,0.6326191425323486,1.4369200468063354,0.884090006351471,0.5752515196800232,86.93900299072266,7.237100124359131,1.3335200548171997,7.772719860076904,1449.050048828125,5.740600109100342,19.92527961730957,36.6391716003418,18.19611930847168,10.631400108337402,10.124300003051758,6.85653018951416,3.839782953262329,22.98200035095215,367.0979919433594,161.67999267578125,0.8414499759674072,192.12899780273438,93.99800109863281,103.40599822998047,168.05421447753906,1.7198799848556519,1.5634299516677856,3000.0,34.07400131225586,1023.5,4.933499813079834,67.58000183105469,71.06999969482422,4.01800012588501,461.0,1015.5,568.5,389.3500061035156,19.969999313354492,7827.0,66.9800033569336,205.02499389648438,88.07499694824219,963.5999755859375,2.1812000274658203,2.2037999629974365,20.510000228881836,103.37000274658203,4.306000232696533,4.188000202178955,5675.1201171875,41841.62890625,17808.66015625,8680.2998046875,37396.51953125
2025-03-18,1.091917634010315,1.2985326051712036,149.37899780273438,0.638198733329773,1.4295099973678589,0.881201982498169,0.5824688673019409,86.91639709472656,7.232699871063232,1.3301600217819214,7.770299911499023,1442.489990234375,5.678069114685059,19.95507049560547,36.63199996948242,18.075090408325195,10.54010009765625,10.086259841918945,6.83266019821167,3.829538106918335,22.912399291992188,364.2200012207031,163.09500122070312,0.8408100008964539,193.96400451660156,95.31999969482422,104.48500061035156,169.48500061035156,1.7107199430465698,1.5607600212097168,3035.10009765625,34.57899856567383,1020.5,4.993000030517578,66.9000015258789,70.55999755859375,4.052000045776367,458.75,1012.75,565.0,387.1499938964844,19.989999771118164,8021.0,66.47000122070312,205.375,87.5999984741211,966.2000122070312,2.1684000492095947,2.194499969482422,21.700000762939453,103.23999786376953,4.281000137329102,4.195000171661377,5614.66015625,41581.30859375,17504.119140625,8705.2001953125,37845.421875
2025-03-19,1.093948245048523,1.3000519275665283,149.45199584960938,0.6361202001571655,1.4299499988555908,0.8767449855804443,0.5818588137626648,86.57610321044922,7.22730016708374,1.330899953842163,7.769700050354004,1448.93994140625,5.672100067138672,19.904159545898438,36.69559860229492,18.105690002441406,10.560830116271973,10.049500465393066,6.818130016326904,3.8192129135131836,22.858699798583984,363.19500732421875,163.4759979248047,0.8414199948310852,194.27699279785156,95.06199645996094,104.5009994506836,170.44500732421875,1.719539999961853,1.564170002937317,3035.89990234375,33.974998474121094,1006.2999877929688,5.076000213623047,67.16000366210938,70.77999877929688,4.247000217437744,462.0,1008.25,563.5,394.6000061035156,19.690000534057617,8121.0,66.3499984741211,206.8249969482422,85.57499694824219,949.2000122070312,2.169600009918213,2.2318999767303467,19.899999618530273,103.43000030517578,4.25600004196167,4.190000057220459,5675.2900390625,41964.62890625,17750.7890625,8706.7001953125,37751.87890625
2025-03-20,1.0911908149719238,1.3010668754577637,148.49000549316406,0.6364116668701172,1.4319000244140625,0.8763999938964844,0.582160234451294,86.33709716796875,7.230000019073486,1.3294299840927124,7.769909858703613,1443.3900146484375,5.648099899291992,20.0231990814209,37.99319839477539,18.09950065612793,10.552499771118164,10.087630271911621,6.835899829864502,3.83274507522583,22.884599685668945,364.3399963378906,162.0,0.8386099934577942,193.18299865722656,94.48500061035156,103.69000244140625,169.37777709960938,1.7144999504089355,1.5623799562454224,3040.0,33.7859992980957,989.5,5.085000038146973,68.26000213623047,72.0,3.9749999046325684,469.0,1013.0,557.25,392.1499938964844,20.0,8071.0,66.08000183105469,208.47500610351562,85.55000305175781,939.0999755859375,2.1910998821258545,2.254300117492676,19.799999237060547,103.8499984741211,4.232999801635742,4.182000160217285,5662.89013671875,41953.3203125,17691.630859375,8702.0,37751.87890625
2025-03-21,1.0856702327728271,1.2967981100082397,148.5959930419922,0.6303898096084595,1.4322700500488281,0.8813769817352295,0.5761895179748535,86.33609771728516,7.247700214385986,1.3345799446105957,7.772600173950195,1465.8199462890625,5.673900127410889,20.127500534057617,37.94593811035156,18.15290069580078,10.545999526977539,10.110300064086914,6.8701300621032715,3.8599629402160645,23.01259994506836,366.9020080566406,161.322998046875,0.8371700048446655,192.68699645996094,93.66500091552734,103.73899841308594,168.56793212890625,1.7221599817276,1.554919958114624,3018.199951171875,33.290000915527344,976.2000122070312,5.087500095367432,68.27999877929688,72.16000366210938,3.9800000190734863,464.25,1009.75,558.25,391.3999938964844,19.719999313354492,7765.0,65.2699966430664,206.9499969482422,86.125,951.2000122070312,2.1953999996185303,2.2495999336242676,19.280000686645508,104.08999633789062,4.251999855041504,4.184999942779541,5667.56005859375,41985.3515625,17784.05078125,8646.7998046875,37677.05859375
2025-03-24,1.0835762023925781,1.2924572229385376,149.677001953125,0.6288319230079651,1.43326997756958,0.8829200267791748,0.574540913105011,85.98699951171875,7.248499870300293,1.3349000215530396,7.773039817810059,1464.780029296875,5.729599952697754,20.21017074584961,37.976688385009766,18.20587921142578,10.527640342712402,10.114660263061523,6.884650230407715,3.8702950477600098,23.048999786376953,366.42498779296875,162.1750030517578,0.8383299708366394,193.44200134277344,94.10900115966797,104.4229965209961,169.489501953125,1.7230499982833862,1.5529099702835083,3013.10009765625,33.26499938964844,962.5999755859375,5.064000129699707,69.11000061035156,73.0,3.9140000343322754,464.5,1007.25,548.25,393.3999938964844,19.260000228881836,8079.0,65.41999816894531,205.89999389648438,85.69999694824219,947.7000122070312,2.2065999507904053,2.2571001052856445,17.479999542236328,104.26000213623047,4.330999851226807,4.182000160217285,5767.56982421875,42583.3203125,18188.58984375,8638.0,37608.48828125
2025-03-25,1.0803569555282593,1.2924238443374634,150.7740020751953,0.6285908222198486,1.4316099882125854,0.8826900124549866,0.5726786255836487,85.53209686279297,7.252999782562256,1.338879942893982,7.77400016784668,1466.27001953125,5.760799884796143,20.037870407104492,37.848541259765625,18.243070602416992,10.518400192260742,10.096480369567871,6.905089855194092,3.863856077194214,23.049800872802734,369.1499938964844,162.88400268554688,0.8358700275421143,194.85000610351562,94.76200103759766,105.31199645996094,170.7900390625,1.7186100482940674,1.5465699434280396,3023.699951171875,34.00199890136719,973.0999755859375,5.183000087738037,69.0,73.0199966430664,3.8399999141693115,457.75,1001.75,543.25,398.54998779296875,19.510000228881836,7995.0,65.13999938964844,206.375,86.6500015258789,953.7999877929688,2.208699941635132,2.285900115966797,17.149999618530273,104.18000030517578,4.307000160217285,4.182000160217285,5776.64990234375,42587.5,18271.859375,8663.7998046875,37780.5390625
2025-03-26,1.0787487030029297,1.2943308353424072,149.9499969482422,0.6309000849723816,1.427299976348877,0.8826500177383423,0.573309063911438,85.59040069580078,7.256899833679199,1.3360899686813354,7.7758002281188965,1462.0899658203125,5.698400020599365,20.031999588012695,37.98720169067383,18.270610809326172,10.519399642944336,10.037569999694824,6.915900230407715,3.8575000762939453,23.056400299072266,369.7879943847656,161.74600219726562,0.8332599997520447,194.0800018310547,94.55899810791016,105.0459976196289,169.86399841308594,1.7100000381469727,1.5392999649047852,3020.89990234375,34.03300094604492,967.9000244140625,5.216000080108643,69.6500015258789,73.79000091552734,3.8610000610351562,451.25,1001.0,535.25,392.0,19.350000381469727,8044.0,65.68000030517578,207.0749969482422,87.55000305175781,962.5,2.232800006866455,2.2887001037597656,18.329999923706055,104.55000305175781,4.3379998207092285,4.190000057220459,5712.2001953125,42454.7890625,17899.01953125,8689.599609375,38027.2890625
2025-03-27,1.0742061138153076,1.2877637147903442,150.47300720214844,0.6287015080451965,1.4294999837875366,0.8841599822044373,0.5718991756439209,86.09539794921875,7.256899833679199,1.341230034828186,7.7758002281188965,1465.6800537109375,5.733500003814697,20.257049560546875,38.022098541259766,18.26959991455078,10.57349967956543,10.070500373840332,6.944849967956543,3.8939900398254395,23.15839958190918,372.531005859375,161.6199951171875,0.8341000080108643,193.76400756835938,94.58799743652344,105.25399780273438,170.1649932861328,1.708490014076233,1.5354599952697754,3060.199951171875,34.89699935913086,983.2000122070312,5.097499847412109,69.91999816894531,74.02999877929688,3.950000047683716,450.0,1016.75,532.0,378.79998779296875,19.09000015258789,7979.0,67.06999969482422,209.5500030517578,87.0250015258789,973.7999877929688,2.2464001178741455,2.2846999168395996,18.690000534057617,104.06999969482422,4.36899995803833,4.188000202178955,5693.31005859375,42299.69921875,17804.029296875,8666.099609375,37799.96875
2025-03-28,1.080100178718567,1.295202612876892,150.8470001220703,0.6301594376564026,1.4307500123977661,0.8813999891281128,0.5736411809921265,85.69490051269531,7.263299942016602,1.3393499851226807,7.776199817657471,1461.8900146484375,5.739299774169922,20.281999588012695,38.003299713134766,18.205350875854492,10.483050346374512,9.98855972290039,6.907800197601318,3.8731749057769775,23.084199905395508,371.55499267578125,162.91000366210938,0.833899974822998,195.36099243164062,95.04399871826172,105.42400360107422,171.0989990234375,1.7139500379562378,1.5452899932861328,3086.5,34.64400100708008,977.7000122070312,5.112500190734863,69.36000061035156,73.62999725341797,4.065000057220459,453.25,1023.0,528.25,379.95001220703125,18.959999084472656,8042.0,66.9000015258789,208.8249969482422,86.69999694824219,974.2999877929688,2.2346999645233154,2.2609000205993652,21.649999618530273,104.04000091552734,4.255000114440918,4.188000202178955,5580.93994140625,41583.8984375,17322.990234375,8658.900390625,37120.328125
2025-03-31,1.082391619682312,1.2938284873962402,149.61700439453125,0.6282907128334045,1.4309099912643433,0.8808500170707703,0.570711076259613,85.53880310058594,7.262800216674805,1.3427400588989258,7.77869987487793,1469.4100341796875,5.7581000328063965,20.380090713500977,37.975101470947266,18.41119956970215,10.484210014343262,10.00825023651123,6.893020153045654,3.857496976852417,23.01740074157715,371.25,161.93800354003906,0.8365499973297119,193.56500244140625,93.99299621582031,104.54900360107422,169.83273315429688,1.7226899862289429,1.5487500429153442,3122.800048828125,34.457000732421875,1009.7000122070312,5.019999980926514,71.4800033569336,74.73999786376953,4.11899995803833,457.25,1014.75,537.0,379.75,18.860000610351562,7902.0,66.83000183105469,207.8000030517578,87.7249984741211,991.2000122070312,2.283099889755249,2.313999891281128,22.280000686645508,104.20999908447266,4.245999813079834,4.192999839782715,5611.85009765625,42001.76171875,17299.2890625,8582.7998046875,35617.55859375
2025-04-01,1.0818880796432495,1.292089819908142,149.91299438476562,0.6241885423660278,1.4390699863433838,0.8838199973106384,0.5670509338378906,85.46810150146484,7.256700038909912,1.3432400226593018,7.7795000076293945,1471.9599609375,5.698400020599365,20.474029541015625,37.898590087890625,18.30838966369629,10.509929656982422,10.039979934692383,6.895899772644043,3.8646368980407715,23.040000915527344,371.6990051269531,162.177001953125,0.8372600078582764,193.68800354003906,93.5459976196289,104.16600036621094,169.6009979248047,1.733199954032898,1.5566999912261963,3118.89990234375,34.15800094604492,987.0999755859375,5.019000053405762,71.19999694824219,74.48999786376953,3.9509999752044678,461.75,1034.25,540.5,389.04998779296875,19.350000381469727,8177.0,68.25,209.125,87.375,991.2999877929688,2.302500009536743,2.2888998985290527,21.770000457763672,104.26000213623047,4.156000137329102,4.199999809265137,5633.06982421875,41989.9609375,17449.890625,8634.7998046875,35624.48046875
2025-04-02,1.0795987844467163,1.292306900024414,149.7830047607422,0.6289584636688232,1.4292099475860596,0.883400022983551,0.571389377117157,85.61009979248047,7.269700050354004,1.3439199924468994,7.781499862670898,1469.969970703125,5.681300163269043,20.328340530395508,37.96049880981445,18.477970123291016,10.463709831237793,10.010319709777832,6.911600112915039,3.8736488819122314,23.086000442504883,372.0119934082031,161.6909942626953,0.8353300094604492,193.55599975585938,94.19999694824219,104.79399871826172,169.47637939453125,1.7163100242614746,1.5428199768066406,3139.89990234375,34.499000549316406,977.9000244140625,5.023499965667725,71.70999908447266,74.94999694824219,4.054999828338623,457.75,1029.5,539.25,388.8500061035156,19.59000015258789,8968.0,67.80000305175781,210.375,87.44999694824219,974.5,2.3310000896453857,2.322000026702881,21.510000228881836,103.80999755859375,4.196000099182129,4.203000068664551,5670.97021484375,42225.3203125,17601.05078125,8608.5,35725.87109375
2025-04-03,1.090869426727295,1.3046314716339111,147.8719940185547,0.6264698505401611,1.4216500520706177,0.8767899870872498,0.5727606415748596,85.65119934082031,7.267499923706055,1.3458900451660156,7.78380012512207,1466.0400390625,5.663700103759766,20.25830078125,37.944618225097656,18.94409942626953,10.380599975585938,9.861300468444824,6.842040061950684,3.8294999599456787,22.84869956970215,367.68798828125,161.24200439453125,0.8357999920845032,192.9029998779297,92.62100219726562,104.00700378417969,168.61399841308594,1.7405099868774414,1.5501699447631836,3097.0,31.8439998626709,942.5,4.810999870300293,66.94999694824219,70.13999938964844,4.138000011444092,457.5,1011.5,536.0,385.25,19.110000610351562,9291.0,64.80000305175781,208.0500030517578,87.375,919.0999755859375,2.164299964904785,2.1888999938964844,30.020000457763672,102.06999969482422,4.054999828338623,4.184999942779541,5396.52001953125,40545.9296875,16550.609375,8474.7001953125,34735.9296875
2025-04-04,1.1043744087219238,1.308866262435913,146.2310028076172,0.6323510408401489,1.4081000089645386,0.8592100143432617,0.5786601901054382,85.28289794921875,7.267499923706055,1.335260033607483,7.7779998779296875,1450.6800537109375,5.6305999755859375,19.93221092224121,38.005699157714844,18.739099502563477,10.329059600830078,9.790140151977539,6.756440162658691,3.8242099285125732,22.669700622558594,364.718994140625,161.4810028076172,0.8436999917030334,191.3820037841797,92.45500183105469,103.8270034790039,170.1683807373047,1.7463899850845337,1.5551799535751343,3012.0,29.115999221801758,902.0,4.384500026702881,61.9900016784668,65.58000183105469,3.8369998931884766,460.25,977.0,529.0,365.70001220703125,18.84000015258789,8512.0,63.36000061035156,202.625,87.375,896.2000122070312,2.054500102996826,2.081899881362915,45.310001373291016,103.0199966430664,3.984999895095825,4.15500020980835,5074.080078125,38314.859375,15587.7900390625,8055.0,33780.578125
2025-04-07,1.098454475402832,1.2910722494125366,145.43299865722656,0.5987701416015625,1.4241100549697876,0.851610004901886,0.5541394352912903,85.529296875,7.281300067901611,1.3466399908065796,7.771890163421631,1458.52001953125,5.840030193328857,20.621700286865234,38.00090026855469,19.27482032775879,10.76159954071045,10.010890007019043,6.794380187988281,3.8837199211120605,22.945899963378906,369.7200012207031,159.72999572753906,0.8507500290870667,187.7429962158203,87.05400085449219,102.10800170898438,170.73374938964844,1.8143999576568604,1.5641100406646729,2951.300048828125,29.510000228881836,894.0,4.169000148773193,60.70000076293945,64.20999908447266,3.6549999713897705,464.5,983.0,536.5,344.79998779296875,18.68000030517578,8053.0,65.98999786376953,198.9250030517578,87.80000305175781,876.5999755859375,2.0201001167297363,2.0699000358581543,46.97999954223633,103.26000213623047,4.15500020980835,4.150000095367432,5062.25,37965.6015625,15603.259765625,7702.10009765625,31136.580078125
2025-04-08,1.0915361642837524,1.2734960317611694,147.78900146484375,0.5997613072395325,1.4237799644470215,0.8597099781036377,0.553709864616394,86.0270004272461,7.30810022354126,1.3521100282669067,7.768489837646484,1469.949951171875,5.913599967956543,20.696550369262695,38.004798889160156,19.55769920349121,10.965439796447754,10.06863021850586,6.8402299880981445,3.9346940517425537,23.099000930786133,372.822998046875,161.31100463867188,0.8571500182151794,188.18499755859375,88.62899780273438,103.78199768066406,171.88299560546875,1.8198000192642212,1.554010033607483,2968.39990234375,29.591999053955078,899.5999755859375,4.127500057220459,59.58000183105469,62.81999969482422,3.4649999141693115,469.0,992.75,540.0,342.8999938964844,18.309999465942383,7755.0,65.55000305175781,199.10000610351562,87.82499694824219,877.9000244140625,1.9914000034332275,2.056999921798706,52.33000183105469,102.95999908447266,4.26200008392334,4.177999973297119,4982.77001953125,37645.58984375,15267.91015625,7910.5,33012.578125
2025-04-09,1.0980443954467773,1.2790995836257935,145.84500122070312,0.595528781414032,1.4253000020980835,0.8456599712371826,0.5518489480018616,86.435302734375,7.338799953460693,1.3522299528121948,7.769700050354004,1486.1300048828125,6.013299942016602,20.836240768432617,38.007999420166016,19.75782012939453,10.936479568481445,10.005009651184082,6.799200057983398,3.8891348838806152,22.92099952697754,370.7539978027344,160.13999938964844,0.8585000038146973,186.51499938964844,86.84100341796875,102.31800079345703,172.43260192871094,1.8436800241470337,1.5649499893188477,3056.5,30.322999954223633,908.5999755859375,4.17549991607666,62.349998474121094,65.4800033569336,3.815999984741211,474.0,1012.75,542.25,341.70001220703125,17.90999984741211,8447.0,66.62999725341797,202.8000030517578,86.9749984741211,878.0999755859375,2.0383999347686768,2.113600015640259,33.619998931884766,102.9000015258789,4.400000095367432,4.228000164031982,5456.89990234375,40608.44921875,17124.970703125,7679.5,31714.029296875
2025-04-10,1.0952062606811523,1.2825446128845215,147.3990020751953,0.6133614778518677,1.4101300239562988,0.8554499745368958,0.5637201070785522,86.20929718017578,7.349999904632568,1.3422600030899048,7.761099815368652,1443.949951171875,5.8180999755859375,20.33354949951172,37.96289825439453,19.412220001220703,10.764240264892578,9.959870338439941,6.816999912261963,3.863455057144165,22.85700035095215,367.6260070800781,161.41299438476562,0.8538100123405457,189.03500366210938,90.3949966430664,104.50499725341797,172.26400756835938,1.7852699756622314,1.5441499948501587,3155.199951171875,30.67099952697754,922.4000244140625,4.321000099182129,60.06999969482422,63.33000183105469,3.556999921798706,483.0,1029.0,538.0,342.8500061035156,18.1200008392334,8088.0,66.47000122070312,200.85000610351562,86.0,888.9000244140625,1.961300015449524,2.0464000701904297,40.720001220703125,100.87000274658203,4.394000053405762,4.197000026702881,5268.0498046875,39593.66015625,16387.310546875,7913.2998046875,34609.0
2025-04-11,1.1257838010787964,1.2992074489593506,143.7469940185547,0.6223394870758057,1.3950999975204468,0.8207600116729736,0.5747886300086975,86.2603988647461,7.314000129699707,1.3286900520324707,7.757530212402344,1452.0400390625,5.884300231933594,20.594459533691406,38.03559875488281,19.48649024963379,10.774270057678223,9.825360298156738,6.6319899559021,3.7815310955047607,22.2549991607666,359.5559997558594,161.822998046875,0.8664299845695496,186.74000549316406,89.44999694824219,103.01699829101562,175.09169006347656,1.8088099956512451,1.570520043373108,3222.199951171875,31.823999404907227,934.2999877929688,4.507500171661377,61.5,64.76000213623047,3.5269999504089355,490.25,1042.75,555.75,357.70001220703125,18.0,8511.0,65.88999938964844,202.47500610351562,85.42500305175781,896.7999877929688,1.9990999698638916,2.0652999877929688,37.560001373291016,99.77999877929688,4.493000030517578,4.2129998207092285,5363.35986328125,40212.7109375,16724.4609375,7964.2001953125,33585.578125
2025-04-14,1.1343141794204712,1.3085237741470337,143.6959991455078,0.6301316618919373,1.3873900175094604,0.8180599808692932,0.5836314558982849,86.19300079345703,7.291600227355957,1.3202600479125977,7.754940032958984,1419.050048828125,5.864200115203857,20.276779174804688,37.98509979248047,19.118560791015625,10.647480010986328,9.7669095993042,6.580599784851074,3.773958921432495,22.124000549316406,361.260009765625,162.97799682617188,0.8668000102043152,188.0019989013672,90.52999877929688,103.55699920654297,175.6071014404297,1.7998499870300293,1.5734800100326538,3204.800048828125,32.09199905395508,948.5999755859375,4.610499858856201,61.529998779296875,64.87999725341797,3.325000047683716,485.0,1041.75,547.5,360.3999938964844,17.8700008392334,8247.0,64.08999633789062,203.9499969482422,85.4749984741211,946.5999755859375,2.022200107574463,2.0917000770568848,30.889999389648438,99.63999938964844,4.363999843597412,4.195000171661377,5405.97021484375,40524.7890625,16831.48046875,8134.2998046875,33982.359375
2025-04-15,1.1339668035507202,1.3174536228179932,143.2209930419922,0.631991446018219,1.3899999856948853,0.8159599900245667,0.5866995453834534,86.0447998046875,7.3119001388549805,1.3159199953079224,7.7559099197387695,1419.4200439453125,5.8541998863220215,20.07990074157715,38.03839874267578,18.871400833129883,10.568699836730957,9.772540092468262,6.582230091094971,3.7645490169525146,22.11199951171875,361.27398681640625,162.40199279785156,0.8607000112533569,188.6699981689453,90.50299835205078,103.0260009765625,175.49002075195312,1.7942299842834473,1.5760899782180786,3218.699951171875,32.22700119018555,960.2000122070312,4.611000061035156,61.33000183105469,64.66999816894531,3.3289999961853027,481.25,1036.0,542.0,369.3999938964844,17.520000457763672,8002.0,65.08000183105469,204.8000030517578,88.19999694824219,968.2000122070312,2.024399995803833,2.078399896621704,30.1200008392334,100.22000122070312,4.322999954223633,4.199999809265137,5396.6298828125,40368.9609375,16823.169921875,8249.099609375,34267.5390625
2025-04-16,1.1292672157287598,1.323101282119751,143.18099975585938,0.6337898373603821,1.3956999778747559,0.8207700252532959,0.5895496606826782,85.72669982910156,7.3119001388549805,1.31836998462677,7.756899833679199,1427.02001953125,5.8846001625061035,20.125429153442383,38.17060089111328,19.026330947875977,10.643770217895508,9.87240982055664,6.611499786376953,3.801831007003784,22.19099998474121,361.08099365234375,161.6300048828125,0.8534700274467468,189.36000061035156,90.68000030517578,102.56300354003906,174.33999633789062,1.7817399501800537,1.5760899782180786,3326.60009765625,32.92599868774414,969.7000122070312,4.673999786376953,62.470001220703125,65.8499984741211,3.246999979019165,484.25,1038.75,547.75,376.04998779296875,17.860000610351562,8096.0,65.79000091552734,207.0749969482422,90.1500015258789,969.7999877929688,2.0434000492095947,2.1154000759124756,32.63999938964844,99.37999725341797,4.2789998054504395,4.208000183105469,5275.7001953125,39669.390625,16307.16015625,8275.599609375,33920.3984375
2025-04-17,1.1396790742874146,1.3233989477157593,141.92799377441406,0.6372998952865601,1.3859699964523315,0.8137500286102295,0.5935387015342712,85.62049865722656,7.3119001388549805,1.3102999925613403,7.761750221252441,1414.22998046875,5.8653998374938965,19.915300369262695,38.14339828491211,18.780250549316406,10.56410026550293,9.75216007232666,6.552020072937012,3.7523701190948486,21.927000045776367,357.5069885253906,161.71299743652344,0.8611000180244446,187.7740020751953,90.39800262451172,102.39600372314453,174.3350067138672,1.7889800071716309,1.5794099569320679,3308.699951171875,32.41999816894531,967.2999877929688,4.731500148773193,64.68000030517578,67.95999908447266,3.244999885559082,482.25,1036.5,548.75,375.5,17.93000030517578,8365.0,66.31999969482422,209.8249969482422,90.4000015258789,955.4000244140625,2.09879994392395,2.1522998809814453,29.649999618530273,99.37999725341797,4.333000183105469,4.204999923706055,5282.7001953125,39142.23046875,16286.4501953125,8275.7001953125,34377.6015625
2025-04-18,1.1396790742874146,1.3233989477157593,141.92799377441406,0.6372998952865601,1.3859699964523315,0.8137500286102295,0.5935387015342712,85.62049865722656,7.3119001388549805,1.3102999925613403,7.761750221252441,1414.22998046875,5.8653998374938965,19.915300369262695,38.14339828491211,18.780250549316406,10.56410026550293,9.75216007232666,6.552020072937012,3.7523701190948486,21.927000045776367,357.5069885253906,161.71299743652344,0.8611000180244446,187.7740020751953,90.39800262451172,102.39600372314453,174.3350067138672,1.7889800071716309,1.5794099569320679,3308.699951171875,32.41999816894531,967.2999877929688,4.731500148773193,64.68000030517578,67.95999908447266,3.244999885559082,482.25,1036.5,548.75,375.5,17.93000030517578,8365.0,66.31999969482422,209.8249969482422,90.4000015258789,955.4000244140625,2.09879994392395,2.1522998809814453,29.649999618530273,99.37999725341797,4.333000183105469,4.204999923706055,5282.7001953125,39142.23046875,16286.4501953125,8275.7001953125,34730.28125
2025-04-21,1.1396790742874146,1.3233989477157593,141.92799377441406,0.6372998952865601,1.3859699964523315,0.8137500286102295,0.5935387015342712,85.62049865722656,7.3119001388549805,1.3102999925613403,7.761750221252441,1414.22998046875,5.8653998374938965,19.915300369262695,38.14339828491211,18.780250549316406,10.56410026550293,9.75216007232666,6.552020072937012,3.7523701190948486,21.927000045776367,357.5069885253906,161.71299743652344,0.8611000180244446,187.7740020751953,90.39800262451172,102.39600372314453,174.3350067138672,1.7889800071716309,1.5794099569320679,3406.199951171875,32.49599838256836,957.7999877929688,4.7210001945495605,63.08000183105469,66.26000213623047,3.0160000324249268,481.75,1029.5,538.5,366.79998779296875,17.809999465942383,8810.0,65.7699966430664,209.77499389648438,91.0250015258789,925.7000122070312,2.0652999877929688,2.1089000701904297,33.81999969482422,98.27999877929688,4.40500020980835,4.210000038146973,5158.2001953125,38170.41015625,15870.900390625,8275.7001953125,34279.921875
2025-04-22,1.1512778997421265,1.3379716873168945,140.87600708007812,0.6421988606452942,1.383430004119873,0.8090500235557556,0.600009560585022,85.15889739990234,7.298999786376953,1.3050400018692017,7.759399890899658,1421.6400146484375,5.80709981918335,19.70330047607422,38.235801696777344,18.697460174560547,10.361100196838379,9.519189834594727,6.486849784851074,3.70729398727417,21.713300704956055,353.6499938964844,162.16400146484375,0.8604000210762024,188.4530029296875,90.46299743652344,101.81900024414062,174.08900451660156,1.792449951171875,1.5924899578094482,3400.800048828125,32.880001068115234,953.4000244140625,4.870500087738037,64.30999755859375,67.44000244140625,3.006999969482422,475.75,1035.0,535.5,377.6499938964844,17.989999771118164,9310.0,67.04000091552734,211.375,92.2249984741211,928.7999877929688,2.099600076675415,2.1486001014709473,30.56999969482422,98.91999816894531,4.388999938964844,4.2129998207092285,5287.759765625,39186.98046875,16300.419921875,8328.599609375,34220.6015625
2025-04-23,1.1351252794265747,1.327316164970398,142.68800354003906,0.6376200914382935,1.3847099542617798,0.8260700106620789,0.5960683226585388,85.2323989868164,7.311800003051758,1.313889980316162,7.758399963378906,1429.219970703125,5.719900131225586,19.615190505981445,38.280399322509766,18.607519149780273,10.433799743652344,9.600749969482422,6.578000068664551,3.771859884262085,22.06839942932129,359.2170104980469,161.96499633789062,0.8551700115203857,189.3800048828125,90.96199798583984,103.03199768066406,172.67799377441406,1.7802599668502808,1.5717500448226929,3276.300048828125,33.518001556396484,970.7000122070312,4.8354997634887695,62.27000045776367,66.12000274658203,3.0220000743865967,472.0,1040.25,528.25,392.3999938964844,17.940000534057617,9104.0,68.75,212.6999969482422,91.875,937.7000122070312,2.083899974822998,2.1268999576568604,28.450000762939453,99.83999633789062,4.38700008392334,4.208000183105469,5375.85986328125,39606.5703125,16708.05078125,8403.2001953125,34868.62890625
2025-04-24,1.132733702659607,1.326453447341919,143.22300720214844,0.6365291476249695,1.387410044670105,0.829800009727478,0.5952416062355042,85.4999008178711,7.285999774932861,1.3160300254821777,7.759399890899658,1426.449951171875,5.703400135040283,19.624399185180664,38.285621643066406,18.659400939941406,10.515569686889648,9.68809986114502,6.591100215911865,3.7825000286102295,22.055999755859375,360.39599609375,162.2169952392578,0.8539100289344788,189.96800231933594,91.14900207519531,103.22000122070312,172.5749969482422,1.7794400453567505,1.5714000463485718,3332.0,33.481998443603516,971.5999755859375,4.849999904632568,62.790000915527344,66.55000305175781,2.930000066757202,477.25,1053.0,529.25,408.0,17.920000076293945,9391.0,67.30000305175781,213.5,91.94999694824219,947.9000244140625,2.1057000160217285,2.143699884414673,26.469999313354492,99.29000091552734,4.304999828338623,4.197000026702881,5484.77001953125,40093.3984375,17166.0390625,8407.400390625,35039.1484375
2025-04-25,1.1371906995773315,1.3326226472854614,142.87899780273438,0.6403483152389526,1.3858000040054321,0.8287400007247925,0.5987988114356995,85.2573013305664,7.285999774932861,1.3122899532318115,7.758309841156006,1430.06005859375,5.678699970245361,19.600000381469727,38.415000915527344,18.749309539794922,10.418800354003906,9.617199897766113,6.565609931945801,3.7536709308624268,21.92799949645996,356.9490051269531,162.46299743652344,0.8532500267028809,190.39199829101562,91.44200134277344,103.09200286865234,172.37600708007812,1.77646005153656,1.575719952583313,3282.39990234375,32.98899841308594,964.7999877929688,4.8354997634887695,63.02000045776367,66.87000274658203,2.937000036239624,478.75,1049.75,530.0,408.25,18.18000030517578,9652.0,66.8499984741211,214.25,92.80000305175781,931.0,2.1189000606536865,2.16729998588562,24.84000015258789,99.47000122070312,4.265999794006348,4.192999839782715,5525.2099609375,40113.5,17382.939453125,8415.2998046875,35705.73828125
2025-04-28,1.1343141794204712,1.3290096521377563,143.84100341796875,0.63840651512146,1.3870799541473389,0.8284000158309937,0.5949406027793884,85.38490295410156,7.286399841308594,1.3151999711990356,7.756919860839844,1437.3599853515625,5.684700012207031,19.535160064697266,38.42399978637695,18.6824893951416,10.451299667358398,9.68200969696045,6.580319881439209,3.7612740993499756,21.968000411987305,357.92999267578125,163.1529998779297,0.8534600138664246,191.1580047607422,91.77799987792969,103.68399810791016,173.58599853515625,1.7770999670028687,1.5733100175857544,3332.5,32.9900016784668,987.4000244140625,4.8379998207092285,62.04999923706055,65.86000061035156,3.1700000762939453,475.5,1052.0,515.5,421.54998779296875,17.84000015258789,9217.0,66.37999725341797,215.64999389648438,92.94999694824219,943.4000244140625,2.105799913406372,2.17549991607666,25.149999618530273,99.01000213623047,4.216000080108643,4.192999839782715,5528.75,40227.58984375,17366.130859375,8417.2998046875,35839.98828125
2025-04-29,1.1409143209457397,1.3436164855957031,142.17799377441406,0.6428800821304321,1.3830100297927856,0.8211899995803833,0.597200334072113,85.1603012084961,7.294000148773193,1.3091700077056885,7.7565999031066895,1435.8800048828125,5.652900218963623,19.57309913635254,38.44160079956055,18.49449920654297,10.33590030670166,9.593489646911621,6.543169975280762,3.7399230003356934,21.859500885009766,354.1889953613281,162.2036590576172,0.8490599989891052,191.01499938964844,91.39099884033203,102.79199981689453,173.08599853515625,1.7745200395584106,1.5775400400161743,3318.800048828125,33.275001525878906,978.7000122070312,4.822999954223633,60.41999816894531,64.25,3.385999917984009,460.5,1041.0,505.75,412.6499938964844,17.6200008392334,9146.0,66.3499984741211,216.35000610351562,92.55000305175781,932.5,2.071199893951416,2.1203999519348145,24.170000076293945,99.23999786376953,4.172999858856201,4.190000057220459,5560.830078125,40527.62109375,17461.3203125,8463.5,35839.98828125
2025-04-30,1.1389262676239014,1.3410794734954834,142.2989959716797,0.6386919617652893,1.382680058479309,0.823419988155365,0.5936691164970398,85.1707992553711,7.269000053405762,1.3082799911499023,7.758800029754639,1431.1600341796875,5.619999885559082,19.540199279785156,38.4994010925293,18.513200759887695,10.371000289916992,9.643799781799316,6.554349899291992,3.745800018310547,21.873699188232422,354.7699890136719,162.0570068359375,0.8492100238800049,190.8249969482422,90.85199737548828,102.90399932861328,172.78721618652344,1.7835999727249146,1.5746500492095947,3305.0,32.53099822998047,963.7999877929688,4.559999942779541,58.209999084472656,63.119998931884766,3.3259999752044678,467.25,1034.75,513.0,413.6000061035156,17.459999084472656,9127.0,65.7699966430664,215.75,91.92500305175781,930.2000122070312,2.0369999408721924,2.0367000102996826,24.700000762939453,99.47000122070312,4.177000045776367,4.190000057220459,5569.06005859375,40669.359375,17446.33984375,8494.900390625,36045.37890625
2025-05-01,1.1324899196624756,1.3323917388916016,143.00900268554688,0.6413093209266663,1.3789600133895874,0.8259599804878235,0.5938313007354736,84.53119659423828,7.270599842071533,1.3056399822235107,7.755149841308594,1423.75,5.672900199890137,19.589000701904297,38.5017204284668,18.53898048400879,10.40149974822998,9.643580436706543,6.590720176696777,3.7709410190582275,21.99410057067871,356.7510070800781,161.9409942626953,0.8498899936676025,190.5290069580078,91.7020034790039,103.69300079345703,173.1186981201172,1.765720009803772,1.5615099668502808,3210.0,32.18899917602539,964.7999877929688,4.580999851226807,59.2400016784668,62.130001068115234,3.4790000915527344,464.25,1040.25,515.25,395.70001220703125,17.15999984741211,8973.0,65.61000061035156,209.64999389648438,92.4000015258789,939.7000122070312,2.0492000579833984,2.01200008392334,24.600000381469727,100.25,4.230999946594238,4.184999942779541,5604.14013671875,40752.9609375,17710.740234375,8496.7998046875,36452.30078125
2025-05-02,1.1296498775482178,1.3286387920379639,145.447998046875,0.6386797428131104,1.3846499919891357,0.828980028629303,0.5913485288619995,84.69670104980469,7.270599842071533,1.3107600212097168,7.7571001052856445,1435.0999755859375,5.67710018157959,19.600889205932617,38.55839920043945,18.540700912475586,10.410750389099121,9.751199722290039,6.606649875640869,3.7849879264831543,22.05430030822754,357.0799865722656,164.2969970703125,0.8501899838447571,193.23300170898438,92.88200378417969,105.03299713134766,175.42520141601562,1.7686400413513184,1.5640900135040283,3231.89990234375,31.98900032043457,962.9000244140625,4.627500057220459,58.290000915527344,61.290000915527344,3.630000114440918,461.25,1048.75,526.5,395.3999938964844,17.200000762939453,9127.0,70.18000030517578,211.10000610351562,92.94999694824219,946.9000244140625,2.01990008354187,1.9931999444961548,22.68000030517578,100.0,4.322000026702881,4.208000183105469,5686.669921875,41317.4296875,17977.73046875,8596.400390625,36830.69140625
2025-05-05,1.1323232650756836,1.3271929025650024,144.62399291992188,0.644558310508728,1.3822300434112549,0.8241000175476074,0.5952097177505493,84.52629852294922,7.270599842071533,1.2963999509811401,7.750400066375732,1398.9000244140625,5.666900157928467,19.610090255737305,38.57176971435547,18.40369987487793,10.404899597167969,9.633769989013672,6.590970039367676,3.7739028930664062,22.013999938964844,356.7149963378906,163.7469940185547,0.8530899882316589,191.92999267578125,93.20899963378906,104.62000274658203,175.45803833007812,1.7565699815750122,1.5650500059127808,3311.300048828125,32.20500183105469,957.5,4.65500020980835,57.130001068115234,60.22999954223633,3.549999952316284,446.5,1038.0,514.25,398.95001220703125,17.469999313354492,8758.0,70.3499984741211,213.64999389648438,92.25,938.5,2.0227999687194824,1.9744999408721924,23.639999389648438,99.83000183105469,4.3429999351501465,4.208000183105469,5650.3798828125,41218.828125,17844.240234375,8596.400390625,36830.69140625
2025-05-06,1.1313369274139404,1.3292568922042847,143.6540069580078,0.6461409330368042,1.3821899890899658,0.8217909932136536,0.5961394309997559,84.2208023071289,7.269999980926514,1.2902400493621826,7.750400066375732,1374.3699951171875,5.686299800872803,19.673200607299805,38.61050033569336,18.259660720825195,10.394100189208984,9.662590026855469,6.595990180969238,3.7678160667419434,22.013399124145508,356.4700012207031,162.5,0.8510500192642212,190.9199981689453,92.80899810791016,103.9209976196289,174.73199462890625,1.750789999961853,1.563599944114685,3411.39990234375,33.112998962402344,987.7999877929688,4.735000133514404,59.09000015258789,62.150001525878906,3.4630000591278076,447.5,1034.75,519.0,401.1000061035156,17.440000534057617,9175.0,71.94000244140625,213.6750030517578,91.55000305175781,976.2999877929688,2.064500093460083,2.0088000297546387,24.760000228881836,99.23999786376953,4.308000087738037,4.210000038146973,5606.91015625,40829.0,17689.66015625,8597.400390625,36830.69140625
2025-05-07,1.1342755556106567,1.335594892501831,143.03500366210938,0.6506688594818115,1.3769400119781494,0.8256300091743469,0.6015110015869141,84.79319763183594,7.216300010681152,1.2886899709701538,7.7515997886657715,1374.77001953125,5.712800025939941,19.644620895385742,38.63290023803711,18.19230079650879,10.26259994506836,9.572400093078613,6.578269958496094,3.7642929553985596,21.972000122070312,356.42999267578125,162.2259979248047,0.8491899967193604,191.01600646972656,93.05599975585938,103.86799621582031,173.19400024414062,1.7430499792099,1.5617200136184692,3381.39990234375,32.53099822998047,979.7999877929688,4.616499900817871,58.06999969482422,61.119998931884766,3.621000051498413,441.0,1030.5,518.0,396.20001220703125,17.1299991607666,9398.0,70.47000122070312,212.52499389648438,91.1500015258789,978.2999877929688,2.0278000831604004,1.9766000509262085,23.549999237060547,99.61000061035156,4.275000095367432,4.215000152587891,5631.27978515625,41113.96875,17738.16015625,8559.2998046875,36779.66015625
2025-05-08,1.1306205987930298,1.3294159173965454,143.84800720214844,0.6434799432754517,1.3834199905395508,0.8239499926567078,0.5940182209014893,84.81719970703125,7.225200176239014,1.2943899631500244,7.758689880371094,1397.2900390625,5.74459981918335,19.60308074951172,38.644100189208984,18.25079917907715,10.3574800491333,9.661800384521484,6.597829818725586,3.76705002784729,21.981199264526367,357.1159973144531,162.61700439453125,0.8504700064659119,191.18600463867188,92.5009994506836,103.96800231933594,174.55296325683594,1.7577500343322754,1.5640100240707397,3296.60009765625,32.37799835205078,976.2999877929688,4.560999870300293,59.90999984741211,62.84000015258789,3.5920000076293945,439.0,1036.75,513.0,397.79998779296875,17.5,9268.0,66.69000244140625,214.25,90.6500015258789,979.4000244140625,2.085400104522705,2.0399999618530273,22.479999542236328,100.63999938964844,4.373000144958496,4.215000152587891,5663.93994140625,41368.44921875,17928.140625,8531.599609375,36928.62890625
2025-05-09,1.122422695159912,1.323539137840271,146.01499938964844,0.6392595171928406,1.392449975013733,0.8317999839782715,0.589918315410614,86.08219909667969,7.225200176239014,1.300510048866272,7.774970054626465,1403.8499755859375,5.661600112915039,19.518699645996094,38.7244987487793,18.2106990814209,10.432999610900879,9.744039535522461,6.647039890289307,3.7858059406280518,22.17799949645996,360.9599914550781,163.8769989013672,0.8479899764060974,193.24899291992188,93.33699798583984,104.85299682617188,175.4980010986328,1.755620002746582,1.562749981880188,3335.39990234375,32.67599868774414,998.5,4.611000061035156,61.02000045776367,63.90999984741211,3.7950000762939453,441.5,1044.0,505.5,397.1499938964844,17.780000686645508,9387.0,66.61000061035156,214.6750030517578,90.375,978.0,2.1084001064300537,2.0664000511169434,21.899999618530273,100.33999633789062,4.375,4.215000152587891,5659.91015625,41249.37890625,17928.919921875,8554.7998046875,37503.328125
2025-05-12,1.12296462059021,1.3289036750793457,145.81199645996094,0.642091691493988,1.3924000263214111,0.8337299823760986,0.5920698046684265,85.4083023071289,7.236299991607666,1.2976900339126587,7.777140140533447,1395.1700439453125,5.648200035095215,19.441640853881836,38.74020004272461,18.201749801635742,10.365400314331055,9.711979866027832,6.64300012588501,3.7671430110931396,22.183000564575195,359.4800109863281,163.74899291992188,0.8450199961662292,193.72999572753906,93.62000274658203,104.70099639892578,174.86572265625,1.7487599849700928,1.5638099908828735,3220.0,32.38800048828125,974.2999877929688,4.578499794006348,61.95000076293945,64.95999908447266,3.6459999084472656,440.25,1066.0,499.0,382.45001220703125,17.700000762939453,9340.0,66.62999725341797,216.8249969482422,90.7249984741211,938.0,2.1331000328063965,2.1110999584198,18.389999389648438,101.79000091552734,4.456999778747559,4.28000020980835,5844.18994140625,42410.1015625,18708.33984375,8605.0,37644.26171875
2025-05-13,1.1095577478408813,1.3177834749221802,148.30999755859375,0.6371780633926392,1.397420048713684,0.8448699712753296,0.5861286520957947,84.9656982421875,7.2017998695373535,1.3051999807357788,7.790989875793457,1416.030029296875,5.6697998046875,19.60740089416504,38.78990173339844,18.24401092529297,10.447150230407715,9.822870254516602,6.723549842834473,3.819812059402466,22.489299774169922,364.79998779296875,164.5469970703125,0.8419399857521057,195.4199981689453,94.48999786376953,106.12000274658203,175.50599670410156,1.7412300109863281,1.5504000186920166,3240.300048828125,32.86800003051758,991.0,4.68149995803833,63.66999816894531,66.62999725341797,3.6470000743865967,436.0,1067.25,501.5,384.8500061035156,18.219999313354492,10171.0,66.27999877929688,216.3249969482422,90.9749984741211,952.2000122070312,2.1659998893737793,2.171299934387207,18.219999313354492,101.0,4.499000072479248,4.284999847412109,5886.5498046875,42140.4296875,19010.08984375,8602.900390625,38183.26171875
2025-05-14,1.1185556650161743,1.3304418325424194,147.5279998779297,0.6472617387771606,1.3932000398635864,0.8394299745559692,0.593591570854187,85.060302734375,7.205699920654297,1.3008999824523926,7.796840190887451,1416.0,5.60046911239624,19.39310073852539,38.758480072021484,18.297489166259766,10.362799644470215,9.719770431518555,6.668799877166748,3.7857260704040527,22.23710060119629,361.10101318359375,165.01100158691406,0.8406999707221985,196.2570037841797,95.47699737548828,105.8740005493164,175.70458984375,1.728060007095337,1.5583800077438354,3181.39990234375,32.22600173950195,980.7999877929688,4.611000061035156,63.150001525878906,66.08999633789062,3.492000102996826,438.5,1067.0,508.75,373.95001220703125,18.059999465942383,10129.0,65.4800033569336,213.9499969482422,91.0,950.2999877929688,2.1700000762939453,2.2060999870300293,18.6200008392334,101.04000091552734,4.5279998779296875,4.284999847412109,5892.580078125,42051.05859375,19146.810546875,8585.0,38128.12890625
2025-05-15,1.1181930303573608,1.3263479471206665,146.64999389648438,0.6428800821304321,1.3978999853134155,0.8412320017814636,0.5896400213241577,85.48760223388672,7.205699920654297,1.3006999492645264,7.803380012512207,1407.3299560546875,5.636499881744385,19.383060455322266,38.7677001953125,18.215930938720703,10.381400108337402,9.749640464782715,6.6723198890686035,3.7817859649658203,22.267799377441406,360.3330078125,163.9739990234375,0.8430100083351135,194.49899291992188,94.2300033569336,104.89800262451172,174.281005859375,1.739989995956421,1.5630700588226318,3220.699951171875,32.48099899291992,996.5,4.644499778747559,61.619998931884766,64.52999877929688,3.361999988555908,448.5,1051.25,532.75,384.95001220703125,17.670000076293945,10257.0,65.43000030517578,211.1750030517578,100.69999694824219,964.2000122070312,2.134399890899658,2.1659998893737793,17.829999923706055,100.87999725341797,4.454999923706055,4.257999897003174,5916.93017578125,42322.75,19112.3203125,8633.7998046875,37755.51171875
2025-05-16,1.1192693710327148,1.3306896686553955,145.61300659179688,0.640578031539917,1.3954700231552124,0.8345999717712402,0.5873715281486511,85.44490051269531,7.206500053405762,1.2966200113296509,7.8053998947143555,1397.02001953125,5.681300163269043,19.471399307250977,38.83620071411133,17.99720001220703,10.412240028381348,9.731820106506348,6.664740085601807,3.7908170223236084,22.255699157714844,359.5299987792969,162.96600341796875,0.8411700129508972,193.7310028076172,93.26300048828125,104.33599853515625,174.38999938964844,1.7471699714660645,1.5617899894714355,3182.0,32.15800094604492,990.2000122070312,4.555500030517578,62.4900016784668,65.41000366210938,3.3340001106262207,443.5,1050.0,525.0,376.25,17.520000457763672,10898.0,64.88999938964844,212.22500610351562,100.32499694824219,956.7999877929688,2.1417999267578125,2.1405999660491943,17.239999771118164,101.08999633789062,4.440999984741211,4.236999988555908,5958.3798828125,42654.73828125,19211.099609375,8684.599609375,37753.71875
2025-05-19,1.1187559366226196,1.3305498361587524,145.29800415039062,0.6410001516342163,1.395259976387024,0.8354499936103821,0.5886993408203125,85.50029754638672,7.209000110626221,1.2982200384140015,7.8138298988342285,1398.1300048828125,5.6586737632751465,19.451169967651367,38.856300354003906,18.04216957092285,10.373499870300293,9.731200218200684,6.669000148773193,3.8161959648132324,22.23900032043457,359.8699951171875,162.54200744628906,0.8407700061798096,193.30799865722656,93.11100006103516,104.12200164794922,173.8797607421875,1.7453999519348145,1.560829997062683,3228.89990234375,32.3129997253418,1004.5,4.633500099182129,62.689998626708984,65.54000091552734,3.11299991607666,447.5,1050.75,529.0,376.1499938964844,17.450000762939453,10974.0,65.63999938964844,212.97500610351562,99.25,979.2000122070312,2.1387999057769775,2.127700090408325,18.139999389648438,100.43000030517578,4.474999904632568,4.239999771118164,5963.60009765625,42792.0703125,19215.4609375,8699.2998046875,37498.62890625
2025-05-20,1.1233429908752441,1.3360053300857544,144.97500610351562,0.6455819606781006,1.3956899642944336,0.8349900245666504,0.5930987000465393,85.37210083007812,7.209000110626221,1.2950400114059448,7.821199893951416,1388.550048828125,5.644499778747559,19.284900665283203,38.846099853515625,18.0698299407959,10.30659008026123,9.684700012207031,6.640820026397705,3.7778260707855225,22.126399993896484,357.5119934082031,162.83999633789062,0.8407300114631653,193.67799377441406,93.58300018310547,103.86599731445312,173.58599853515625,1.7398600578308105,1.5676599740982056,3280.300048828125,32.97999954223633,1053.800048828125,4.619500160217285,62.560001373291016,65.37999725341797,3.427000045776367,454.5,1053.0,546.0,369.29998779296875,17.34000015258789,10874.0,66.12000274658203,213.1750030517578,100.0250015258789,1021.5999755859375,2.152100086212158,2.1289000511169434,18.09000015258789,100.12000274658203,4.480999946594238,4.248000144958496,5940.4599609375,42677.23828125,19142.7109375,8781.099609375,37529.48828125
2025-05-21,1.1287955045700073,1.3397821187973022,144.3280029296875,0.6425999999046326,1.3909300565719604,0.8267120122909546,0.5927401185035706,85.53610229492188,7.219399929046631,1.2946200370788574,7.828400135040283,1392.72998046875,5.667300224304199,19.269319534301758,38.83530044555664,17.92137908935547,10.245980262756348,9.633230209350586,6.608089923858643,3.7542879581451416,22.048999786376953,356.1199951171875,162.91099548339844,0.8425300121307373,193.3489990234375,92.72200012207031,103.75499725341797,174.54299926757812,1.7567800283432007,1.5699800252914429,3309.300048828125,33.4630012512207,1082.5999755859375,4.638000011444092,61.56999969482422,64.91000366210938,3.368000030517578,461.0,1062.75,549.25,370.29998779296875,17.700000762939453,10719.0,66.06999969482422,214.14999389648438,99.5250015258789,1046.5999755859375,2.1498000621795654,2.1391000747680664,20.8700008392334,99.55999755859375,4.5960001945495605,4.235000133514404,5844.60986328125,41860.44140625,18872.640625,8786.5,37298.98046875
2025-05-22,1.133118748664856,1.3419036865234375,143.7550048828125,0.6433101892471313,1.386080026626587,0.8250700235366821,0.5933485627174377,85.60030364990234,7.201900005340576,1.2894999980926514,7.82843017578125,1373.8599853515625,5.644700050354004,19.36680030822754,38.830101013183594,17.97150993347168,10.17199993133545,9.571599960327148,6.583950042724609,3.740523099899292,21.947200775146484,355.1610107421875,162.87600708007812,0.8443599939346313,192.88499450683594,92.46800231933594,103.69400024414062,174.204833984375,1.76118004322052,1.5704900026321411,3292.300048828125,33.047000885009766,1078.199951171875,4.648499965667725,61.20000076293945,64.44000244140625,3.253000020980835,463.0,1067.5,544.5,360.75,17.399999618530273,10278.0,65.62999725341797,215.625,98.69999694824219,1024.0,2.131200075149536,2.117500066757202,20.280000686645508,99.95999908447266,4.552999973297119,4.23199987411499,5842.009765625,41859.08984375,18925.740234375,8739.2998046875,36985.87109375
2025-05-23,1.1281843185424805,1.3419216871261597,143.85800170898438,0.6409804821014404,1.3858000040054321,0.8283799886703491,0.5897617340087891,85.97489929199219,7.203700065612793,1.2920399904251099,7.828179836273193,1381.3399658203125,5.71619987487793,19.32110023498535,39.033329010009766,18.005889892578125,10.202699661254883,9.637760162353516,6.611959934234619,3.7655069828033447,22.05699920654297,357.2099914550781,162.28700256347656,0.8406400084495544,193.04299926757812,92.2030029296875,103.79900360107422,173.6343231201172,1.7599600553512573,1.563330054283142,3363.60009765625,33.44200134277344,1087.4000244140625,4.80649995803833,61.529998779296875,64.77999877929688,3.3340001106262207,459.5,1060.25,542.5,361.0,17.290000915527344,9764.0,66.11000061035156,215.8000030517578,98.30000305175781,1001.5,2.1092000007629395,2.10479998588562,22.290000915527344,99.11000061035156,4.508999824523926,4.230000019073486,5802.81982421875,41603.0703125,18737.2109375,8718.0,37160.46875
2025-05-26,1.1372811794281006,1.3535828590393066,142.86700439453125,0.6501189470291138,1.3737200498580933,0.822409987449646,0.5991683602333069,85.19930267333984,7.203700065612793,1.2847100496292114,7.830580234527588,1364.72998046875,5.645199775695801,19.20479965209961,39.00040054321289,17.811899185180664,10.106780052185059,9.505999565124512,6.559229850769043,3.7347700595855713,21.831100463867188,355.0069885253906,162.46299743652344,0.8401299715042114,193.36099243164062,92.86599731445312,103.99099731445312,173.67031860351562,1.7491899728775024,1.5621600151062012,3363.60009765625,33.44200134277344,1087.4000244140625,4.80649995803833,61.529998779296875,64.77999877929688,3.3340001106262207,459.5,1060.25,542.5,361.0,17.290000915527344,9764.0,66.11000061035156,215.8000030517578,98.30000305175781,1001.5,2.1092000007629395,2.10479998588562,22.290000915527344,98.93000030517578,4.508999824523926,4.230000019073486,5802.81982421875,41603.0703125,18737.2109375,8718.0,37531.53125
2025-05-27,1.1388484239578247,1.3565207719802856,142.65499877929688,0.6481007933616638,1.373579978942871,0.8204200267791748,0.5994700789451599,85.158203125,7.203700065612793,1.2834999561309814,7.836900234222412,1368.0999755859375,5.666600227355957,19.245559692382812,38.993900299072266,17.830799102783203,10.09179973602295,9.504500389099121,6.548369884490967,3.721843957901001,21.83300018310547,353.4599914550781,162.4499969482422,0.8394700288772583,193.5,92.447998046875,103.84700012207031,173.85699462890625,1.7570500373840332,1.5641599893569946,3299.10009765625,33.145999908447266,1075.5999755859375,4.710000038146973,60.88999938964844,64.08999633789062,3.3980000019073486,459.5,1062.5,528.5,361.70001220703125,17.219999313354492,9739.0,65.56999969482422,215.125,99.0999984741211,977.2999877929688,2.071500062942505,2.079400062561035,18.959999084472656,99.5199966430664,4.434000015258789,4.203000068664551,5921.5400390625,42343.6484375,19199.16015625,8778.099609375,37724.109375
2025-05-28,1.1337097883224487,1.3513330221176147,144.177001953125,0.6447120904922485,1.38100004196167,0.8272600173950195,0.5948100686073303,85.3604965209961,7.203700065612793,1.2882399559020996,7.838399887084961,1374.800048828125,5.637400150299072,19.252700805664062,39.05950164794922,17.946870803833008,10.14999008178711,9.618499755859375,6.577270030975342,3.743690013885498,21.953899383544922,356.0199890136719,163.44500732421875,0.838890016078949,194.8179931640625,92.94400024414062,104.38700103759766,174.25799560546875,1.7583199739456177,1.5655499696731567,3293.60009765625,33.0,1070.5999755859375,4.644000053405762,61.84000015258789,64.9000015258789,3.2039999961853027,451.0,1048.5,530.25,351.95001220703125,16.899999618530273,9634.0,65.33000183105469,213.9250030517578,100.2750015258789,962.2000122070312,2.089200019836426,2.088099956512451,19.309999465942383,99.87999725341797,4.4770002365112305,4.224999904632568,5888.5498046875,42098.69921875,19100.939453125,8726.0,37722.3984375
2025-05-29,1.123368263244629,1.3431472778320312,145.69700622558594,0.6425207257270813,1.3851100206375122,0.8325499892234802,0.5959084630012512,85.38590240478516,7.203700065612793,1.29367995262146,7.834489822387695,1373.5999755859375,5.688700199127197,19.385150909423828,39.09429168701172,17.964099884033203,10.218099594116211,9.694419860839844,6.639249801635742,3.770970106124878,22.17300033569336,358.885986328125,163.66200256347656,0.8363199830055237,195.67599487304688,93.59700012207031,105.1729965209961,174.9553680419922,1.748270034790039,1.5559200048446655,3317.10009765625,33.28300094604492,1074.699951171875,4.653500080108643,60.939998626708984,64.1500015258789,3.5220000743865967,447.0,1051.75,534.0,348.3999938964844,17.0,9110.0,64.83999633789062,215.52499389648438,100.0250015258789,967.2999877929688,2.0594000816345215,2.0481998920440674,19.18000030517578,99.27999877929688,4.423999786376953,4.230000019073486,5912.169921875,42215.73046875,19175.869140625,8716.5,38432.98046875
2025-05-30,1.1378376483917236,1.3498992919921875,143.7790069580078,0.6445998549461365,1.3805700540542603,0.8219699859619141,0.5978608727455139,85.36129760742188,7.203700065612793,1.2862499952316284,7.841100215911865,1370.4100341796875,5.66510009765625,19.300100326538086,39.20848846435547,17.782249450683594,10.118800163269043,9.547900199890137,6.556139945983887,3.72503399848938,21.884000778198242,354.739990234375,163.5780029296875,0.842710018157959,194.0970001220703,92.66899871826172,104.13500213623047,174.88026428222656,1.7649600505828857,1.5707199573516846,3288.89990234375,32.891998291015625,1051.699951171875,4.652500152587891,60.790000915527344,63.900001525878906,3.447000026702881,444.0,1041.75,534.0,342.45001220703125,17.049999237060547,9791.0,65.05999755859375,215.47500610351562,101.32499694824219,961.2999877929688,2.0383999347686768,2.017199993133545,18.56999969482422,99.33000183105469,4.415999889373779,4.23199987411499,5911.68994140625,42270.0703125,19113.76953125,8772.400390625,37965.1015625
2025-06-02,1.1353315114974976,1.346728801727295,143.81500244140625,0.644321620464325,1.3726199865341187,0.8222699761390686,0.5973109006881714,85.52429962158203,7.203700065612793,1.2897000312805176,7.842100143432617,1381.989990234375,5.720799922943115,19.422500610351562,39.254398345947266,17.967790603637695,10.208900451660156,9.577400207519531,6.570899963378906,3.756753921508789,21.941200256347656,355.44500732421875,163.2469940185547,0.8428699970245361,193.66700744628906,92.6510009765625,104.76300048828125,174.8666534423828,1.7617700099945068,1.5580699443817139,3370.60009765625,34.5629997253418,1060.300048828125,4.834499835968018,62.52000045776367,64.62999725341797,3.694000005722046,438.25,1033.5,539.0,344.45001220703125,16.8799991607666,9474.0,66.12999725341797,216.5500030517578,100.8499984741211,988.5999755859375,2.052500009536743,2.0445001125335693,18.360000610351562,98.69999694824219,4.461999893188477,4.23199987411499,5935.93994140625,42305.48046875,19242.609375,8774.2998046875,37470.671875
2025-06-03,1.1453442573547363,1.3556748628616333,142.45199584960938,0.6498401165008545,1.3710700273513794,0.8159400224685669,0.6047887206077576,85.36370086669922,7.203700065612793,1.2848399877548218,7.844600200653076,1376.0699462890625,5.672399997711182,19.19219970703125,39.145301818847656,17.830699920654297,10.061249732971191,9.515660285949707,6.513400077819824,3.7125000953674316,21.691299438476562,351.8320007324219,163.13787841796875,0.8447700142860413,193.1020050048828,92.56199645996094,103.88700103759766,174.5479736328125,1.7623000144958496,1.5701700448989868,3350.199951171875,34.50299835205078,1071.300048828125,4.809500217437744,63.40999984741211,65.62999725341797,3.7219998836517334,438.5,1040.75,536.0,340.8500061035156,16.899999618530273,9775.0,66.05000305175781,215.97500610351562,100.2249984741211,1015.0,2.0787999629974365,2.099900007247925,17.690000534057617,99.25,4.460000038146973,4.235000133514404,5970.3701171875,42519.640625,19398.9609375,8787.0,37446.80859375
2025-06-04,1.1384464502334595,1.353143334388733,143.83700561523438,0.646608829498291,1.371500015258789,0.8228899836540222,0.6006113886833191,85.70880126953125,7.203700065612793,1.2890199422836304,7.845160007476807,1377.719970703125,5.637800216674805,19.224300384521484,39.14459991455078,17.84756088256836,10.128800392150879,9.612299919128418,6.551630020141602,3.7502079010009766,21.832500457763672,354.45001220703125,163.74000549316406,0.8412799835205078,194.61500549316406,92.99400329589844,104.86900329589844,174.77427673339844,1.7604999542236328,1.5611599683761597,3373.5,34.51900100708008,1088.699951171875,4.864500045776367,62.849998474121094,64.86000061035156,3.7160000801086426,438.75,1045.0,543.25,346.1499938964844,16.75,9948.0,64.98999786376953,218.39999389648438,99.9749984741211,1000.2999877929688,2.0339999198913574,2.0701000690460205,17.610000610351562,98.79000091552734,4.364999771118164,4.239999771118164,5970.81005859375,42427.73828125,19460.490234375,8801.2998046875,37747.44921875
2025-06-05,1.1422044038772583,1.3552155494689941,142.73199462890625,0.6490682363510132,1.3679100275039673,0.8179699778556824,0.6027400493621826,85.9041976928711,7.203700065612793,1.2855000495910645,7.843739986419678,1361.0899658203125,5.6321001052856445,19.199350357055664,39.264400482177734,17.808429718017578,10.106300354003906,9.577130317687988,6.530879974365234,3.7439000606536865,21.708999633789062,352.9179992675781,163.02000427246094,0.8427799940109253,193.41900634765625,92.62100219726562,104.33000183105469,174.45599365234375,1.7597500085830688,1.5623500347137451,3350.699951171875,35.68899917602539,1133.699951171875,4.91349983215332,63.369998931884766,65.33999633789062,3.677000045776367,439.5,1051.75,545.5,359.75,16.56999969482422,10076.0,65.36000061035156,222.89999389648438,100.8499984741211,1006.5,2.0629000663757324,2.0945000648498535,18.479999542236328,98.73999786376953,4.394000053405762,4.23199987411499,5939.2998046875,42319.73828125,19298.44921875,8811.0,37554.48828125
2025-06-06,1.1453834772109985,1.3579576015472412,143.54200744628906,0.6510501503944397,1.36667001247406,0.8192499876022339,0.6042296290397644,85.87750244140625,7.175000190734863,1.2862199544906616,7.846199989318848,1354.550048828125,5.58459997177124,19.151159286499023,39.282501220703125,17.704139709472656,10.06760025024414,9.565500259399414,6.512869834899902,3.734605073928833,21.639999389648438,352.1000061035156,164.39700317382812,0.843280017375946,194.9320068359375,93.44100189208984,105.01699829101562,175.17446899414062,1.7591400146484375,1.5652300119400024,3322.699951171875,36.025001525878906,1166.699951171875,4.829999923706055,64.58000183105469,66.47000122070312,3.7839999198913574,442.5,1057.25,554.75,358.04998779296875,16.489999771118164,10259.0,65.62000274658203,226.3000030517578,102.625,1060.5999755859375,2.0768001079559326,2.1252999305725098,16.770000457763672,99.19000244140625,4.510000228881836,4.23199987411499,6000.35986328125,42762.87109375,19529.94921875,8837.900390625,37741.609375
2025-06-09,1.1407841444015503,1.3538211584091187,144.6909942626953,0.6500217914581299,1.3690600395202637,0.8212599754333496,0.6024205088615417,85.7853012084961,7.188600063323975,1.2883000373840332,7.84689998626709,1359.18994140625,5.562699794769287,19.09762954711914,39.24409866333008,17.766019821166992,10.09451961517334,9.626959800720215,6.539130210876465,3.75314998626709,21.701000213623047,353.12799072265625,165.04400634765625,0.8425499796867371,195.87100219726562,94.04199981689453,105.67500305175781,176.1340789794922,1.7548099756240845,1.5616400241851807,3332.10009765625,36.6879997253418,1213.5999755859375,4.9095001220703125,65.29000091552734,67.04000091552734,3.634999990463257,433.5,1056.0,542.0,361.54998779296875,16.670000076293945,10174.0,65.98999786376953,227.0,102.7750015258789,1084.4000244140625,2.0952000617980957,2.146399974822998,17.15999984741211,98.94000244140625,4.48199987411499,4.239999771118164,6005.8798828125,42761.76171875,19591.240234375,8832.2998046875,38088.5703125
2025-06-10,1.1428048610687256,1.3556748628616333,144.5399932861328,0.6518101692199707,1.3698899745941162,0.8212000131607056,0.6050887703895569,85.75599670410156,7.180200099945068,1.2856199741363525,7.847519874572754,1353.8499755859375,5.557000160217285,19.037799835205078,39.29912185668945,17.70840072631836,10.059599876403809,9.56742000579834,6.528319835662842,3.7354230880737305,21.67099952697754,351.5,165.16600036621094,0.8428999781608582,195.93699645996094,94.19999694824219,105.50399780273438,175.98199462890625,1.7530900239944458,1.565369963645935,3320.89990234375,36.54199981689453,1209.800048828125,4.883999824523926,64.9800033569336,66.87000274658203,3.5329999923706055,438.75,1057.75,534.5,355.04998779296875,16.479999542236328,9602.0,65.41999816894531,227.0749969482422,103.1500015258789,1068.0,2.0880000591278076,2.1415998935699463,16.950000762939453,99.05000305175781,4.473999977111816,4.25,6038.81005859375,42866.87109375,19714.990234375,8853.099609375,38211.51171875
2025-06-11,1.143746018409729,1.3508219718933105,144.83799743652344,0.6527202129364014,1.3668299913406372,0.8219199776649475,0.6059100031852722,85.65280151367188,7.180200099945068,1.286020040512085,7.847789764404297,1363.8800048828125,5.5721001625061035,19.058759689331055,39.19559860229492,17.68400001525879,10.097570419311523,9.584549903869629,6.521570205688477,3.7174079418182373,21.637800216674805,350.302001953125,165.63299560546875,0.8466600179672241,195.61199951171875,94.52100372314453,105.9469985961914,176.16900634765625,1.752150058746338,1.5633000135421753,3321.300048828125,36.16600036621094,1258.0999755859375,4.801000118255615,68.1500015258789,69.7699966430664,3.506999969482422,437.0,1050.5,534.25,350.6499938964844,16.420000076293945,9549.0,65.47000122070312,227.8249969482422,103.375,1087.0999755859375,2.166800022125244,2.2053000926971436,17.260000228881836,98.62999725341797,4.4120001792907715,4.25,6022.240234375,42865.76953125,19615.880859375,8864.400390625,38421.19140625
2025-06-12,1.1509333848953247,1.3567416667938232,144.2030029296875,0.6509501338005066,1.366569995880127,0.8184000253677368,0.6036598682403564,85.46980285644531,7.192800045013428,1.28371000289917,7.848599910736084,1365.68994140625,5.535799980163574,18.897050857543945,39.129539489746094,17.68670082092285,10.044500350952148,9.533060073852539,6.481100082397461,3.6919329166412354,21.501800537109375,347.4530029296875,165.947998046875,0.8481600284576416,195.6230010986328,93.85700225830078,105.50700378417969,176.13720703125,1.7678200006484985,1.572540044784546,3380.89990234375,36.2130012512207,1272.699951171875,4.821499824523926,68.04000091552734,69.36000061035156,3.492000102996826,438.5,1042.25,526.5,347.79998779296875,16.270000457763672,9858.0,65.13999938964844,228.1999969482422,103.6500015258789,1062.0999755859375,2.142899990081787,2.188699960708618,18.020000457763672,97.91999816894531,4.35699987411499,4.257999897003174,6045.259765625,42967.62109375,19662.490234375,8884.900390625,38173.08984375
2025-06-13,1.1600254774093628,1.3627691268920898,143.19400024414062,0.6527999043464661,1.3596500158309937,0.8090000152587891,0.6065201163291931,85.68840026855469,7.192800045013428,1.2781599760055542,7.848939895629883,1349.7900390625,5.537300109863281,18.883209228515625,39.395599365234375,17.7549991607666,9.917400360107422,9.43220043182373,6.42972993850708,3.674799919128418,21.347999572753906,345.1510009765625,166.08299255371094,0.8512399792671204,195.0959930419922,93.45899963378906,105.30400085449219,176.95199584960938,1.7768100500106812,1.5771100521087646,3431.199951171875,36.28099822998047,1210.800048828125,4.802999973297119,72.9800033569336,74.2300033569336,3.5810000896453857,444.5,1069.75,543.75,349.70001220703125,16.1299991607666,9768.0,65.36000061035156,225.10000610351562,103.69999694824219,1039.5999755859375,2.22760009765625,2.3587000370025635,20.81999969482422,98.18000030517578,4.423999786376953,4.239999771118164,5976.97021484375,42197.7890625,19406.830078125,8850.599609375,37834.25
2025-06-16,1.1556684970855713,1.3557006120681763,144.09100341796875,0.6499997973442078,1.3583999872207642,0.8122159838676453,0.603900134563446,86.24919891357422,7.181000232696533,1.2813999652862549,7.8491997718811035,1365.1400146484375,5.538899898529053,18.947799682617188,39.36800003051758,17.931970596313477,9.914999961853027,9.472200393676758,6.456500053405762,3.6942389011383057,21.475900650024414,348.2900085449219,166.46636962890625,0.8510000109672546,196.74551391601562,93.58352661132812,105.99205780029297,177.5442657470703,1.7789000272750854,1.56850004196167,3396.39990234375,36.37900161743164,1251.5,4.826499938964844,71.7699966430664,73.2300033569336,3.747999906539917,434.75,1069.75,536.5,343.95001220703125,16.520000457763672,10035.0,65.44000244140625,227.02499389648438,111.80000305175781,1036.699951171875,2.219899892807007,2.3933000564575195,19.110000610351562,98.0,4.452000141143799,4.248000144958496,6033.10986328125,42515.08984375,19701.2109375,8875.2001953125,38311.328125
2025-06-17,1.1551345586776733,1.3565576076507568,144.72900390625,0.6511001586914062,1.357450008392334,0.8137099742889404,0.6049203872680664,86.10420227050781,7.178999900817871,1.281190037727356,7.849599838256836,1357.780029296875,5.490799903869629,18.923349380493164,39.38759994506836,17.815589904785156,9.870710372924805,9.49020004272461,6.45674991607666,3.6951498985290527,21.469100952148438,348.1050109863281,167.16000366210938,0.8514500260353088,196.31300354003906,94.18499755859375,106.61299896240234,177.8206787109375,1.7745699882507324,1.567929983139038,3386.60009765625,37.09000015258789,1260.0999755859375,4.80049991607666,74.83999633789062,76.44999694824219,3.8510000705718994,431.5,1074.0,549.0,335.8500061035156,16.079999923706055,9943.0,65.05000305175781,223.25,111.6500015258789,1062.300048828125,2.271899938583374,2.5051000118255615,21.600000381469727,98.81999969482422,4.39300012588501,4.2179999351501465,5982.72021484375,42215.80078125,19521.08984375,8834.0,38536.73828125
2025-06-18,1.1482638120651245,1.3430029153823853,145.37600708007812,0.6479797959327698,1.3683600425720215,0.8168699741363525,0.6019382476806641,86.36270141601562,7.184500217437744,1.2862800359725952,7.849599838256836,1380.5,5.493000030517578,19.019420623779297,39.52090072631836,17.983699798583984,9.935999870300293,9.54677963256836,6.494959831237793,3.7193000316619873,21.594999313354492,351.5889892578125,166.91099548339844,0.8548799753189087,195.22000122070312,94.19100189208984,106.23200225830078,177.94200134277344,1.7719600200653076,1.5711599588394165,3389.800048828125,36.86600112915039,1311.5,4.84499979019165,75.13999938964844,76.69999694824219,3.989000082015991,433.5,1074.75,574.25,324.8999938964844,15.880000114440918,9680.0,64.83999633789062,224.3000030517578,112.17500305175781,1061.800048828125,2.3085999488830566,2.533400058746338,20.139999389648438,98.91000366210938,4.396999835968018,4.2230000495910645,5980.8701171875,42171.66015625,19546.26953125,8843.5,38885.1484375
2025-06-19,1.1477497816085815,1.3416515588760376,144.9550018310547,0.6507408618927002,1.3696000576019287,0.8190600275993347,0.6029508709907532,86.61360168457031,7.188799858093262,1.2852599620819092,7.849689960479736,1370.75,5.485199928283691,19.00749969482422,39.53409957885742,18.018999099731445,9.973299980163574,9.641779899597168,6.49852991104126,3.720400094985962,21.591800689697266,351.0159912109375,166.3596649169922,0.8554199934005737,194.45599365234375,94.31500244140625,105.8270034790039,176.940673828125,1.7633999586105347,1.5717600584030151,3389.800048828125,36.86600112915039,1311.5,4.84499979019165,75.13999938964844,76.69999694824219,3.989000082015991,433.5,1074.75,574.25,324.8999938964844,15.880000114440918,9680.0,64.83999633789062,224.3000030517578,112.17500305175781,1061.800048828125,2.3085999488830566,2.533400058746338,20.139999389648438,98.91000366210938,4.396999835968018,4.2230000495910645,5980.8701171875,42171.66015625,19546.26953125,8791.7998046875,38488.33984375
2025-06-20,1.1512778997421265,1.3476725816726685,145.21800231933594,0.6488786935806274,1.3695499897003174,0.8163899779319763,0.6000816226005554,86.58380126953125,7.188000202178955,1.2848999500274658,7.8495001792907715,1374.8900146484375,5.489999771118164,19.02050018310547,39.663700103759766,17.99456024169922,10.029899597167969,9.623769760131836,6.479849815368652,3.7095699310302734,21.518199920654297,349.8800048828125,167.1529998779297,0.8540899753570557,195.69200134277344,94.1780014038086,106.02300262451172,177.85499572753906,1.7747199535369873,1.5763299465179443,3368.10009765625,35.97600173950195,1263.699951171875,4.826000213623047,74.93000030517578,77.01000213623047,3.8469998836517334,428.75,1068.0,567.75,319.04998779296875,16.100000381469727,8459.0,64.04000091552734,223.02499389648438,112.7750015258789,1052.800048828125,2.3294999599456787,2.541800022125244,20.6200008392334,98.70999908447266,4.375,4.195000171661377,5967.83984375,42206.8203125,19447.41015625,8774.7001953125,38403.23046875
2025-06-23,1.1500862836837769,1.3435983657836914,146.2239990234375,0.6446704864501953,1.3739299774169922,0.8177499771118164,0.5962104797363281,86.5802993774414,7.188000202178955,1.2900500297546387,7.849629878997803,1369.469970703125,5.518400192260742,19.210100173950195,39.72050094604492,18.061199188232422,10.100899696350098,9.70164966583252,6.485610008239746,3.712399959564209,21.55069923400879,350.19000244140625,168.1540069580078,0.8558899760246277,196.44900512695312,94.25299835205078,106.41699981689453,178.77499389648438,1.783769965171814,1.5799800157546997,3377.699951171875,36.15299987792969,1283.4000244140625,4.8429999351501465,68.51000213623047,71.4800033569336,3.697999954223633,419.25,1058.75,552.75,330.29998779296875,16.040000915527344,9189.0,63.959999084472656,222.3000030517578,113.44999694824219,1088.5999755859375,2.2181999683380127,2.363100051879883,19.829999923706055,98.41999816894531,4.320000171661377,4.1579999923706055,6025.169921875,42581.78125,19630.970703125,8758.0,38354.08984375
2025-06-24,1.1599044799804688,1.3545364141464233,145.92799377441406,0.6477800011634827,1.3728599548339844,0.8125799894332886,0.5995383262634277,86.23300170898438,7.178999900817871,1.2828400135040283,7.849669933319092,1361.93994140625,5.493800163269043,19.071199417114258,39.67070007324219,17.814800262451172,10.055310249328613,9.577930450439453,6.431139945983887,3.6839840412139893,21.390499114990234,347.1189880371094,169.2480010986328,0.856190025806427,197.64500427246094,94.5199966430664,106.27799987792969,179.5469970703125,1.7904800176620483,1.5922000408172607,3317.39990234375,35.70100021362305,1304.199951171875,4.867000102996826,64.37000274658203,67.13999938964844,3.5369999408721924,416.25,1046.75,535.75,315.3500061035156,15.770000457763672,9436.0,66.01000213623047,221.60000610351562,112.2249984741211,1067.0,2.085700035095215,2.285099983215332,17.479999542236328,97.86000061035156,4.293000221252441,4.182000160217285,6092.18017578125,43089.01953125,19912.529296875,8759.0,38790.55859375
2025-06-25,1.161224365234375,1.361488938331604,144.95700073242188,0.6495999097824097,1.3726600408554077,0.8051499724388123,0.6011313199996948,85.90480041503906,7.171299934387207,1.2801100015640259,7.849850177764893,1353.780029296875,5.510300159454346,18.99176025390625,39.6245002746582,17.721599578857422,10.11382007598877,9.508190155029297,6.424109935760498,3.660900115966797,21.309900283813477,345.4360046386719,168.29800415039062,0.8528599739074707,197.34300231933594,94.12899780273438,105.58899688720703,180.00096130371094,1.787950038909912,1.5938199758529663,3327.10009765625,36.084999084472656,1329.5999755859375,4.913000106811523,64.91999816894531,67.68000030517578,3.4059998989105225,410.25,1025.25,528.25,308.6499938964844,15.979999542236328,9081.0,66.44000244140625,221.60000610351562,112.82499694824219,1065.4000244140625,2.08240008354187,2.2964000701904297,16.760000228881836,97.68000030517578,4.293000221252441,4.188000202178955,6092.16015625,42982.4296875,19973.55078125,8718.7998046875,38942.0703125
2025-06-26,1.1683744192123413,1.369187831878662,144.9040069580078,0.6523114442825317,1.3711999654769897,0.8037300109863281,0.6055908203125,86.006103515625,7.176400184631348,1.276729941368103,7.848700046539307,1357.030029296875,5.5578999519348145,18.89859962463379,39.75859832763672,17.7007999420166,10.111249923706055,9.456560134887695,6.385210037231445,3.6354739665985107,21.162599563598633,342.91900634765625,169.2899932861328,0.8532999753952026,198.3719940185547,94.50199890136719,105.66300201416016,180.27066040039062,1.7911200523376465,1.6020300388336182,3333.5,36.58599853515625,1399.800048828125,5.065499782562256,65.23999786376953,67.7300033569336,3.260999917984009,409.5,1022.75,521.0,309.5,15.649999618530273,9361.0,67.06999969482422,221.6999969482422,112.32499694824219,1137.300048828125,2.0989999771118164,2.360100030899048,16.59000015258789,97.1500015258789,4.252999782562256,4.192999839782715,6141.02001953125,43386.83984375,20167.91015625,8735.599609375,39584.578125
2025-06-27,1.1692214012145996,1.37247633934021,144.69400024414062,0.654630184173584,1.3643100261688232,0.8008900284767151,0.6058990359306335,85.66639709472656,7.167500019073486,1.2752900123596191,7.849160194396973,1352.760009765625,5.477099895477295,18.87881088256836,39.85430145263672,17.860599517822266,10.056489944458008,9.508000373840332,6.380899906158447,3.6264901161193848,21.14299964904785,341.79998779296875,169.15699768066406,0.8518000245094299,198.5659942626953,94.71099853515625,106.03399658203125,180.6301727294922,1.785789966583252,1.594980001449585,3273.699951171875,36.0369987487793,1340.9000244140625,5.06850004196167,65.5199966430664,67.7699966430664,3.739000082015991,417.5,1027.75,524.75,309.8999938964844,15.8100004196167,9231.0,67.5199966430664,224.75,113.25,1145.5999755859375,2.0897998809814453,2.3071999549865723,16.31999969482422,97.4000015258789,4.2829999923706055,4.197000026702881,6173.06982421875,43819.26953125,20273.4609375,8798.900390625,40150.7890625
2025-06-30,1.1727453470230103,1.3719680309295654,144.51699829101562,0.6533215045928955,1.3681399822235107,0.7982500195503235,0.6063987016677856,85.4552993774414,7.172100067138672,1.2758500576019287,7.8495001792907715,1363.5899658203125,5.478400230407715,18.7992000579834,39.89059829711914,17.77079963684082,10.06879997253418,9.468669891357422,6.361299991607666,3.6127350330352783,21.09000015258789,340.17999267578125,169.45399475097656,0.8547300100326538,198.23699951171875,94.39099884033203,105.60900115966797,180.9827423095703,1.7949299812316895,1.6043599843978882,3294.39990234375,35.85200119018555,1334.0,5.03000020980835,65.11000061035156,67.61000061035156,3.4560000896453857,420.5,1024.25,528.75,306.75,15.479999542236328,9356.0,66.27999877929688,225.875,110.0999984741211,1102.0999755859375,2.0797998905181885,2.3457999229431152,16.729999542236328,96.87999725341797,4.230000019073486,4.190000057220459,6204.9501953125,44094.76953125,20369.73046875,8761.0,40487.390625
2025-07-01,1.178717017173767,1.3730605840682983,143.8000030517578,0.6578081846237183,1.3605400323867798,0.7927200198173523,0.6092397570610046,85.71399688720703,7.163599967956543,1.2707300186157227,7.849899768829346,1348.5,5.430200099945068,18.738000869750977,39.82659912109375,17.705299377441406,10.079299926757812,9.451510429382324,6.329440116882324,3.598546028137207,20.960800170898438,338.7300109863281,169.4600067138672,0.8583599925041199,197.44400024414062,94.56199645996094,105.68499755859375,181.3544464111328,1.7922300100326538,1.6035799980163574,3336.699951171875,36.082000732421875,1345.9000244140625,5.047999858856201,65.44999694824219,67.11000061035156,3.4149999618530273,420.0,1024.75,537.25,298.8500061035156,15.699999809265137,9000.0,66.27999877929688,210.75,109.0,1105.5,2.1003000736236572,2.326900005340576,16.829999923706055,96.81999969482422,4.250999927520752,4.224999904632568,6198.009765625,44494.94140625,20202.890625,8785.2998046875,39986.328125
2025-07-02,1.180553913116455,1.374721646308899,143.40199279785156,0.6583105325698853,1.3644299507141113,0.790690004825592,0.6100797653198242,85.6427993774414,7.1645002365112305,1.2725499868392944,7.847760200500488,1355.5899658203125,5.458799839019775,18.737899780273438,39.83879852294922,17.592470169067383,10.063650131225586,9.472249984741211,6.32004976272583,3.5969600677490234,20.8927001953125,337.5260009765625,169.2949981689453,0.858780026435852,197.11000061035156,94.35299682617188,105.10700225830078,181.33876037597656,1.7939900159835815,1.6103399991989136,3348.0,36.42599868774414,1421.0,5.14900016784668,67.44999694824219,69.11000061035156,3.48799991607666,429.25,1050.5,556.0,297.95001220703125,15.579999923706055,8904.0,66.7699966430664,212.4499969482422,109.6500015258789,1157.0,2.1229000091552734,2.4117000102996826,16.639999389648438,96.77999877929688,4.293000221252441,4.2230000495910645,6227.419921875,44484.421875,20393.130859375,8774.7001953125,39762.48046875
2025-07-03,1.18002450466156,1.3650014400482178,143.5260009765625,0.6582901477813721,1.3587100505828857,0.7914999723434448,0.6089392304420471,85.69409942626953,7.164899826049805,1.272779941558838,7.849800109863281,1354.75,5.426400184631348,18.763700485229492,39.904701232910156,17.559099197387695,10.053199768066406,9.509220123291016,6.322800159454346,3.6100308895111084,20.884000778198242,338.9100036621094,169.36199951171875,0.8644300103187561,195.9029998779297,94.47100067138672,105.62100219726562,181.28819274902344,1.7925100326538086,1.6033600568771362,3331.60009765625,36.784000396728516,1372.0,5.0970001220703125,67.0,68.80000305175781,3.4089999198913574,431.5,1056.25,547.75,292.6499938964844,16.3799991607666,8780.0,65.66000366210938,214.0500030517578,107.9749984741211,1136.5,2.1185998916625977,2.369800090789795,16.3799991607666,97.18000030517578,4.3480000495910645,4.239999771118164,6279.35009765625,44828.53125,20601.099609375,8823.2001953125,39785.8984375
2025-07-04,1.1771491765975952,1.366829752922058,144.6820068359375,0.6577298641204834,1.357300043106079,0.7940999865531921,0.608009934425354,85.31909942626953,7.164899826049805,1.273859977722168,7.847700119018555,1357.0999755859375,5.409299850463867,18.645910263061523,39.82059860229492,17.503400802612305,10.050700187683105,9.566340446472168,6.338190078735352,3.6014339923858643,20.910999298095703,338.489990234375,170.30299377441406,0.8611800074577332,197.73300170898438,95.15499877929688,106.5770034790039,182.18251037597656,1.7894500494003296,1.5975899696350098,3332.5,36.775001525878906,1382.5,5.018499851226807,66.5,68.29000091552734,3.38700008392334,431.5,1056.25,547.75,292.6499938964844,16.3799991607666,8780.0,65.66000366210938,214.0500030517578,107.9749984741211,1136.5,2.1171000003814697,2.4089999198913574,16.3799991607666,97.18000030517578,4.3480000495910645,4.239999771118164,6279.35009765625,44828.53125,20601.099609375,8822.900390625,39810.87890625
2025-07-07,1.178078293800354,1.3651504516601562,144.4980010986328,0.6551792025566101,1.3603299856185913,0.7940400242805481,0.6051217317581177,85.49629974365234,7.164899826049805,1.2741700410842896,7.849800109863281,1362.199951171875,5.419400215148926,18.60633087158203,39.95100021362305,17.58970069885254,10.070369720458984,9.55681037902832,6.333479881286621,3.5987000465393066,20.892200469970703,338.1300048828125,170.218994140625,0.863099992275238,197.2519989013672,94.66300201416016,106.21199798583984,181.8890838623047,1.7979700565338135,1.6024600267410278,3332.199951171875,36.6150016784668,1361.800048828125,4.984499931335449,67.93000030517578,69.58000183105469,3.4119999408721924,418.0,1031.75,539.75,280.04998779296875,16.280000686645508,8879.0,65.38999938964844,215.89999389648438,106.94999694824219,1103.699951171875,2.1521999835968018,2.421099901199341,17.790000915527344,97.4800033569336,4.394999980926514,4.244999885559082,6229.97998046875,44406.359375,20412.51953125,8806.5,39587.6796875
2025-07-08,1.1736538410186768,1.3623607158660889,145.89199829101562,0.6506096124649048,1.366529941558838,0.7971600294113159,0.6007810235023499,85.89199829101562,7.1743998527526855,1.2788900136947632,7.849800109863281,1374.6400146484375,5.48769998550415,18.643329620361328,40.00320053100586,17.85569953918457,10.107099533081055,9.507699966430664,6.356560230255127,3.6179089546203613,20.971099853515625,340.5299987792969,171.21499633789062,0.8614299893379211,198.73699951171875,94.90899658203125,106.75,182.98512268066406,1.8037899732589722,1.6037100553512573,3307.0,36.47200012207031,1376.5999755859375,5.644999980926514,68.33000183105469,70.1500015258789,3.3399999141693115,411.0,1024.25,543.0,287.3999938964844,16.1299991607666,8760.0,64.68000030517578,219.97500610351562,106.9749984741211,1110.9000244140625,2.184999942779541,2.4412999153137207,16.809999465942383,97.51000213623047,4.414999961853027,4.25,6225.52001953125,44240.76171875,20418.4609375,8854.2001953125,39688.80859375
2025-07-09,1.1724566221237183,1.3585295677185059,146.8489990234375,0.6524518728256226,1.3668400049209595,0.7958700060844421,0.5993586778640747,85.7073974609375,7.173799991607666,1.279960036277771,7.849639892578125,1370.300048828125,5.446100234985352,18.612340927124023,40.02954864501953,17.77581024169922,10.092100143432617,9.521080017089844,6.363249778747559,3.6185879707336426,21.0,341.1700134277344,172.16099548339844,0.8629000186920166,199.48300170898438,95.802001953125,107.4260025024414,184.48599243164062,1.7968699932098389,1.602429986000061,3311.60009765625,36.35100173950195,1370.5999755859375,5.44350004196167,68.37999725341797,70.19000244140625,3.2139999866485596,412.5,1012.25,542.75,285.8500061035156,16.559999465942383,9046.0,64.95999908447266,219.77499389648438,107.0999984741211,1130.800048828125,2.1879000663757324,2.4091999530792236,15.9399995803833,97.47000122070312,4.3420000076293945,4.244999885559082,6263.259765625,44458.30078125,20611.33984375,8867.0,39821.28125
2025-07-10,1.17311692237854,1.3593051433563232,146.11399841308594,0.6535905003547668,1.368399977684021,0.792930006980896,0.5998404622077942,85.70850372314453,7.179999828338623,1.2796499729156494,7.849800109863281,1373.0,5.5817999839782715,18.623769760131836,40.04629898071289,17.80755043029785,10.086700439453125,9.502599716186523,6.359899997711182,3.614959955215454,20.996000289916992,340.4549865722656,171.4010009765625,0.8629900217056274,198.5800018310547,95.49299621582031,106.75199890136719,184.24400329589844,1.7947900295257568,1.6053099632263184,3317.39990234375,37.03799819946289,1394.9000244140625,5.547999858856201,66.56999969482422,68.63999938964844,3.3369998931884766,407.25,1012.5,550.25,289.8999938964844,16.260000228881836,8742.0,66.25,219.22500610351562,107.25,1186.9000244140625,2.152400016784668,2.383500099182129,15.779999732971191,97.6500015258789,4.3460001945495605,4.239999771118164,6280.4599609375,44650.640625,20630.66015625,8975.7001953125,39646.359375
2025-07-11,1.1702749729156494,1.3579576015472412,146.28799438476562,0.6594000458717346,1.365630030632019,0.796720027923584,0.6041712164878845,85.73480224609375,7.174799919128418,1.2793699502944946,7.849599838256836,1372.6400146484375,5.531099796295166,18.601259231567383,40.15909957885742,17.721099853515625,10.07390022277832,9.497579574584961,6.376130104064941,3.630772113800049,21.029199600219727,340.6099853515625,171.16700744628906,0.8616499900817871,198.63299560546875,96.4489974975586,107.08999633789062,183.58447265625,1.774459958076477,1.5978800058364868,3356.0,38.67599868774414,1452.0,5.561999797821045,68.44999694824219,70.36000061035156,3.313999891281128,403.0,1004.0,540.75,288.6000061035156,16.56999969482422,8840.0,66.19999694824219,222.1999969482422,106.7249984741211,1273.0,2.187000036239624,2.4474000930786133,16.399999618530273,97.8499984741211,4.422999858856201,4.236999988555908,6259.75,44371.51171875,20585.529296875,8941.099609375,39569.6796875
2025-07-14,1.1682106256484985,1.3493820428848267,147.2949981689453,0.6578081846237183,1.368399977684021,0.7967900037765503,0.6006907820701599,85.82129669189453,7.168099880218506,1.2803900241851807,7.849629878997803,1378.1700439453125,5.571899890899658,18.65760040283203,40.19459915161133,17.927900314331055,10.13798999786377,9.569199562072754,6.387139797210693,3.6442079544067383,21.08930015563965,342.3900146484375,172.05999755859375,0.8657000064849854,198.74200439453125,96.85900115966797,107.61399841308594,184.8294677734375,1.7761600017547607,1.598680019378662,3351.5,38.46200180053711,1399.699951171875,5.514999866485596,66.9800033569336,69.20999908447266,3.4660000801086426,412.75,997.0,534.0,305.70001220703125,16.299999237060547,8950.0,66.41000366210938,219.35000610351562,106.69999694824219,1230.5,2.1654000282287598,2.3898000717163086,17.200000762939453,98.08000183105469,4.427000045776367,4.228000164031982,6268.56005859375,44459.6484375,20640.330078125,8998.099609375,39459.62109375
2025-07-15,1.1666297912597656,1.3428045511245728,147.79200744628906,0.6544716358184814,1.3704700469970703,0.7978699803352356,0.5971896052360535,85.96839904785156,7.166999816894531,1.2823200225830078,7.8498101234436035,1382.010009765625,5.586999893188477,18.748369216918945,40.226898193359375,17.903799057006836,10.1358003616333,9.6141996383667,6.397280216217041,3.644810914993286,21.131999969482422,342.6199951171875,172.41000366210938,0.8687599897384644,198.4459991455078,96.71299743652344,107.8290023803711,185.19602966308594,1.7824699878692627,1.5987499952316284,3329.800048828125,37.83399963378906,1395.0,5.546000003814697,66.5199966430664,68.70999908447266,3.5230000019073486,401.25,995.0,538.0,301.6000061035156,16.559999465942383,8567.0,67.20999908447266,222.39999389648438,106.8499984741211,1239.0,2.169600009918213,2.4052000045776367,17.3799991607666,98.62000274658203,4.488999843597412,4.23199987411499,6243.759765625,44023.2890625,20677.80078125,8938.2998046875,39678.01953125
2025-07-16,1.1607391834259033,1.3393335342407227,148.76100158691406,0.651898980140686,1.3716399669647217,0.8014199733734131,0.5954294800758362,85.99310302734375,7.172900199890137,1.284600019454956,7.849699974060059,1386.449951171875,5.5510029792785645,18.80171012878418,40.25429916381836,17.894420623779297,10.245070457458496,9.714960098266602,6.4293999671936035,3.6705260276794434,21.236000061035156,344.5299987792969,172.66200256347656,0.8666099905967712,199.22900390625,96.94999694824219,108.44499969482422,185.5951385498047,1.780460000038147,1.592039942741394,3352.5,37.85300064086914,1417.0999755859375,5.496500015258789,66.37999725341797,68.5199966430664,3.5510001182556152,405.25,1013.5,541.25,314.54998779296875,16.559999465942383,8322.0,66.94999694824219,223.89999389648438,104.42500305175781,1278.0,2.1440000534057617,2.3914999961853027,17.15999984741211,98.38999938964844,4.454999923706055,4.224999904632568,6263.7001953125,44254.78125,20730.490234375,8926.599609375,39663.3984375
2025-07-17,1.1635754108428955,1.3411099910736084,148.0030059814453,0.6525000333786011,1.3689299821853638,0.8009200096130371,0.594590425491333,85.88520050048828,7.178500175476074,1.2832800149917603,7.849800109863281,1384.9200439453125,5.5665998458862305,18.718759536743164,40.240699768066406,17.822900772094727,10.251179695129395,9.71448040008545,6.413949966430664,3.6547861099243164,21.16200065612793,343.1889953613281,172.2050018310547,0.8676000237464905,198.47300720214844,96.54399871826172,108.10800170898438,184.76112365722656,1.7834299802780151,1.5927400588989258,3340.10009765625,38.055999755859375,1454.4000244140625,5.486000061035156,67.54000091552734,69.5199966430664,3.5420000553131104,402.0,1021.5,533.5,312.5,16.739999771118164,7309.0,67.25,223.6750030517578,105.82499694824219,1291.0,2.1703999042510986,2.464600086212158,16.520000457763672,98.7300033569336,4.4629998207092285,4.235000133514404,6297.35986328125,44484.48828125,20885.650390625,8972.599609375,39901.19140625
2025-07-18,1.161548137664795,1.3432555198669434,148.44200134277344,0.649819016456604,1.3735899925231934,0.8028799891471863,0.5944314002990723,86.04650115966797,7.183199882507324,1.2853100299835205,7.848499774932861,1391.5799560546875,5.546599864959717,18.752620697021484,40.33599853515625,17.801700592041016,10.280770301818848,9.726200103759766,6.424709796905518,3.6624488830566406,21.187299728393555,343.468994140625,172.41299438476562,0.8647000193595886,199.3800048828125,96.44999694824219,108.05599975585938,184.85574340820312,1.787410020828247,1.595420002937317,3353.0,38.222999572753906,1438.5,5.578000068664551,67.33999633789062,69.27999877929688,3.565000057220459,408.5,1027.75,546.25,308.8999938964844,16.81999969482422,7800.0,67.12000274658203,223.5500030517578,106.4749984741211,1291.9000244140625,2.15339994430542,2.453000068664551,16.40999984741211,98.4800033569336,4.432000160217285,4.230000019073486,6296.7900390625,44342.19140625,20895.650390625,8992.099609375,39819.109375
2025-07-21,1.1630746126174927,1.341597557067871,148.43099975585938,0.6512112617492676,1.3724000453948975,0.8011800050735474,0.5952805876731873,86.14859771728516,7.177700042724609,1.2847399711608887,7.848299980163574,1390.5699462890625,5.578100204467773,18.705299377441406,40.394500732421875,17.7007999420166,10.173480033874512,9.656689643859863,6.417699813842773,3.649096965789795,21.156400680541992,342.9540100097656,172.6280059814453,0.8668799996376038,199.11599731445312,96.65299987792969,108.14299774169922,185.24415588378906,1.785889983177185,1.59607994556427,3401.89990234375,39.10100173950195,1477.699951171875,5.610499858856201,67.19999694824219,69.20999908447266,3.325000047683716,403.75,1015.0,542.25,297.25,16.3700008392334,8156.0,66.54000091552734,225.22500610351562,107.3499984741211,1291.4000244140625,2.1319000720977783,2.509200096130371,16.649999618530273,97.8499984741211,4.372000217437744,4.2230000495910645,6305.60009765625,44323.0703125,20974.1796875,9013.0,39819.109375
2025-07-22,1.1694538593292236,1.348945140838623,147.40899658203125,0.6528096795082092,1.3675800561904907,0.798084020614624,0.5969614386558533,86.19529724121094,7.17549991607666,1.2805299758911133,7.84935998916626,1381.8199462890625,5.565499782562256,18.656099319458008,40.40439987182617,17.597200393676758,10.159799575805664,9.567720413208008,6.382890224456787,3.6275761127471924,21.03219985961914,341.0899963378906,172.3820037841797,0.8669099807739258,198.82899475097656,96.22000122070312,107.77799987792969,184.67300415039062,1.7908999919891357,1.5992599725723267,3439.199951171875,39.31999969482422,1465.5,5.697000026702881,66.20999908447266,68.58999633789062,3.252000093460083,399.25,1010.25,549.5,296.3500061035156,16.280000686645508,8149.0,66.58999633789062,224.97500610351562,107.75,1312.9000244140625,2.101900100708008,2.4518001079559326,16.5,97.38999938964844,4.335999965667725,4.230000019073486,6309.6201171875,44502.44140625,20892.689453125,9023.7998046875,39774.921875
2025-07-23,1.1739156246185303,1.352155327796936,146.78500366210938,0.6554712057113647,1.3604300022125244,0.7936300039291382,0.600009560585022,86.3427963256836,7.174300193786621,1.2785899639129639,7.849689960479736,1379.780029296875,5.563899993896484,18.643930435180664,40.433998107910156,17.550899505615234,10.069600105285645,9.513540267944336,6.359129905700684,3.620903968811035,20.949899673461914,339.6099853515625,172.30499267578125,0.8681399822235107,198.46800231933594,96.19999694824219,107.88899993896484,184.93008422851562,1.7908600568771362,1.596940040588379,3394.10009765625,39.27799987792969,1437.699951171875,5.795000076293945,65.25,68.51000213623047,3.0769999027252197,398.5,1005.75,540.5,301.3500061035156,16.239999771118164,8440.0,66.62000274658203,227.02499389648438,108.4749984741211,1315.5999755859375,2.121299982070923,2.4489998817443848,15.369999885559082,97.20999908447266,4.388000011444092,4.239999771118164,6358.91015625,45010.2890625,21020.01953125,9061.5,41171.3203125
2025-07-24,1.1774264574050903,1.3579576015472412,146.3489990234375,0.6603999137878418,1.3601499795913696,0.7920470237731934,0.604781448841095,86.39869689941406,7.1595001220703125,1.276379942893982,7.849430084228516,1373.719970703125,5.51639986038208,18.53668975830078,40.45109939575195,17.511699676513672,10.097450256347656,9.504110336303711,6.338600158691406,3.606782913208008,20.864999771118164,338.2929992675781,172.30299377441406,0.8669899702072144,198.6999969482422,96.5999984741211,107.58499908447266,184.7311248779297,1.7832000255584717,1.6013599634170532,3371.0,39.020999908447266,1424.5999755859375,5.7769999504089355,66.02999877929688,69.18000030517578,3.0940001010894775,401.75,1004.25,541.5,304.8500061035156,16.56999969482422,8124.0,67.33999633789062,225.8000030517578,108.19999694824219,1277.0,2.1041998863220215,2.412899971008301,15.390000343322754,97.37999725341797,4.4079999923706055,4.244999885559082,6363.35009765625,44693.91015625,21057.9609375,9138.400390625,41826.33984375
2025-07-25,1.1756131649017334,1.3510043621063232,147.0050048828125,0.6597176194190979,1.3640600442886353,0.7948700189590454,0.6037116050720215,86.4302978515625,7.153500080108643,1.2770999670028687,7.849899768829346,1372.0,5.519999980926514,18.538549423217773,40.5359992980957,17.613100051879883,10.119440078735352,9.526670455932617,6.349400043487549,3.6164000034332275,20.85759925842285,337.92999267578125,172.80799865722656,0.870199978351593,198.58700561523438,96.95099639892578,107.75700378417969,184.91262817382812,1.7822799682617188,1.6030000448226929,3334.0,38.16699981689453,1407.4000244140625,5.763500213623047,65.16000366210938,68.44000244140625,3.109999895095825,399.5,998.75,538.25,297.54998779296875,16.290000915527344,8329.0,67.01000213623047,226.47500610351562,108.69999694824219,1243.4000244140625,2.0969998836517334,2.4061999320983887,14.930000305175781,97.6500015258789,4.386000156402588,4.244999885559082,6388.64013671875,44901.921875,21108.3203125,9120.2998046875,41456.23046875
2025-07-28,1.1756821870803833,1.344085931777954,147.81300354003906,0.6572980284690857,1.37021005153656,0.7953699827194214,0.6019309759140015,86.506103515625,7.153500080108643,1.280500054359436,7.8495001792907715,1382.780029296875,5.565199851989746,18.50309944152832,40.54029846191406,17.738100051879883,10.133779525756836,9.50220012664795,6.348139762878418,3.6085898876190186,20.867000579833984,336.95001220703125,173.76699829101562,0.8748000264167786,198.6280059814453,97.11599731445312,107.87000274658203,185.82200622558594,1.789039969444275,1.6105999946594238,3309.10009765625,38.0260009765625,1404.0999755859375,5.59499979019165,66.70999908447266,70.04000091552734,2.98799991607666,393.75,988.75,538.5,301.70001220703125,16.43000030517578,8518.0,67.4000015258789,227.875,108.5250015258789,1280.5,2.135200023651123,2.4265999794006348,15.029999732971191,98.66000366210938,4.420000076293945,4.235000133514404,6389.77001953125,44837.55859375,21178.580078125,9081.400390625,40998.26953125
2025-07-29,1.1596757173538208,1.336023211479187,148.47900390625,0.6524008512496948,1.3734300136566162,0.8030999898910522,0.5971896052360535,86.77760314941406,7.177800178527832,1.286370038986206,7.849180221557617,1388.2900390625,5.5868000984191895,18.746999740600586,40.56169891357422,17.88990020751953,10.183699607849121,9.604740142822266,6.4354400634765625,3.673060894012451,21.195999145507812,342.531005859375,172.17599487304688,0.8679500222206116,198.35800170898438,96.81999969482422,108.09600067138672,184.83615112304688,1.778059959411621,1.5926300287246704,3323.39990234375,38.08399963378906,1404.0,5.603499889373779,69.20999908447266,72.51000213623047,3.0810000896453857,389.25,981.75,529.75,296.5,16.59000015258789,8220.0,66.30000305175781,229.72500610351562,107.25,1268.199951171875,2.218400001525879,2.4637999534606934,15.979999542236328,98.91000366210938,4.329999923706055,4.230000019073486,6370.85986328125,44632.98828125,21098.2890625,9136.2998046875,40674.55078125
2025-07-30,1.1550945043563843,1.3353630304336548,148.44200134277344,0.651321530342102,1.3773900270462036,0.8054699897766113,0.595461368560791,87.06320190429688,7.176400184631348,1.287600040435791,7.849599838256836,1388.8599853515625,5.573200225830078,18.747159957885742,40.571998596191406,17.867700576782227,10.201000213623047,9.64840030670166,6.461150169372559,3.7031679153442383,21.27400016784668,345.9599914550781,171.4510040283203,0.8649299740791321,198.20899963378906,96.6709976196289,107.76100158691406,184.2567901611328,1.773319959640503,1.590880036354065,3295.800048828125,37.566001892089844,1360.699951171875,5.570000171661377,70.0,73.23999786376953,3.0450000762939453,391.75,967.75,523.75,293.3999938964844,16.450000762939453,8192.0,65.9000015258789,233.0749969482422,107.0250015258789,1255.199951171875,2.2690999507904053,2.4184999465942383,15.479999542236328,99.94000244140625,4.375999927520752,4.23199987411499,6362.89990234375,44461.28125,21129.669921875,9136.900390625,40654.69921875
2025-07-31,1.1429355144500732,1.3257676362991333,149.2259979248047,0.6447120904922485,1.3825199604034424,0.8132100105285645,0.5907686352729797,87.714599609375,7.176400184631348,1.2957199811935425,7.849289894104004,1392.52001953125,5.575399875640869,18.842899322509766,40.58700180053711,17.981779098510742,10.296099662780762,9.779720306396484,6.52947998046875,3.7374138832092285,21.485000610351562,349.9779968261719,170.5399932861328,0.8620200157165527,197.8179931640625,96.19400024414062,107.927001953125,183.46099853515625,1.772629976272583,1.579949975013733,3293.199951171875,36.551998138427734,1286.4000244140625,4.33050012588501,69.26000213623047,72.52999877929688,3.1059999465942383,394.0,961.75,523.25,295.79998779296875,16.350000381469727,8506.0,65.61000061035156,227.77499389648438,107.125,1196.0999755859375,2.21560001373291,2.3994998931884766,16.719999313354492,100.02999877929688,4.360000133514404,4.235000133514404,6339.39013671875,44130.98046875,21122.44921875,9132.7998046875,41069.8203125
2025-08-01,1.142374038696289,1.3209865093231201,150.77200317382812,0.6429089903831482,1.385699987411499,0.8138999938964844,0.5888692140579224,87.4894027709961,7.200200080871582,1.297700047492981,7.849899768829346,1391.510009765625,5.598800182342529,18.86471939086914,40.66279983520508,18.210580825805664,10.32409954071045,9.784540176391602,6.534120082855225,3.7417171001434326,21.5,349.8800048828125,172.22300720214844,0.8647400140762329,199.14700317382812,96.92500305175781,108.7969970703125,185.2222900390625,1.776710033416748,1.582859992980957,3347.699951171875,36.7869987487793,1304.0,4.412499904632568,67.33000183105469,69.66999816894531,3.0829999446868896,389.5,961.75,516.75,284.20001220703125,16.18000030517578,8232.0,64.41999816894531,230.125,107.3499984741211,1207.9000244140625,2.1185998916625977,2.2999000549316406,20.3799991607666,98.69000244140625,4.21999979019165,4.182000160217285,6238.009765625,43588.578125,20650.130859375,9068.599609375,40799.6015625
2025-08-04,1.158668041229248,1.3289920091629028,147.34300231933594,0.6469100117683411,1.3778300285339355,0.8040099740028381,0.5914185047149658,87.24530029296875,7.211599826812744,1.288390040397644,7.849410057067871,1390.1800537109375,5.537899971008301,18.868009567260742,40.677799224853516,18.012100219726562,10.248900413513184,9.64739990234375,6.440229892730713,3.6782801151275635,21.181699752807617,343.1199951171875,170.7050018310547,0.8717600107192993,195.79600524902344,95.31099700927734,106.93000030517578,183.23245239257812,1.7909200191497803,1.5962899923324585,3374.39990234375,37.19200134277344,1326.4000244140625,4.414999961853027,66.29000091552734,68.76000213623047,2.931999921798706,387.0,969.0,516.75,288.54998779296875,16.25,8102.0,64.55999755859375,230.89999389648438,108.17500305175781,1194.800048828125,2.1022000312805176,2.3176000118255615,17.520000457763672,98.77999877929688,4.199999809265137,4.1529998779296875,6329.93994140625,44173.640625,21053.580078125,9128.2998046875,40290.69921875
2025-08-05,1.1584129333496094,1.3297518491744995,146.79299926757812,0.6474796533584595,1.3767999410629272,0.8070899844169617,0.5916984677314758,87.89330291748047,7.177999973297119,1.2867900133132935,7.849239826202393,1383.5899658203125,5.496099948883057,18.871400833129883,40.67490005493164,17.919700622558594,10.252849578857422,9.643739700317383,6.4420599937438965,3.688498020172119,21.211000442504883,344.44000244140625,170.03500366210938,0.8710899949073792,195.18299865722656,95.03199768066406,106.60099792480469,181.85299682617188,1.7890199422836304,1.5944000482559204,3381.89990234375,37.6870002746582,1317.199951171875,4.363999843597412,65.16000366210938,67.63999938964844,3.009999990463257,381.5,969.0,508.25,298.70001220703125,16.09000015258789,8363.0,65.58999633789062,234.27499389648438,108.7750015258789,1193.5,2.0915000438690186,2.250200033187866,17.850000381469727,98.77999877929688,4.196000099182129,4.150000095367432,6299.18994140625,44111.73828125,20916.55078125,9142.7001953125,40549.5390625
2025-08-06,1.1579166650772095,1.3299463987350464,147.55999755859375,0.6472994685173035,1.3770699501037598,0.8069199919700623,0.5909292101860046,87.72309875488281,7.1834001541137695,1.287269949913025,7.849800109863281,1386.5799560546875,5.502999782562256,18.733230590820312,40.66899871826172,17.891599655151367,10.254409790039062,9.66864013671875,6.44428014755249,3.6930999755859375,21.226999282836914,343.6059875488281,170.8489990234375,0.8705899715423584,196.2310028076172,95.50199890136719,107.13995361328125,182.8350067138672,1.7887099981307983,1.594480037689209,3380.0,37.76599884033203,1326.0,4.390999794006348,64.3499984741211,66.88999938964844,3.0769999027252197,379.75,961.5,508.5,293.3999938964844,16.010000228881836,8470.0,65.69999694824219,236.3000030517578,108.875,1137.4000244140625,2.090399980545044,2.2627999782562256,16.770000457763672,98.18000030517578,4.21999979019165,4.132999897003174,6345.06005859375,44193.12109375,21169.419921875,9164.2998046875,40794.859375
2025-08-07,1.1663167476654053,1.3357912302017212,147.1929931640625,0.6500217914581299,1.37391996383667,0.8060500025749207,0.59284907579422,87.76249694824219,7.182799816131592,1.2851500511169434,7.849400043487549,1384.3900146484375,5.458899974822998,18.60154914855957,40.659400939941406,17.77482032775879,10.17926025390625,9.602089881896973,6.399519920349121,3.6621809005737305,21.050899505615234,341.04998779296875,171.65499877929688,0.8730400204658508,196.60800170898438,95.66799926757812,107.1240005493164,182.57325744628906,1.7940800189971924,1.602239966392517,3400.300048828125,38.15800094604492,1339.9000244140625,4.378499984741211,63.880001068115234,66.43000030517578,3.066999912261963,384.5,971.75,518.25,297.79998779296875,16.010000228881836,8644.0,64.95999908447266,238.75,108.7750015258789,1160.9000244140625,2.077500104904175,2.2667999267578125,16.56999969482422,98.4000015258789,4.24399995803833,4.138000011444092,6340.0,43968.640625,21242.69921875,9100.7998046875,41059.1484375
2025-08-08,1.1676650047302246,1.345152735710144,146.83700561523438,0.6525711417198181,1.3732500076293945,0.8056899905204773,0.597011387348175,87.43319702148438,7.181000232696533,1.2825100421905518,7.849319934844971,1384.969970703125,5.414299964904785,18.60795021057129,40.656009674072266,17.6931095123291,10.209309577941895,9.554530143737793,6.392739772796631,3.6416990756988525,20.925500869750977,339.6789855957031,171.44900512695312,0.8679599761962891,197.5070037841797,95.81300354003906,106.92088317871094,182.22799682617188,1.7891900539398193,1.603309988975525,3439.10009765625,38.41699981689453,1325.5999755859375,4.45550012588501,63.880001068115234,66.58999633789062,2.990000009536743,382.75,966.75,514.5,309.3500061035156,16.25,8526.0,65.31999969482422,232.5500030517578,108.9000015258789,1133.199951171875,2.0861001014709473,2.2792999744415283,15.149999618530273,98.18000030517578,4.284999847412109,4.132999897003174,6389.4501953125,44175.609375,21450.01953125,9095.7001953125,41820.48046875
2025-08-11,1.1647952795028687,1.3444474935531616,147.66400146484375,0.6517715454101562,1.3752700090408325,0.8074700236320496,0.5949299931526184,87.48829650878906,7.181000232696533,1.2850500345230103,7.849599838256836,1387.81005859375,5.432300090789795,18.582210540771484,40.74729919433594,17.732099533081055,10.281900405883789,9.566080093383789,6.407249927520752,3.642364025115967,20.96190071105957,339.26300048828125,171.99099731445312,0.8663399815559387,198.49000549316406,96.23600006103516,107.36399841308594,182.83197021484375,1.7870399951934814,1.601830005645752,3353.10009765625,37.6619987487793,1329.9000244140625,4.423500061035156,63.959999084472656,66.62999725341797,2.9539999961853027,385.0,989.5,515.0,320.70001220703125,16.489999771118164,8778.0,65.29000091552734,233.0749969482422,109.67500305175781,1149.4000244140625,2.0766000747680664,2.2909998893737793,16.25,98.5199966430664,4.2729997634887695,4.14300012588501,6373.4501953125,43975.08984375,21385.400390625,9129.7001953125,41820.48046875
2025-08-12,1.1618449687957764,1.3435261249542236,148.125,0.6514403223991394,1.377369999885559,0.8118000030517578,0.5940499901771545,87.66449737548828,7.187699794769287,1.28656005859375,7.849679946899414,1389.7900390625,5.442299842834473,18.656200408935547,40.708499908447266,17.752099990844727,10.221039772033691,9.633700370788574,6.424330234527588,3.663317918777466,21.045000076293945,340.3999938964844,172.07899475097656,0.8646000027656555,198.99000549316406,96.48799896240234,107.53700256347656,182.39901733398438,1.7832499742507935,1.6000699996948242,3348.89990234375,37.89899826049805,1341.9000244140625,4.508500099182129,63.16999816894531,66.12000274658203,2.808000087738037,371.5,1011.75,505.0,315.1499938964844,16.940000534057617,8793.0,67.06999969482422,235.8249969482422,109.55000305175781,1131.199951171875,2.074399948120117,2.2441000938415527,14.729999542236328,98.0999984741211,4.293000221252441,4.130000114440918,6445.759765625,44458.609375,21681.900390625,9147.7998046875,42718.171875
2025-08-13,1.1677058935165405,1.3504207134246826,147.75799560546875,0.6529802083969116,1.376960039138794,0.8061400055885315,0.5957806706428528,87.59559631347656,7.178500175476074,1.2828799486160278,7.848380088806152,1383.0899658203125,5.401199817657471,18.572799682617188,40.755001068115234,17.566699981689453,10.210860252380371,9.540800094604492,6.390590190887451,3.641510009765625,20.93899917602539,338.6199951171875,172.5330047607422,0.8646799921989441,199.52099609375,96.4729995727539,107.29900360107422,183.26600646972656,1.7881699800491333,1.6078300476074219,3358.699951171875,38.499000549316406,1331.5,4.48199987411499,62.650001525878906,65.62999725341797,2.828000068664551,374.0,1023.5,507.25,319.6000061035156,16.850000381469727,8566.0,66.41000366210938,235.5500030517578,109.625,1121.0999755859375,2.0703999996185303,2.242799997329712,14.489999771118164,97.83999633789062,4.23799991607666,4.110000133514404,6466.580078125,44922.26953125,21713.140625,9165.2001953125,43274.671875
2025-08-14,1.171289324760437,1.3585295677185059,147.1199951171875,0.6551706194877625,1.3752100467681885,0.8047199845314026,0.5981004238128662,87.44999694824219,7.174300193786621,1.2796499729156494,7.8491997718811035,1378.780029296875,5.391200065612793,18.619300842285156,40.781898498535156,17.496379852294922,10.18220043182373,9.534319877624512,6.3714399337768555,3.6295669078826904,20.858299255371094,337.1719970703125,172.31399536132812,0.8621399998664856,199.85699462890625,96.38200378417969,106.97000122070312,182.7988739013672,1.7876700162887573,1.610700011253357,3335.199951171875,37.981998443603516,1350.300048828125,4.4644999504089355,63.959999084472656,66.83999633789062,2.8410000801086426,375.0,1008.5,503.5,326.5,16.579999923706055,8225.0,66.16999816894531,233.35000610351562,109.6500015258789,1144.5,2.1092000007629395,2.234499931335449,14.829999923706055,98.25,4.293000221252441,4.111999988555908,6468.5400390625,44911.26171875,21710.669921875,9177.2001953125,42649.26171875
2025-08-15,1.1651345491409302,1.3530701398849487,147.6909942626953,0.6497514843940735,1.381309986114502,0.8075199723243713,0.5921083688735962,87.69180297851562,7.179500102996826,1.2843199968338013,7.83459997177124,1387.8699951171875,5.40910005569458,18.801259994506836,40.846900939941406,17.58032989501953,10.215609550476074,9.581500053405762,6.406439781188965,3.654599905014038,21.010000228881836,339.1499938964844,172.06985473632812,0.8610299825668335,199.8209991455078,95.95500183105469,106.91100311279297,182.86399841308594,1.793030023574829,1.6092599630355835,3336.0,37.89400100708008,1334.300048828125,4.478000164031982,62.79999923706055,65.8499984741211,2.9159998893737793,383.75,1022.25,506.5,341.6499938964844,16.440000534057617,8235.0,66.0999984741211,236.25,90.0999984741211,1107.5999755859375,2.072499990463257,2.2249999046325684,15.09000015258789,97.8499984741211,4.328000068664551,4.111999988555908,6449.7998046875,44946.12109375,21622.98046875,9138.900390625,43378.30859375
2025-08-18,1.1706587076187134,1.3556381464004517,147.26400756835938,0.651296079158783,1.381500005722046,0.8065999746322632,0.5928595662117004,87.51280212402344,7.181700229644775,1.2827399969100952,7.824709892272949,1387.97998046875,5.400400161743164,18.72348976135254,40.89889907836914,17.575899124145508,10.172769546508789,9.551730155944824,6.375309944152832,3.634399890899658,20.87660026550293,337.0060119628906,172.38800048828125,0.8634999990463257,199.62600708007812,95.88300323486328,106.58899688720703,182.55345153808594,1.797629952430725,1.6171300411224365,3331.699951171875,37.95100021362305,1326.4000244140625,4.456999778747559,63.41999816894531,66.5999984741211,2.890000104904175,383.0,1020.75,502.75,343.6000061035156,16.25,8047.0,66.41999816894531,236.72500610351562,90.125,1121.4000244140625,2.0987000465393066,2.240299940109253,14.989999771118164,98.16999816894531,4.341000080108643,4.123000144958496,6449.14990234375,44911.8203125,21629.76953125,9157.7001953125,43714.30859375
2025-08-19,1.1668338775634766,1.3508219718933105,147.91600036621094,0.6494801044464111,1.380210041999817,0.8074100017547607,0.5923784375190735,87.29509735107422,7.184599876403809,1.2844200134277344,7.819920063018799,1386.9100341796875,5.435699939727783,18.765499114990234,40.88309860229492,17.624540328979492,10.202400207519531,9.55819034576416,6.396490097045898,3.6384780406951904,20.952600479125977,338.0679931640625,172.58399963378906,0.8637499809265137,199.80099487304688,96.06300354003906,107.16200256347656,183.17872619628906,1.7964400053024292,1.6102800369262695,3313.39990234375,37.26100158691406,1302.300048828125,4.408999919891357,62.349998474121094,65.79000091552734,2.7660000324249268,379.5,1013.0,498.5,356.20001220703125,16.309999465942383,8012.0,66.25,236.3249969482422,90.1500015258789,1101.800048828125,2.0889999866485596,2.2511000633239746,15.569999694824219,98.2699966430664,4.302000045776367,4.110000133514404,6411.3701171875,44922.26953125,21314.94921875,9189.2001953125,43546.2890625
2025-08-20,1.164252758026123,1.348679542541504,147.7310028076172,0.6454598307609558,1.3866000175476074,0.8077700138092041,0.5897687077522278,87.0791015625,7.1819000244140625,1.2852799892425537,7.799499988555908,1391.3399658203125,5.497600078582764,18.818700790405273,40.86960983276367,17.69993019104004,10.283610343933105,9.60221004486084,6.410890102386475,3.641305923461914,20.997299194335938,337.9070129394531,171.9929962158203,0.8632400035858154,199.23399353027344,95.3479995727539,106.5,182.86000061035156,1.803670048713684,1.6141799688339233,3343.39990234375,37.70500183105469,1334.0,4.426000118255615,63.209999084472656,66.83999633789062,2.752000093460083,380.0,1015.0,505.5,360.25,16.56999969482422,7675.0,66.63999938964844,238.52499389648438,89.94999694824219,1111.199951171875,2.1282999515533447,2.279599905014038,15.6899995803833,98.22000122070312,4.296000003814697,4.114999771118164,6395.77978515625,44938.30859375,21172.859375,9288.099609375,42888.55078125
2025-08-21,1.165175199508667,1.3466380834579468,147.3179931640625,0.6436100006103516,1.387279987335205,0.8041399717330933,0.5828185081481934,87.01820373535156,7.1757001876831055,1.2851999998092651,7.81220006942749,1396.9100341796875,5.469161033630371,18.768699645996094,40.911800384521484,17.66860008239746,10.231599807739258,9.58491039276123,6.406000137329102,3.644129991531372,21.000999450683594,338.0830078125,171.6490020751953,0.8652799725532532,198.3509979248047,94.80899810791016,106.18399810791016,183.1842803955078,1.8102600574493408,1.6163100004196167,3336.89990234375,38.027000427246094,1351.199951171875,4.43149995803833,63.52000045776367,67.66999816894531,2.8259999752044678,387.25,1034.5,507.0,375.25,16.350000381469727,7435.0,65.88999938964844,238.64999389648438,89.92500305175781,1105.5,2.1596999168395996,2.3250999450683594,16.600000381469727,98.62000274658203,4.329999923706055,4.127999782562256,6370.169921875,44785.5,21100.310546875,9309.2001953125,42610.171875
2025-08-22,1.16130530834198,1.3419395685195923,148.38600158691406,0.6425496339797974,1.3900400400161743,0.8086699843406677,0.5822314620018005,87.29340362548828,7.179900169372559,1.288540005683899,7.813899993896484,1399.6099853515625,5.464799880981445,18.736299514770508,41.007598876953125,17.703519821166992,10.175800323486328,9.613129615783691,6.427599906921387,3.660799980163574,21.15290069580078,341.20001220703125,172.31500244140625,0.8654000163078308,199.08799743652344,95.33699798583984,106.74299621582031,183.48452758789062,1.8072099685668945,1.614169955253601,3374.39990234375,39.00299835205078,1355.4000244140625,4.447500228881836,63.65999984741211,67.7300033569336,2.697999954223633,388.25,1036.5,504.75,390.6499938964844,16.479999542236328,7582.0,66.43000030517578,239.9499969482422,91.19999694824219,1123.5,2.1584999561309814,2.3080999851226807,14.220000267028809,97.72000122070312,4.260000228881836,4.0879998207092285,6466.91015625,45631.73828125,21496.5390625,9321.400390625,42633.2890625
2025-08-25,1.1709601879119873,1.35111403465271,147.21499633789062,0.6484898924827576,1.3828799724578857,0.8022599816322327,0.5865412354469299,87.3301010131836,7.167500019073486,1.2823200225830078,7.8155999183654785,1382.8900146484375,5.421299934387207,18.59326934814453,40.96030044555664,17.429529190063477,10.06663990020752,9.506429672241211,6.3739399909973145,3.6315579414367676,20.949800491333008,336.7919921875,172.3719940185547,0.866599977016449,198.8979949951172,95.46199798583984,106.447998046875,183.46778869628906,1.8054399490356445,1.6191799640655518,3373.800048828125,38.676998138427734,1331.5999755859375,4.4664998054504395,64.80000305175781,68.80000305175781,2.696000099182129,389.25,1025.5,506.75,389.95001220703125,16.399999618530273,7957.0,65.98999786376953,240.22500610351562,91.4000015258789,1087.5,2.1482999324798584,2.3475000858306885,14.789999961853027,98.43000030517578,4.275000095367432,4.0929999351501465,6439.31982421875,45282.46875,21449.2890625,9321.400390625,42807.8203125
2025-08-26,1.1618449687957764,1.3453518152236938,147.82200622558594,0.6481099724769592,1.3859299421310425,0.8061699867248535,0.5849184393882751,87.60859680175781,7.151000022888184,1.2859899997711182,7.812699794769287,1389.050048828125,5.4096999168396,18.683229446411133,41.003501892089844,17.612899780273438,10.13010025024414,9.58887004852295,6.425920009613037,3.6645820140838623,21.12809944152832,341.92999267578125,171.6790008544922,0.8632699847221375,198.86199951171875,95.8010025024414,106.65299987792969,183.32479858398438,1.7919000387191772,1.609470009803772,3388.60009765625,38.582000732421875,1342.4000244140625,4.450500011444092,63.25,67.22000122070312,2.7170000076293945,387.5,1028.75,509.5,384.04998779296875,16.40999984741211,7532.0,65.47000122070312,242.5,93.42500305175781,1084.199951171875,2.122299909591675,2.2804999351501465,14.619999885559082,98.2300033569336,4.257999897003174,4.0879998207092285,6465.93994140625,45418.0703125,21544.26953125,9265.7998046875,42394.3984375
2025-08-27,1.1639411449432373,1.3478723764419556,147.46200561523438,0.6495801210403442,1.3833400011062622,0.8037599921226501,0.5858402848243713,87.60070037841797,7.1519999504089355,1.2854000329971313,7.793580055236816,1393.949951171875,5.43120002746582,18.6585693359375,41.037498474121094,17.62042999267578,10.126999855041504,9.55700969696045,6.413060188293457,3.6567399501800537,21.046100616455078,340.0249938964844,171.6179962158203,0.8634999990463257,198.72000122070312,95.7760009765625,106.58699798583984,183.45144653320312,1.7917100191116333,1.6098699569702148,3404.60009765625,38.68899917602539,1341.4000244140625,4.4145002365112305,64.1500015258789,68.05000305175781,2.867000102996826,382.5,1027.25,502.25,393.79998779296875,16.469999313354492,7731.0,65.41000366210938,243.25,93.9000015258789,1082.0,2.148900032043457,2.295300006866455,14.850000381469727,98.2300033569336,4.23799991607666,4.059999942779541,6481.39990234375,45565.23046875,21590.140625,9255.5,42520.26953125
2025-08-28,1.1647952795028687,1.3503841161727905,147.3159942626953,0.6511399745941162,1.3781399726867676,0.8015000224113464,0.5861183404922485,87.65910339355469,7.1529998779296875,1.285099983215332,7.784210205078125,1392.75,5.417699813842773,18.651199340820312,41.05189895629883,17.68090057373047,10.073249816894531,9.527480125427246,6.408299922943115,3.661449909210205,21.047500610351562,339.739013671875,171.58599853515625,0.8625100255012512,198.92300415039062,95.91899871826172,106.88999938964844,183.7749481201172,1.7886799573898315,1.6048099994659424,3431.800048828125,39.189998626708984,1356.4000244140625,4.463500022888184,64.5999984741211,68.62000274658203,2.944000005722046,385.5,1028.25,510.25,387.75,16.479999542236328,7738.0,66.04000091552734,237.0,94.2750015258789,1104.5999755859375,2.1991000175476074,2.309799909591675,14.430000305175781,97.80999755859375,4.206999778747559,4.072000026702881,6501.85986328125,45636.8984375,21705.16015625,9216.7998046875,42828.7890625
2025-08-29,1.1681560277938843,1.35111403465271,146.7899932861328,0.6532399654388428,1.3749799728393555,0.8015900254249573,0.5885087847709656,87.5916976928711,7.1529998779296875,1.2823200225830078,7.794129848480225,1384.4100341796875,5.413000106811523,18.650239944458008,41.140499114990234,17.68086051940918,10.064000129699707,9.478349685668945,6.389540195465088,3.6470260620117188,20.97480010986328,339.3190002441406,171.4720001220703,0.8645399808883667,198.32400512695312,95.88400268554688,106.75199890136719,183.09100341796875,1.7880899906158447,1.6059999465942383,3473.699951171875,40.20000076293945,1365.699951171875,4.518499851226807,64.01000213623047,68.12000274658203,2.996999979019165,398.0,1036.75,518.0,396.8500061035156,16.3700008392334,7635.0,65.20999908447266,241.89999389648438,95.0250015258789,1105.199951171875,2.1875998973846436,2.266700029373169,15.359999656677246,97.7699966430664,4.2270002365112305,4.043000221252441,6460.259765625,45544.87890625,21455.55078125,9187.2998046875,42718.46875
2025-09-01,1.1691803932189941,1.3503841161727905,147.0970001220703,0.6543598771095276,1.3738399744033813,0.8006399869918823,0.5896887183189392,88.17430114746094,7.13040018081665,1.2835899591445923,7.795499801635742,1388.8399658203125,5.432400226593018,18.65846061706543,41.142398834228516,17.638599395751953,10.058489799499512,9.456729888916016,6.384850025177002,3.6444859504699707,20.905000686645508,339.25,171.95899963378906,0.8656799793243408,198.6280059814453,96.2490005493164,107.06300354003906,183.68670654296875,1.7864500284194946,1.6060099601745605,3473.699951171875,40.20000076293945,1365.699951171875,4.518499851226807,64.01000213623047,68.12000274658203,2.996999979019165,398.0,1036.75,518.0,396.8500061035156,16.3700008392334,7635.0,65.20999908447266,241.89999389648438,95.0250015258789,1105.199951171875,2.1875998973846436,2.266700029373169,15.359999656677246,97.7699966430664,4.2270002365112305,4.043000221252441,6460.259765625,45544.87890625,21455.55078125,9196.2998046875,42188.7890625
2025-09-02,1.1715912818908691,1.3547931909561157,147.08399963378906,0.6556801199913025,1.3747400045394897,0.8001499772071838,0.5906291007995605,88.00140380859375,7.13040018081665,1.2836300134658813,7.796510219573975,1392.93994140625,5.438399791717529,18.648099899291992,41.14289855957031,17.616239547729492,9.987119674682617,9.38029956817627,6.370369911193848,3.6366589069366455,20.841100692749023,336.927001953125,172.3179931640625,0.8647000193595886,199.26100158691406,96.43599700927734,106.98400115966797,183.808349609375,1.7866899967193604,1.6104700565338135,3549.39990234375,41.07099914550781,1405.800048828125,4.569499969482422,65.58999633789062,69.13999938964844,3.009000062942505,403.0,1025.75,513.0,382.20001220703125,16.149999618530273,7420.0,64.56999969482422,239.52499389648438,95.55000305175781,1136.4000244140625,2.042799949645996,2.3743999004364014,17.170000076293945,98.4000015258789,4.2769999504089355,4.0320000648498535,6415.5400390625,45295.80859375,21279.630859375,9116.7001953125,42310.48828125
2025-09-03,1.163602590560913,1.3383476734161377,148.54800415039062,0.6518301367759705,1.3784500360488892,0.8052899837493896,0.5861698985099792,87.99829864501953,7.138999938964844,1.2890199422836304,7.807499885559082,1394.5699462890625,5.4670000076293945,18.728700637817383,41.16619873046875,17.696399688720703,10.035980224609375,9.461939811706543,6.4148101806640625,3.664047956466675,21.029699325561523,339.9490051269531,172.81700134277344,0.8692399859428406,198.7949981689453,96.822998046875,107.76000213623047,184.4552459716797,1.7846499681472778,1.6034499406814575,3593.199951171875,41.54199981689453,1448.5999755859375,4.558499813079834,63.970001220703125,67.5999984741211,3.063999891281128,397.75,1016.0,504.0,385.25,16.030000686645508,7475.0,64.7300033569336,238.3249969482422,93.82499694824219,1168.5,2.01200008392334,2.3608999252319336,16.350000381469727,98.13999938964844,4.210999965667725,4.01800012588501,6448.259765625,45271.23046875,21497.73046875,9178.0,41938.890625
2025-09-04,1.16604483127594,1.3441582918167114,147.97999572753906,0.6544399857521057,1.3793100118637085,0.8037999868392944,0.5881107449531555,88.072998046875,7.14139986038208,1.2879300117492676,7.800389766693115,1389.6300048828125,5.4481000900268555,18.706600189208984,41.158599853515625,17.653799057006836,10.036089897155762,9.422410011291504,6.401000022888184,3.6457319259643555,20.94499969482422,337.13299560546875,172.5469970703125,0.8674600124359131,198.89700317382812,96.84400177001953,107.27999877929688,184.07437133789062,1.7815899848937988,1.6082600355148315,3565.800048828125,40.9109992980957,1371.199951171875,4.48799991607666,63.47999954223633,66.98999786376953,3.0739998817443848,399.75,1012.0,502.25,385.75,15.6899995803833,7205.0,64.69000244140625,236.9499969482422,95.0250015258789,1125.5,2.009500026702881,2.330699920654297,15.300000190734863,98.3499984741211,4.176000118255615,3.997999906539917,6502.080078125,45621.2890625,21707.689453125,9216.900390625,42580.26953125
2025-09-05,1.1656913757324219,1.3444474935531616,148.375,0.6521999835968018,1.381500005722046,0.8051300048828125,0.5851101279258728,88.19290161132812,7.14139986038208,1.2889200448989868,7.800220012664795,1392.06005859375,5.443999767303467,18.725799560546875,41.247501373291016,17.743900299072266,10.071649551391602,9.453180313110352,6.403759956359863,3.6451900005340576,20.959999084472656,337.052001953125,172.95399475097656,0.8670099973678589,199.468994140625,96.76699829101562,107.39600372314453,184.2729949951172,1.7871700525283813,1.6103099584579468,3613.199951171875,41.07400131225586,1381.699951171875,4.482500076293945,61.869998931884766,65.5,3.0480000972747803,399.0,1006.5,501.0,385.6000061035156,15.550000190734863,7382.0,64.38999938964844,235.97500610351562,96.0250015258789,1111.5999755859375,1.9642000198364258,2.2869999408721924,15.180000305175781,97.7699966430664,4.085999965667725,3.9100000858306885,6481.5,45400.859375,21700.390625,9208.2001953125,43018.75
2025-09-08,1.1713168621063232,1.3492909669876099,148.343994140625,0.655450165271759,1.3833999633789062,0.7991799712181091,0.5888698697090149,88.1863021850586,7.132500171661377,1.2855900526046753,7.798399925231934,1385.510009765625,5.412199974060059,18.726360321044922,41.25559997558594,17.60070037841797,10.019200325012207,9.38280963897705,6.373300075531006,3.6297199726104736,20.792800903320312,334.80999755859375,173.75599670410156,0.8680400252342224,200.1540069580078,97.23100280761719,107.22000122070312,185.59771728515625,1.7868499755859375,1.6203800439834595,3638.10009765625,41.42599868774414,1380.800048828125,4.490499973297119,62.2599983215332,66.0199966430664,3.0899999141693115,403.0,1013.5,505.5,397.79998779296875,15.630000114440918,7131.0,64.56999969482422,235.8000030517578,95.1500015258789,1139.4000244140625,1.9586000442504883,2.3118999004364014,15.109999656677246,97.44999694824219,4.046000003814697,3.927999973297119,6495.14990234375,45514.94921875,21798.69921875,9221.400390625,43643.80859375
2025-09-09,1.1769136190414429,1.3553073406219482,147.36399841308594,0.6598090529441833,1.3795000314712524,0.7928100228309631,0.5945091247558594,87.98049926757812,7.129300117492676,1.2826000452041626,7.793300151824951,1385.719970703125,5.420300006866455,18.652870178222656,41.261390686035156,17.46240997314453,9.97350025177002,9.351119995117188,6.34375,3.607800006866455,20.65730094909668,333.8900146484375,173.42999267578125,0.8683300018310547,199.7100067138672,97.2229995727539,106.81099700927734,185.85658264160156,1.78357994556427,1.6232999563217163,3643.300048828125,40.87799835205078,1367.300048828125,4.500999927520752,62.630001068115234,66.38999938964844,3.117000102996826,401.25,1011.5,500.75,393.0,15.84000015258789,7270.0,64.6500015258789,230.1750030517578,96.125,1124.699951171875,1.9924999475479126,2.3199000358581543,15.039999961853027,97.79000091552734,4.073999881744385,3.943000078201294,6512.60986328125,45711.33984375,21879.490234375,9242.5,43459.2890625
2025-09-10,1.1702749729156494,1.352109670639038,147.39199829101562,0.6584700345993042,1.384660005569458,0.7972999811172485,0.5925999879837036,88.21829986572266,7.1209001541137695,1.283120036125183,7.787390232086182,1387.25,5.433599948883057,18.62350082397461,41.257301330566406,17.53380012512207,9.976099967956543,9.384010314941406,6.37883996963501,3.6315200328826904,20.79800033569336,335.6889953613281,172.4810028076172,0.8654999732971191,199.28599548339844,97.0469970703125,106.43900299072266,184.81300354003906,1.7770700454711914,1.6202800273895264,3643.60009765625,41.132999420166016,1392.9000244140625,4.550000190734863,63.66999816894531,67.48999786376953,3.0290000438690186,397.25,1005.5,495.0,401.0,15.930000305175781,7356.0,65.55999755859375,231.14999389648438,96.82499694824219,1194.300048828125,2.007999897003174,2.333699941635132,15.350000381469727,97.77999877929688,4.0320000648498535,3.930000066757202,6532.0400390625,45490.921875,21886.060546875,9225.400390625,43837.671875
2025-09-11,1.1703435182571411,1.3534730672836304,147.33200073242188,0.6619316339492798,1.3860499858856201,0.7986699938774109,0.5943783521652222,88.05339813232422,7.120699882507324,1.282039999961853,7.789599895477295,1387.199951171875,5.4019999504089355,18.580799102783203,41.27539825439453,17.47480010986328,9.923800468444824,9.340740203857422,6.377799987792969,3.637855052947998,20.827899932861328,335.6289978027344,172.43800354003906,0.8646600246429443,199.40499877929688,97.5199966430664,106.2699966430664,184.4652862548828,1.7680000066757202,1.6220699548721313,3636.89990234375,41.696998596191406,1395.4000244140625,4.5904998779296875,62.369998931884766,66.37000274658203,2.934000015258789,399.0,1015.25,503.0,400.04998779296875,15.819999694824219,7451.0,65.37000274658203,232.27499389648438,98.17500305175781,1219.5999755859375,1.9793000221252441,2.281899929046631,14.710000038146973,97.54000091552734,4.011000156402588,3.927999973297119,6587.47021484375,46108.0,22043.0703125,9297.599609375,44372.5
2025-09-12,1.1734747886657715,1.3576626777648926,147.2239990234375,0.6668000221252441,1.383370041847229,0.7959499955177307,0.5977801084518433,88.2676010131836,7.1184000968933105,1.2816100120544434,7.788599967956543,1389.5,5.388199806213379,18.45400047302246,41.34280014038086,17.346599578857422,9.854299545288086,9.307780265808105,6.360960006713867,3.6249499320983887,20.747499465942383,333.510009765625,172.76300048828125,0.8642600178718567,199.86599731445312,98.13400268554688,106.40899658203125,184.94305419921875,1.7598999738693237,1.6232099533081055,3649.39990234375,42.387001037597656,1407.300048828125,4.588500022888184,62.689998626708984,66.98999786376953,2.940999984741211,399.0,1025.75,503.0,410.6499938964844,15.789999961853027,7315.0,65.19000244140625,229.97500610351562,97.125,1229.300048828125,1.9853999614715576,2.2899999618530273,14.760000228881836,97.55000305175781,4.060999870300293,3.927999973297119,6584.2900390625,45834.21875,22141.099609375,9283.2998046875,44768.12109375
2025-09-15,1.1726491451263428,1.3553440570831299,147.66600036621094,0.6648998260498047,1.3839000463485718,0.7967000007629395,0.5953408479690552,88.27729797363281,7.124199867248535,1.282670021057129,7.780200004577637,1393.699951171875,5.35099983215332,18.446989059448242,41.27825927734375,17.348560333251953,9.860400199890137,9.325550079345703,6.365149974822998,3.6266798973083496,20.72760009765625,332.7200012207031,173.14500427246094,0.8651300072669983,200.12600708007812,98.1719970703125,106.69000244140625,185.32676696777344,1.7633999586105347,1.6226799488067627,3682.199951171875,42.516998291015625,1412.800048828125,4.6554999351501465,63.29999923706055,67.44000244140625,3.0429999828338623,423.25,1042.75,525.0,432.3500061035156,16.0,7539.0,65.41999816894531,234.60000610351562,97.5250015258789,1204.0,2.013400077819824,2.3310999870300293,15.6899995803833,97.30000305175781,4.033999919891357,3.9000000953674316,6615.27978515625,45883.44921875,22348.75,9277.0,44768.12109375
2025-09-16,1.1763737201690674,1.3602666854858398,147.40499877929688,0.6673001646995544,1.3774000406265259,0.7946599721908569,0.596911609172821,88.12349700927734,7.118500232696533,1.2803399562835693,7.779990196228027,1385.010009765625,5.315199851989746,18.361520767211914,41.307701110839844,17.3605899810791,9.820890426635742,9.278630256652832,6.345260143280029,3.609910011291504,20.66390037536621,331.02899169921875,173.39599609375,0.8647599816322327,200.5,98.36000061035156,107.00700378417969,185.47799682617188,1.762760043144226,1.6202800273895264,3688.89990234375,42.47100067138672,1398.5,4.632999897003174,64.5199966430664,68.47000122070312,3.1029999256134033,429.5,1049.75,534.0,422.25,15.899999618530273,7371.0,66.38999938964844,233.4499969482422,97.375,1179.9000244140625,2.041599988937378,2.3935000896453857,16.360000610351562,96.62999725341797,4.026000022888184,3.890000104904175,6606.759765625,45757.8984375,22333.9609375,9195.7001953125,44902.26953125
2025-09-17,1.1871408224105835,1.365392804145813,146.41299438476562,0.6688998937606812,1.3738800287246704,0.7859100103378296,0.5989401340484619,87.88459777832031,7.114200115203857,1.2755000591278076,7.78046989440918,1377.6400146484375,5.29580020904541,18.28580093383789,41.30730056762695,17.337570190429688,9.754630088806152,9.223039627075195,6.287839889526367,3.5757999420166016,20.47330093383789,328.0400085449219,173.8000030517578,0.86940997838974,199.8979949951172,97.93399810791016,106.56400299072266,186.2790069580078,1.7746299505233765,1.6308799982070923,3681.800048828125,41.72200012207031,1372.699951171875,4.571000099182129,64.05000305175781,67.94999694824219,3.0999999046325684,426.75,1043.75,528.25,388.54998779296875,15.539999961853027,7385.0,65.86000061035156,231.10000610351562,97.32499694824219,1154.4000244140625,2.028700113296509,2.35479998588562,15.720000267028809,96.87000274658203,4.076000213623047,3.868000030517578,6600.35009765625,46018.3203125,22261.330078125,9208.400390625,44790.37890625
2025-09-18,1.1826341152191162,1.3629734516143799,146.89100646972656,0.6652501225471497,1.3769899606704712,0.7883399724960327,0.5934189558029175,87.91069793701172,7.103300094604492,1.2770999670028687,7.776989936828613,1378.68994140625,5.310100078582764,18.30780029296875,41.30110168457031,17.375499725341797,9.808440208435059,9.28363037109375,6.312089920043945,3.597019910812378,20.553499221801758,329.5199890136719,173.70799255371094,0.8676199913024902,200.2010040283203,97.71499633789062,106.6719970703125,186.29977416992188,1.777519941329956,1.6280499696731567,3643.699951171875,41.707000732421875,1397.4000244140625,4.540999889373779,63.56999969482422,67.44000244140625,2.938999891281128,423.75,1037.5,524.25,385.8500061035156,15.380000114440918,7233.0,65.19000244140625,232.375,97.4749984741211,1168.0,2.011399984359741,2.3399999141693115,15.699999809265137,97.3499984741211,4.104000091552734,3.880000114440918,6631.9599609375,46142.421875,22470.720703125,9228.099609375,45303.4296875
2025-09-19,1.1791062355041504,1.3556013107299805,147.94700622558594,0.6617901921272278,1.3791799545288086,0.7925099730491638,0.5891293883323669,88.20690155029297,7.1128997802734375,1.2817599773406982,7.7771100997924805,1386.75,5.304299831390381,18.364200592041016,41.39720153808594,17.340330123901367,9.868880271911621,9.343720436096191,6.330729961395264,3.613460063934326,20.599000930786133,329.5090026855469,174.4320068359375,0.8696500062942505,200.54800415039062,97.90599822998047,107.26781463623047,186.6785125732422,1.7813199758529663,1.625830054283142,3671.5,42.5359992980957,1414.300048828125,4.568999767303467,62.68000030517578,66.68000030517578,2.888000011444092,424.0,1025.5,522.5,366.5,15.460000038146973,7243.0,64.94000244140625,233.5749969482422,97.9749984741211,1150.800048828125,1.9707000255584717,2.2988998889923096,15.449999809265137,97.63999938964844,4.138999938964844,3.878000020980835,6664.35986328125,46315.26953125,22631.48046875,9216.7001953125,45045.80859375
2025-09-22,1.1736950874328613,1.3464748859405518,148.09500122070312,0.6589308381080627,1.3782000541687012,0.7962300181388855,0.5851306319236755,88.09919738769531,7.1128997802734375,1.2854299545288086,7.774439811706543,1396.22998046875,5.320499897003174,18.42020034790039,41.407901763916016,17.319110870361328,9.921380043029785,9.415109634399414,6.358699798583984,3.6310999393463135,20.68400001525879,332.48199462890625,173.81199645996094,0.871649980545044,199.39300537109375,97.57599639892578,107.44100189208984,185.9807891845703,1.7811700105667114,1.617609977722168,3740.699951171875,43.79899978637695,1423.699951171875,4.572999954223633,62.63999938964844,66.56999969482422,2.805999994277954,421.75,1011.0,510.75,367.3500061035156,15.25,6959.0,64.31999969482422,237.14999389648438,98.80000305175781,1193.699951171875,1.9781999588012695,2.29229998588562,16.100000381469727,97.33000183105469,4.14300012588501,3.8480000495910645,6693.75,46381.5390625,22788.98046875,9226.7001953125,45493.66015625
2025-09-23,1.1801080703735352,1.3514974117279053,147.72500610351562,0.660199761390686,1.3824900388717651,0.792389988899231,0.5868799686431885,88.30439758300781,7.113999843597412,1.2818399667739868,7.769320011138916,1389.3900146484375,5.3343000411987305,18.357690811157227,41.39189910888672,17.330900192260742,9.910900115966797,9.357339859008789,6.325150012969971,3.6054201126098633,20.52739906311035,329.6199951171875,174.32899475097656,0.8730999827384949,199.63900756835938,97.50800323486328,106.83000183105469,186.41200256347656,1.7877000570297241,1.6313799619674683,3780.60009765625,44.19200134277344,1504.199951171875,4.584499835968018,63.40999984741211,67.62999725341797,2.8529999256134033,426.25,1012.0,520.5,350.1499938964844,15.65999984741211,6992.0,64.52999877929688,235.60000610351562,100.5250015258789,1232.300048828125,1.9990999698638916,2.328000068664551,16.639999389648438,97.26000213623047,4.119999885559082,3.8450000286102295,6656.919921875,46292.78125,22573.470703125,9223.2998046875,45493.66015625
2025-09-24,1.1814465522766113,1.3524478673934937,147.61300659179688,0.6597799062728882,1.3839099407196045,0.7914299964904785,0.5856995582580566,88.80799865722656,7.111599922180176,1.283329963684082,7.7754597663879395,1391.8499755859375,5.281599998474121,18.346500396728516,41.418701171875,17.228099822998047,9.880550384521484,9.33456039428711,6.317170143127441,3.6035799980163574,20.498600006103516,329.7909851074219,174.3820037841797,0.8735899925231934,199.60800170898438,97.38899993896484,106.65499877929688,186.49600219726562,1.7904900312423706,1.6347899436950684,3732.10009765625,43.777000427246094,1484.5,4.752500057220459,64.98999786376953,69.30999755859375,2.8580000400543213,424.25,1009.0,519.5,367.75,15.640000343322754,7048.0,64.04000091552734,234.0500030517578,99.42500305175781,1221.4000244140625,2.0188000202178955,2.37719988822937,16.18000030517578,97.87000274658203,4.146999835968018,3.8580000400543213,6637.97021484375,46121.28125,22497.859375,9250.400390625,45630.30859375
2025-09-25,1.1744670867919922,1.3452396392822266,148.75100708007812,0.6586921215057373,1.3896000385284424,0.7946599721908569,0.5816601514816284,88.77860260009766,7.131499767303467,1.2883100509643555,7.7778401374816895,1403.6500244140625,5.329899787902832,18.418739318847656,41.469600677490234,17.327280044555664,9.936070442199707,9.39995002746582,6.355000019073486,3.630047082901001,20.672700881958008,333.2099914550781,174.6959991455078,0.8730000257492065,200.10000610351562,97.97000122070312,107.0199966430664,187.15692138671875,1.782920002937317,1.631909966468811,3736.89990234375,44.696998596191406,1530.699951171875,4.699999809265137,64.9800033569336,69.41999816894531,2.9040000438690186,425.75,1012.25,527.0,371.3500061035156,15.760000228881836,6925.0,63.83000183105469,232.0500030517578,100.0999984741211,1264.4000244140625,2.00219988822937,2.426500082015991,16.739999771118164,98.55000305175781,4.171999931335449,3.882999897003174,6604.72021484375,45947.3203125,22384.69921875,9214.0,45754.9296875
2025-09-26,1.166275978088379,1.333653450012207,149.86099243164062,0.6537314653396606,1.3940999507904053,0.8000400066375732,0.5763190388679504,88.77310180664062,7.133800029754639,1.2943600416183472,7.782700061798096,1408.9200439453125,5.363699913024902,18.484119415283203,41.56399917602539,17.422000885009766,10.030269622802734,9.463000297546387,6.399759769439697,3.660681962966919,20.84280014038086,335.6709899902344,174.7729949951172,0.8744500279426575,199.8509979248047,97.9520034790039,107.45999908447266,187.28395080566406,1.7839299440383911,1.625830054283142,3775.300048828125,46.22100067138672,1582.699951171875,4.7154998779296875,65.72000122070312,70.12999725341797,2.8350000381469727,422.0,1013.75,519.75,378.04998779296875,15.869999885559082,6908.0,63.95000076293945,231.8000030517578,101.5,1291.4000244140625,2.037600040435791,2.4289000034332275,15.289999961853027,98.1500015258789,4.186999797821045,3.859999895095825,6643.7001953125,46247.2890625,22484.0703125,9284.7998046875,45354.98828125
2025-09-29,1.170823097229004,1.3408241271972656,149.40499877929688,0.6553998589515686,1.39382004737854,0.7974799871444702,0.577820897102356,88.67680358886719,7.132800102233887,1.2913000583648682,7.780399799346924,1408.7099609375,5.3422532081604,18.358549118041992,41.56108856201172,17.34040069580078,9.959369659423828,9.402600288391113,6.376500129699707,3.643120050430298,20.736499786376953,333.84698486328125,174.8820037841797,0.8729900121688843,200.31399536132812,97.88300323486328,107.18299865722656,187.30999755859375,1.786460041999817,1.6314500570297241,3820.89990234375,46.61199951171875,1609.300048828125,4.841000080108643,63.45000076293945,67.97000122070312,3.2669999599456787,421.5,1010.5,519.5,372.20001220703125,16.020000457763672,6998.0,63.04999923706055,231.3249969482422,101.1500015258789,1265.699951171875,1.9951000213623047,2.356600046157837,16.1200008392334,97.91000366210938,4.140999794006348,3.86299991607666,6661.2099609375,46316.0703125,22591.150390625,9299.7998046875,45043.75
2025-09-30,1.1731443405151367,1.3437248468399048,148.59500122070312,0.6581978797912598,1.3916200399398804,0.7972000241279602,0.5781516432762146,88.70449829101562,7.1194000244140625,1.2896900177001953,7.7829999923706055,1399.3299560546875,5.321700096130371,18.358999252319336,41.57659912109375,17.250200271606445,9.983599662780762,9.416990280151367,6.362390041351318,3.635417938232422,20.69930076599121,333.1820068359375,174.3179931640625,0.8730999827384949,199.64599609375,97.7509994506836,106.77100372314453,186.33599853515625,1.7830899953842163,1.6324100494384766,3840.800048828125,46.25299835205078,1584.5999755859375,4.804999828338623,62.369998931884766,67.0199966430664,3.302999973297119,415.5,1001.75,508.0,374.8500061035156,16.100000381469727,6749.0,63.31999969482422,231.85000610351562,99.8499984741211,1263.5,1.9729000329971313,2.3324999809265137,16.280000686645508,97.7699966430664,4.1479997634887695,3.8450000286102295,6688.4599609375,46397.890625,22660.009765625,9350.400390625,44932.62890625
2025-10-01,1.1735849380493164,1.3443390130996704,147.9969940185547,0.6610700488090515,1.3923499584197998,0.7961999773979187,0.5795992612838745,88.8406982421875,7.11899995803833,1.2902100086212158,7.7819600105285645,1403.1500244140625,5.319499969482422,18.31382942199707,41.582698822021484,17.27267074584961,9.988140106201172,9.416620254516602,6.359529972076416,3.633136034011841,20.707799911499023,332.02899169921875,173.67300415039062,0.8729400038719177,198.94900512695312,97.83000183105469,106.28500366210938,185.81736755371094,1.775089979171753,1.6338399648666382,3867.5,47.290000915527344,1569.9000244140625,4.83050012588501,61.779998779296875,65.3499984741211,3.4760000705718994,416.5,1013.0,509.25,383.8999938964844,16.1299991607666,6675.0,63.150001525878906,231.10000610351562,98.42500305175781,1250.5,1.8859000205993652,2.3018999099731445,16.290000915527344,97.70999908447266,4.105999946594238,3.8450000286102295,6711.2001953125,46441.1015625,22755.16015625,9446.400390625,44550.8515625
2025-10-02,1.1734058856964111,1.3480178117752075,147.08299255371094,0.6615498065948486,1.3939499855041504,0.7969099879264832,0.5821806192398071,88.68299865722656,7.11899995803833,1.287660002708435,7.780990123748779,1401.8199462890625,5.328800201416016,18.382360458374023,41.59410095214844,17.206579208374023,9.913969993591309,9.37341022491455,6.362199783325195,3.6289000511169434,20.654800415039062,331.2929992675781,172.57699584960938,0.8704100251197815,198.25999450683594,97.28900146484375,105.51000213623047,184.5514678955078,1.7736300230026245,1.6355400085449219,3839.699951171875,46.0,1563.800048828125,4.8979997634887695,60.47999954223633,64.11000061035156,3.441999912261963,421.75,1023.75,514.75,378.1000061035156,16.399999618530273,6481.0,62.650001525878906,230.52499389648438,98.67500305175781,1239.800048828125,1.8509999513626099,2.243499994277954,16.6299991607666,97.8499984741211,4.0879998207092285,3.8480000495910645,6715.35009765625,46519.71875,22844.05078125,9427.7001953125,44936.73046875
2025-10-03,1.1725116968154907,1.3446643352508545,147.14999389648438,0.6598090529441833,1.396090030670166,0.7970200181007385,0.5819502472877502,88.72019958496094,7.11899995803833,1.2885600328445435,7.782470226287842,1405.6300048828125,5.336599826812744,18.41200065612793,41.64179992675781,17.270299911499023,9.975099563598633,9.39348030090332,6.367700099945068,3.6303670406341553,20.684099197387695,331.65301513671875,172.5290069580078,0.8719300031661987,197.86000061035156,97.072998046875,105.39399719238281,184.5945587158203,1.7770700454711914,1.6363999843597412,3880.800048828125,47.59700012207031,1619.300048828125,5.058000087738037,60.880001068115234,64.52999877929688,3.3239998817443848,419.0,1018.0,515.25,390.75,16.469999313354492,6190.0,62.86000061035156,231.02499389648438,98.9749984741211,1273.0,1.8604999780654907,2.236299991607666,16.649999618530273,97.72000122070312,4.11899995803833,3.8580000400543213,6715.7900390625,46758.28125,22780.509765625,9491.2998046875,45769.5
2025-10-06,1.171248197555542,1.3433817625045776,149.6060028076172,0.6593101024627686,1.3964999914169312,0.7971900105476379,0.5824688673019409,88.73509979248047,7.11899995803833,1.2917300462722778,7.781099796295166,1406.06005859375,5.33459997177124,18.433330535888672,41.68830108642578,17.257659912109375,9.961660385131836,9.384849548339844,6.374209880828857,3.631279945373535,20.700599670410156,330.7820129394531,175.21200561523438,0.8717799782752991,200.9600067138672,98.63300323486328,107.12000274658203,187.65113830566406,1.77606999874115,1.635390043258667,3948.5,48.082000732421875,1634.9000244140625,4.986999988555908,61.689998626708984,65.47000122070312,3.3570001125335693,421.75,1017.75,512.75,381.3500061035156,16.809999465942383,6283.0,62.70000076293945,231.875,98.32499694824219,1326.800048828125,1.9016000032424927,2.24429988861084,16.3700008392334,98.11000061035156,4.1620001792907715,3.859999895095825,6740.27978515625,46694.96875,22941.669921875,9479.099609375,47944.76171875
2025-10-07,1.171028733253479,1.3484903573989868,150.33099365234375,0.6616500020027161,1.3946000337600708,0.7949100136756897,0.5840998888015747,88.72109985351562,7.11899995803833,1.2911200523376465,7.782649993896484,1409.9200439453125,5.311200141906738,18.337589263916016,41.703800201416016,17.151199340820312,9.922679901123047,9.38167953491211,6.3745598793029785,3.627901077270508,20.74799919128418,331.8139953613281,176.03599548339844,0.8683599829673767,202.7050018310547,99.45999908447266,107.79000091552734,189.0969696044922,1.7697299718856812,1.632889986038208,3976.60009765625,47.17900085449219,1626.5999755859375,5.047999858856201,61.72999954223633,65.44999694824219,3.497999906539917,419.75,1022.0,506.75,375.3999938964844,16.6299991607666,6179.0,62.02000045776367,233.10000610351562,97.8499984741211,1347.5999755859375,1.8939000368118286,2.2653000354766846,17.239999771118164,98.58000183105469,4.126999855041504,3.8429999351501465,6714.58984375,46602.98046875,22788.359375,9483.599609375,47950.87890625
2025-10-08,1.1654603481292725,1.3421016931533813,152.05099487304688,0.6580505967140198,1.3952800035476685,0.7985900044441223,0.5797706246376038,88.74259948730469,7.11899995803833,1.2935500144958496,7.78318977355957,1414.5699462890625,5.353799819946289,18.388530731201172,41.71736145019531,17.209299087524414,9.964349746704102,9.401359558105469,6.406000137329102,3.647773027420044,20.90130043029785,337.0929870605469,177.19700622558594,0.8683000206947327,204.05799865722656,100.0459976196289,108.96600341796875,190.36859130859375,1.770900011062622,1.6259700059890747,4043.300048828125,48.65599822998047,1678.0,5.046000003814697,62.54999923706055,66.25,3.3329999446868896,422.0,1029.5,507.25,385.1000061035156,16.290000915527344,6000.0,62.470001220703125,233.85000610351562,97.625,1454.199951171875,1.909500002861023,2.291300058364868,16.299999237060547,98.8499984741211,4.129000186920166,3.8429999351501465,6753.72021484375,46601.78125,23043.380859375,9548.900390625,47734.98828125
2025-10-09,1.1631964445114136,1.3401411771774292,152.67999267578125,0.6584500670433044,1.3954600095748901,0.8015000224113464,0.5783489346504211,88.7771987915039,7.118500232696533,1.2955199480056763,7.781599998474121,1422.52001953125,5.33519983291626,18.334150314331055,41.73080062866211,17.152050018310547,9.972909927368164,9.429169654846191,6.419829845428467,3.6572699546813965,20.925399780273438,336.3699951171875,177.5540008544922,0.8677899837493896,204.59800720214844,100.52799987792969,109.40499877929688,190.4585418701172,1.7661000490188599,1.6228200197219849,3946.300048828125,46.849998474121094,1634.0999755859375,5.075500011444092,61.5099983215332,65.22000122070312,3.2690000534057617,418.25,1022.25,506.5,377.25,16.260000228881836,5945.0,62.029998779296875,235.02499389648438,97.0,1430.5,1.882599949836731,2.2802999019622803,16.43000030517578,99.54000091552734,4.1479997634887695,3.8529999256134033,6735.10986328125,46358.421875,23024.630859375,9509.400390625,48580.44140625
2025-10-10,1.156644344329834,1.3304948806762695,152.96499633789062,0.6561291813850403,1.4018800258636475,0.8061699867248535,0.5752912163734436,88.86540222167969,7.127500057220459,1.2991700172424316,7.782299995422363,1421.510009765625,5.377200126647949,18.38343048095703,41.822471618652344,17.19162940979004,10.064909934997559,9.531920433044434,6.455210208892822,3.6801700592041016,21.05699920654297,337.92498779296875,176.93600463867188,0.8693299889564514,203.50399780273438,100.3550033569336,109.10800170898438,189.72000122070312,1.762719988822937,1.621399998664856,3975.89990234375,46.9379997253418,1600.699951171875,4.848499774932861,58.900001525878906,62.72999954223633,3.1059999465942383,413.0,1006.75,498.5,373.04998779296875,16.100000381469727,5848.0,63.84000015258789,238.47500610351562,97.0,1447.5999755859375,1.8203999996185303,2.204400062561035,21.65999984741211,98.9800033569336,4.051000118255615,3.8529999256134033,6552.509765625,45479.6015625,22204.4296875,9427.5,48088.80078125
2025-10-13,1.160240888595581,1.3336178064346313,152.05599975585938,0.6498401165008545,1.3998500108718872,0.8023200035095215,0.5726786255836487,88.7573013305664,7.099999904632568,1.2970999479293823,7.782299995422363,1429.030029296875,5.5229997634887695,18.522390365600586,41.8129997253418,17.41132926940918,10.103679656982422,9.508609771728516,6.436100006103516,3.6741600036621094,20.939899444580078,337.72900390625,176.41400146484375,0.8699600100517273,202.77200317382812,98.80599975585938,108.61699676513672,189.5066375732422,1.7852799892425537,1.6239800453186035,4108.60009765625,50.130001068115234,1669.5999755859375,5.100500106811523,59.4900016784668,63.31999969482422,3.118000030517578,410.75,1007.75,496.75,385.20001220703125,15.609999656677246,5822.0,63.59000015258789,240.5749969482422,97.42500305175781,1509.4000244140625,1.8437999486923218,2.2497000694274902,19.030000686645508,99.2699966430664,4.051000118255615,3.8529999256134033,6654.72021484375,46067.578125,22694.609375,9442.900390625,48088.80078125
2025-10-14,1.1566845178604126,1.3332622051239014,152.4340057373047,0.651159942150116,1.4039000272750854,0.8042899966239929,0.5717487335205078,88.66510009765625,7.099999904632568,1.2992700338363647,7.779139995574951,1426.0699462890625,5.464099884033203,18.45829963684082,41.81230163574219,17.32033920288086,10.086009979248047,9.507539749145508,6.454830169677734,3.682620048522949,21.01259994506836,338.52099609375,176.31100463867188,0.8675000071525574,203.2239990234375,99.25199890136719,108.57499694824219,189.5070037841797,1.7761499881744385,1.623669981956482,4138.7001953125,50.31399917602539,1655.0999755859375,4.980500221252441,58.70000076293945,62.38999938964844,3.0280001163482666,413.0,1006.5,500.25,399.6499938964844,15.880000114440918,5899.0,63.5099983215332,241.8249969482422,97.4749984741211,1569.4000244140625,1.8286000490188599,2.1975998878479004,20.809999465942383,99.05000305175781,4.021999835968018,3.8529999256134033,6644.31005859375,46270.4609375,22521.69921875,9452.7998046875,46847.3203125
2025-10-15,1.1602274179458618,1.3321610689163208,151.7310028076172,0.6491301655769348,1.4045000076293945,0.8015300035476685,0.5715000629425049,88.78250122070312,7.138400077819824,1.2983800172805786,7.77370023727417,1429.4300537109375,5.481500148773193,18.504369735717773,41.81919860839844,17.385459899902344,10.156399726867676,9.541449546813965,6.436379909515381,3.6717100143432617,20.949499130249023,337.3330078125,176.04200744628906,0.8709400296211243,202.11599731445312,98.49299621582031,108.02799987792969,189.2807159423828,1.7872300148010254,1.6294200420379639,4176.89990234375,51.073001861572266,1668.699951171875,4.9720001220703125,58.27000045776367,61.90999984741211,3.0160000324249268,416.75,1006.5,498.75,394.8999938964844,15.6899995803833,5809.0,63.7599983215332,242.1750030517578,83.5999984741211,1569.0999755859375,1.8344000577926636,2.174799919128418,20.639999389648438,98.79000091552734,4.046000003814697,3.8580000400543213,6671.06005859375,46253.30859375,22670.080078125,9424.7998046875,47672.671875
2025-10-16,1.1646324396133423,1.3404465913772583,150.9739990234375,0.6508001685142517,1.4046000242233276,0.7965499758720398,0.5716115236282349,87.80950164794922,7.126200199127197,1.2954599857330322,7.775000095367432,1420.0899658203125,5.4492998123168945,18.45509910583496,41.851200103759766,17.34510040283203,10.095789909362793,9.469840049743652,6.412680149078369,3.650789976119995,20.823999404907227,335.15899658203125,175.81900024414062,0.8687899708747864,202.36000061035156,98.23999786376953,107.48799896240234,189.49600219726562,1.789520025253296,1.635509967803955,4280.2001953125,53.02299880981445,1734.9000244140625,4.958000183105469,57.459999084472656,61.060001373291016,2.937999963760376,421.75,1010.75,502.5,393.79998779296875,15.800000190734863,5991.0,63.72999954223633,243.9499969482422,82.5999984741211,1655.0,1.8116999864578247,2.1535000801086426,25.309999465942383,98.38999938964844,3.9760000705718994,3.8529999256134033,6629.06982421875,45952.23828125,22562.5390625,9436.099609375,48277.73828125
2025-10-17,1.1699601411819458,1.3445558547973633,150.1199951171875,0.64823979139328,1.4046000242233276,0.7918300032615662,0.572701632976532,87.9906997680664,7.123000144958496,1.2928099632263184,7.770790100097656,1415.719970703125,5.440814971923828,18.430299758911133,41.89630126953125,17.335460662841797,10.058300018310547,9.415630340576172,6.383399963378906,3.628690004348755,20.74090003967285,333.0740051269531,175.6300048828125,0.8701199889183044,201.83799743652344,97.30799865722656,106.87899780273438,189.5663299560547,1.804669976234436,1.6431599855422974,4189.89990234375,49.86399841308594,1602.300048828125,4.93149995803833,57.540000915527344,61.290000915527344,3.007999897003174,422.5,1019.5,503.75,397.45001220703125,15.5,5895.0,64.27999877929688,240.25,82.375,1499.199951171875,1.8377000093460083,2.180000066757202,20.780000686645508,98.43000030517578,4.006999969482422,3.8320000171661377,6664.009765625,46190.609375,22679.970703125,9354.599609375,47582.1484375
2025-10-20,1.165745735168457,1.342588186264038,150.89999389648438,0.6501701474189758,1.4015899896621704,0.7935900092124939,0.5731808543205261,88.0022964477539,7.126399993896484,1.2954399585723877,7.767099857330322,1419.739990234375,5.406099796295166,18.364700317382812,41.93040084838867,17.3656005859375,10.056619644165039,9.42467975616455,6.406000137329102,3.640125036239624,20.83489990234375,333.8900146484375,175.9040069580078,0.8682500123977661,202.58200073242188,98.10600280761719,107.65998077392578,190.11099243164062,1.7928500175476074,1.6338000297546387,4336.39990234375,51.11899948120117,1634.9000244140625,4.998000144958496,57.52000045776367,61.0099983215332,3.3970000743865967,423.25,1031.75,504.75,406.04998779296875,15.720000267028809,5899.0,64.16000366210938,241.85000610351562,82.07499694824219,1514.800048828125,1.830199956893921,2.1921000480651855,18.229999542236328,98.58999633789062,3.9860000610351562,3.7980000972747803,6735.1298828125,46706.578125,22990.5390625,9403.599609375,49185.5
2025-10-21,1.164442539215088,1.3405184745788574,150.7740020751953,0.6516313552856445,1.4033000469207764,0.7924000024795532,0.5744485259056091,87.87999725341797,7.119500160217285,1.2936400175094604,7.7678399085998535,1419.739990234375,5.36870002746582,18.399370193481445,41.92890167236328,17.217859268188477,10.045510292053223,9.415650367736816,6.413390159606934,3.635262966156006,20.83690071105957,333.59600830078125,175.55599975585938,0.8686100244522095,202.10400390625,98.23999786376953,107.43599700927734,190.24066162109375,1.7868800163269043,1.6339499950408936,4087.699951171875,47.45000076293945,1504.0,4.929999828338623,57.81999969482422,61.31999969482422,3.4739999771118164,419.75,1030.75,500.25,413.54998779296875,15.239999771118164,5916.0,64.41999816894531,243.6750030517578,83.2750015258789,1412.5999755859375,1.8252999782562256,2.2058000564575195,17.8700008392334,98.93000030517578,3.9630000591278076,3.7850000858306885,6735.35009765625,46924.73828125,22953.669921875,9427.0,49316.05859375
2025-10-22,1.160038948059082,1.336523175239563,151.89300537109375,0.6491904854774475,1.4019900560379028,0.7967000007629395,0.5742605328559875,88.00160217285156,7.121799945831299,1.2983900308609009,7.771200180053711,1430.739990234375,5.38670015335083,18.434099197387695,41.96820068359375,17.38779067993164,10.05935001373291,9.427350044250488,6.437699794769287,3.6524910926818848,20.927099227905273,335.32000732421875,176.19500732421875,0.867900013923645,202.9929962158203,98.60099792480469,108.33300018310547,190.61000061035156,1.7867799997329712,1.6262400150299072,4044.39990234375,47.46099853515625,1536.0,4.960999965667725,58.5,62.59000015258789,3.450000047683716,423.0,1034.75,503.75,420.8500061035156,15.100000381469727,6298.0,63.7400016784668,239.0500030517578,82.4000015258789,1439.699951171875,1.8650000095367432,2.2495999336242676,18.600000381469727,98.9000015258789,3.953000068664551,3.7880001068115234,6699.39990234375,46590.41015625,22740.400390625,9515.0,49307.7890625
2025-10-23,1.1608469486236572,1.3351848125457764,151.95399475097656,0.6489999890327454,1.3988800048828125,0.7960900068283081,0.5736905336380005,87.74030303955078,7.125699996948242,1.297819972038269,7.770400047302246,1430.4000244140625,5.399400234222412,18.43950080871582,41.97639846801758,17.415790557861328,10.022339820861816,9.408849716186523,6.433599948883057,3.643019914627075,20.90839958190918,334.87701416015625,176.39100646972656,0.8693900108337402,202.8780059814453,98.58399963378906,108.62200164794922,190.85800170898438,1.7890700101852417,1.6235300302505493,4125.5,48.481998443603516,1587.5999755859375,5.081999778747559,61.790000915527344,65.98999786376953,3.3440001010894775,428.0,1044.75,513.0,410.1499938964844,15.289999961853027,6339.0,64.06999969482422,239.72500610351562,81.7750015258789,1470.9000244140625,1.926900029182434,2.4030001163482666,17.299999237060547,98.94000244140625,3.990999937057495,3.7880001068115234,6738.43994140625,46734.609375,22941.80078125,9578.599609375,48641.609375
2025-10-24,1.1618045568466187,1.332746982574463,152.6020050048828,0.6514798402786255,1.3986599445343018,0.7950800061225891,0.5755196809768677,87.77899932861328,7.125699996948242,1.2985999584197998,7.7718000411987305,1435.8399658203125,5.382900238037109,18.393600463867188,42.03110122680664,17.32200050354004,9.96677017211914,9.376420021057129,6.428999900817871,3.640170097351074,20.912700653076172,335.6499938964844,177.29100036621094,0.8716700077056885,203.3719940185547,99.41400146484375,109.10099792480469,191.91635131835938,1.7831300497055054,1.6248600482940674,4118.39990234375,48.37699890136719,1593.9000244140625,5.093500137329102,61.5,65.94000244140625,3.303999900817871,423.25,1041.75,512.5,403.0,14.970000267028809,6319.0,64.19999694824219,233.75,81.9000015258789,1463.5999755859375,1.922700047492981,2.40310001373291,16.3700008392334,98.94999694824219,3.996999979019165,3.763000011444092,6791.68994140625,47207.12109375,23204.869140625,9645.599609375,49299.6484375
2025-10-27,1.1631693840026855,1.3322391510009766,153.06100463867188,0.653398334980011,1.399340033531189,0.7960500121116638,0.5760199427604675,87.8290023803711,7.121099948883057,1.298050045967102,7.769390106201172,1436.969970703125,5.388299942016602,18.418739318847656,41.99216079711914,17.199499130249023,9.986749649047852,9.382220268249512,6.421060085296631,3.6448419094085693,20.86949920654297,334.48699951171875,178.0279998779297,0.8730300068855286,203.90699768066406,100.0,109.375,192.23500061035156,1.780060052871704,1.6274900436401367,4001.89990234375,46.5620002746582,1578.4000244140625,5.140500068664551,61.310001373291016,65.62000274658203,3.441999912261963,428.75,1067.25,526.0,390.1000061035156,14.460000038146973,6182.0,64.55999755859375,228.8249969482422,81.5,1415.9000244140625,1.9204000234603882,2.4361000061035156,15.789999961853027,98.77999877929688,3.996999979019165,3.7179999351501465,6875.16015625,47544.58984375,23637.4609375,9653.7998046875,50512.3203125
2025-10-28,1.165175199508667,1.3341000080108643,152.69200134277344,0.6558598279953003,1.3991400003433228,0.7946100234985352,0.5775506496429443,88.22209930419922,7.110199928283691,1.2961100339889526,7.767489910125732,1430.969970703125,5.373300075531006,18.38932991027832,41.95940017700195,17.21092987060547,9.986729621887207,9.376620292663574,6.409910202026367,3.632601022720337,20.86199951171875,333.1610107421875,177.90199279785156,0.8733000159263611,203.69500732421875,100.14199829101562,109.12875366210938,192.11900329589844,1.7763899564743042,1.6301100254058838,3966.199951171875,47.125,1577.0,5.140500068664551,60.150001525878906,64.4000015258789,3.3450000286102295,432.0,1078.25,529.0,387.8999938964844,14.369999885559082,6002.0,65.05000305175781,227.5,80.82499694824219,1402.699951171875,1.9251999855041504,2.387200117111206,16.420000076293945,98.69000244140625,3.9830000400543213,3.7200000286102295,6890.89013671875,47706.37109375,23827.490234375,9696.7001953125,50219.1796875
2025-10-29,1.1657865047454834,1.3279330730438232,151.7310028076172,0.6585099697113037,1.3938900232315063,0.7928299903869629,0.5783589482307434,88.22550201416016,7.098800182342529,1.2932599782943726,7.767879962921143,1425.969970703125,5.357399940490723,18.425260543823242,41.94852066040039,17.14674949645996,9.97562026977539,9.370610237121582,6.406360149383545,3.627969980239868,20.853300094604492,332.7959899902344,176.86700439453125,0.8778300285339355,201.47000122070312,99.90899658203125,108.84500122070312,191.34628295898438,1.7701799869537354,1.6247400045394897,3983.699951171875,47.72100067138672,1591.300048828125,5.233500003814697,60.47999954223633,64.91999816894531,3.375999927520752,434.0,1080.25,532.25,390.70001220703125,14.420000076293945,6044.0,66.01000213623047,231.39999389648438,80.7750015258789,1429.5,1.9737000465393066,2.424299955368042,16.920000076293945,99.22000122070312,4.058000087738037,3.7300000190734863,6890.58984375,47632.0,23958.470703125,9756.099609375,51307.6484375
2025-10-30,1.1603351831436157,1.3195397853851318,152.7220001220703,0.657680094242096,1.394129991531372,0.7997999787330627,0.5764286518096924,88.34559631347656,7.098999977111816,1.2972300052642822,7.771100044250488,1424.010009765625,5.357800006866455,18.465700149536133,41.89762878417969,17.162700653076172,10.012800216674805,9.404899597167969,6.436069965362549,3.6521999835968018,20.978599548339844,334.8500061035156,177.1999969482422,0.8792999982833862,201.50399780273438,100.43800354003906,109.55799865722656,190.8800048828125,1.7641199827194214,1.6172699928283691,4001.300048828125,48.428001403808594,1608.300048828125,5.078000068664551,60.56999969482422,65.0,3.9560000896453857,430.25,1091.25,524.25,392.0,14.279999732971191,6058.0,65.12000274658203,235.27499389648438,80.82499694824219,1461.5,2.0034000873565674,2.4600000381469727,16.90999984741211,99.52999877929688,4.0929999351501465,3.756999969482422,6822.33984375,47522.12109375,23581.140625,9760.099609375,51325.609375
2025-10-31,1.157246708869934,1.3159106969833374,153.89999389648438,0.6559299826622009,1.398110032081604,0.8015900254249573,0.5745310187339783,88.6344985961914,7.109799861907959,1.2992000579833984,7.769139766693115,1424.02001953125,5.381999969482422,18.525400161743164,42.026798248291016,17.275890350341797,10.050009727478027,9.43593978881836,6.453129768371582,3.6644210815429688,21.013900756835938,335.34100341796875,178.0989990234375,0.8793500065803528,202.50900268554688,100.947998046875,110.072998046875,191.9739990234375,1.7640399932861328,1.6174999475479126,3982.199951171875,47.99399948120117,1569.800048828125,5.065499782562256,60.97999954223633,65.06999969482422,4.124000072479248,431.5,1099.75,534.0,392.04998779296875,14.430000305175781,6151.0,65.54000091552734,236.60000610351562,81.2750015258789,1444.699951171875,1.9931000471115112,2.4312000274658203,17.440000534057617,99.80000305175781,4.10099983215332,3.7179999351501465,6840.2001953125,47562.87109375,23724.9609375,9717.2998046875,52411.33984375
2025-11-03,1.1528042554855347,1.3134735822677612,154.19500732421875,0.6545702219009399,1.4015400409698486,0.8048999905586243,0.5722787976264954,88.77539825439453,7.1168999671936035,1.3018100261688232,7.770770072937012,1427.1700439453125,5.374599933624268,18.554079055786133,42.03961944580078,17.28927993774414,10.115280151367188,9.493780136108398,6.47769021987915,3.689750909805298,21.103099822998047,336.35198974609375,177.7449951171875,0.8776199817657471,202.5189971923828,100.9280014038086,110.01000213623047,191.54122924804688,1.7609299421310425,1.6154500246047974,4000.300048828125,47.88800048828125,1574.0,5.046999931335449,61.04999923706055,64.88999938964844,4.265999794006348,434.25,1119.75,543.5,406.6499938964844,14.649999618530273,6559.0,65.68000030517578,232.1999969482422,80.5999984741211,1446.9000244140625,1.916100025177002,2.4052999019622803,17.170000076293945,99.87000274658203,4.105999946594238,3.7829999923706055,6851.97021484375,47336.6796875,23834.720703125,9701.400390625,52411.33984375
2025-11-04,1.1519144773483276,1.3135254383087158,154.20399475097656,0.6541078090667725,1.4055399894714355,0.8081300258636475,0.5707013010978699,88.72339630126953,7.171800136566162,1.3049399852752686,7.771900177001953,1428.969970703125,5.354899883270264,18.491670608520508,42.06949996948242,17.29412078857422,10.124879837036133,9.484729766845703,6.480410099029541,3.6925699710845947,21.111000061035156,335.9989929199219,177.6199951171875,0.8769199848175049,202.54100036621094,100.81700134277344,109.70700073242188,190.77999877929688,1.7615599632263184,1.6189099550247192,3947.699951171875,47.130001068115234,1542.300048828125,4.926000118255615,60.560001373291016,64.44000244140625,4.3429999351501465,431.5,1108.25,550.25,405.25,14.220000267028809,6600.0,65.19999694824219,227.77499389648438,79.92500305175781,1412.9000244140625,1.9227999448776245,2.4446001052856445,19.0,100.22000122070312,4.089000225067139,3.7929999828338623,6771.5498046875,47085.23828125,23348.640625,9715.0,51497.19921875
2025-11-05,1.1485539674758911,1.3021697998046875,153.5570068359375,0.6485601663589478,1.4100899696350098,0.8103299736976624,0.5642401576042175,88.73200225830078,7.129499912261963,1.307610034942627,7.773890018463135,1439.81005859375,5.395899772644043,18.675500869750977,42.071998596191406,17.491039276123047,10.224749565124512,9.580869674682617,6.500080108642578,3.7078139781951904,21.20509910583496,337.8500061035156,176.35800170898438,0.8820000290870667,199.9199981689453,99.58300018310547,108.88500213623047,189.47271728515625,1.7704999446868896,1.619379997253418,3980.300048828125,47.862998962402344,1553.5,4.9629998207092285,59.599998474121094,63.52000045776367,4.23199987411499,435.25,1119.75,554.75,413.6000061035156,14.109999656677246,6396.0,65.2300033569336,220.52499389648438,80.5999984741211,1442.4000244140625,1.9092999696731567,2.432499885559082,18.010000228881836,100.19999694824219,4.1570000648498535,3.7880001068115234,6796.2900390625,47311.0,23499.80078125,9777.099609375,50212.26953125
2025-11-06,1.1496764421463013,1.3052598237991333,154.072998046875,0.6509907841682434,1.410230040550232,0.8097299933433533,0.566899836063385,88.55690002441406,7.125999927520752,1.3061000108718872,7.774799823760986,1439.739990234375,5.35860013961792,18.590700149536133,42.11119842529297,17.399799346923828,10.207300186157227,9.551199913024902,6.493000030517578,3.699141025543213,21.17889976501465,336.3340148925781,177.1280059814453,0.8807799816131592,201.08999633789062,100.29100036621094,109.26000213623047,190.2480010986328,1.7659499645233154,1.620959997177124,3979.89990234375,47.79399871826172,1528.300048828125,4.945499897003174,59.43000030517578,63.380001068115234,4.35699987411499,428.75,1091.75,535.5,396.75,14.1899995803833,6185.0,64.54000091552734,218.77499389648438,78.9749984741211,1388.0999755859375,1.9656000137329102,2.4960999488830566,19.5,99.7300033569336,4.0929999351501465,3.763000011444092,6720.31982421875,46912.30078125,23053.990234375,9735.7998046875,50883.6796875
2025-11-07,1.1549211740493774,1.3140950202941895,152.947998046875,0.6483898758888245,1.411180019378662,0.805899977684021,0.5639013051986694,88.6729965209961,7.118599891662598,1.304129958152771,7.775599956512451,1447.9000244140625,5.3495001792907715,18.556299209594727,42.16474151611328,17.353029251098633,10.193779945373535,9.568360328674316,6.464859962463379,3.6786699295043945,21.056699752807617,334.052001953125,176.63600158691406,0.87882000207901,200.97000122070312,99.16500091552734,108.3740005493164,189.7067108154297,1.7810100317001343,1.629520058631897,3999.39990234375,48.016998291015625,1539.300048828125,4.938000202178955,59.75,63.630001068115234,4.315000057220459,427.25,1101.75,527.75,407.79998779296875,14.100000381469727,6013.0,63.619998931884766,221.35000610351562,79.4000015258789,1397.300048828125,1.9402999877929688,2.482100009918213,19.079999923706055,99.5999984741211,4.0929999351501465,3.756999969482422,6728.7998046875,46987.1015625,23004.5390625,9682.599609375,50276.37109375
2025-11-10,1.1543878316879272,1.3142677545547485,153.81700134277344,0.650239884853363,1.404379963874817,0.8070899844169617,0.5627208352088928,88.65799713134766,7.118599891662598,1.3026200532913208,7.776509761810303,1454.0,5.330900192260742,18.443740844726562,42.23031997680664,17.30554962158203,10.167949676513672,9.540889739990234,6.468500137329102,3.6708199977874756,21.04490089416504,332.68798828125,177.56300354003906,0.8783400058746338,202.12600708007812,100.01100158691406,109.51200103759766,190.5728759765625,1.7750699520111084,1.6210700273513794,4111.7998046875,50.176998138427734,1591.0999755859375,5.086999893188477,60.130001068115234,64.05999755859375,4.3379998207092285,429.75,1116.0,535.75,414.75,14.199999809265137,6102.0,64.30999755859375,228.5500030517578,82.7750015258789,1443.0999755859375,1.9710999727249146,2.5104000568389893,17.600000381469727,99.62000274658203,4.110000133514404,3.7829999923706055,6832.43017578125,47368.62890625,23527.169921875,9787.2001953125,50911.76171875
2025-11-11,1.1557220220565796,1.3172974586486816,154.14599609375,0.653488039970398,1.4025499820709229,0.8051599860191345,0.5643786787986755,88.70709991455078,7.11929988861084,1.3025399446487427,7.7731099128723145,1456.0899658203125,5.289700031280518,18.378599166870117,42.234100341796875,17.145610809326172,10.128549575805664,9.509260177612305,6.460720062255859,3.662600040435791,21.00480079650879,331.4679870605469,178.1439971923828,0.8773099780082703,203.03500366210938,100.69999694824219,109.89600372314453,191.43885803222656,1.7684099674224854,1.6207499504089355,4106.7998046875,50.61800003051758,1589.4000244140625,5.048500061035156,61.040000915527344,65.16000366210938,4.565000057220459,432.0,1113.25,536.0,422.70001220703125,14.25,5829.0,63.880001068115234,227.1999969482422,82.3499984741211,1467.5999755859375,2.01200008392334,2.575700044631958,17.280000686645508,99.45999908447266,4.119999885559082,3.7829999923706055,6846.60986328125,47927.9609375,23468.30078125,9899.599609375,50842.9296875
2025-11-12,1.1587486267089844,1.3152875900268555,154.0749969482422,0.6529499292373657,1.4015799760818481,0.8003299832344055,0.5657292604446411,88.46649932861328,7.11929988861084,1.3009799718856812,7.771470069885254,1459.8399658203125,5.270699977874756,18.316650390625,42.23789978027344,17.15203094482422,10.046480178833008,9.446929931640625,6.443999767303467,3.6478230953216553,20.913999557495117,331.8999938964844,178.52699279785156,0.8809199929237366,202.63800048828125,100.59700012207031,109.92500305175781,192.48899841308594,1.7744799852371216,1.6238399744033813,4204.39990234375,53.332000732421875,1622.300048828125,5.0894999504089355,58.4900016784668,62.709999084472656,4.5329999923706055,435.25,1120.5,536.0,403.6499938964844,14.520000457763672,5625.0,63.29999923706055,225.27499389648438,80.625,1499.9000244140625,1.955399990081787,2.481600046157837,17.510000228881836,99.4800033569336,4.065000057220459,3.7780001163482666,6850.919921875,48254.8203125,23406.4609375,9911.400390625,51063.30859375
2025-11-13,1.159218668937683,1.3127838373184204,154.71299743652344,0.6536400318145752,1.4009300470352173,0.797819972038269,0.566228985786438,88.59400177001953,7.11929988861084,1.301759958267212,7.770420074462891,1468.02001953125,5.291299819946289,18.287799835205078,42.2484016418457,17.087230682373047,10.073180198669434,9.443160057067871,6.441259860992432,3.6507461071014404,20.89900016784668,331.406005859375,179.33799743652344,0.8829399943351746,203.09800720214844,101.11900329589844,110.44100189208984,193.90284729003906,1.7733299732208252,1.6236000061035156,4186.89990234375,53.07400131225586,1603.9000244140625,5.087500095367432,58.689998626708984,63.0099983215332,4.645999908447266,441.5,1132.0,535.75,401.70001220703125,14.4399995803833,5487.0,62.900001525878906,219.0,78.07499694824219,1470.4000244140625,1.9596999883651733,2.4646999835968018,20.0,99.18000030517578,4.111999988555908,3.7929999828338623,6737.490234375,47457.21875,22870.359375,9807.7001953125,51281.828125
2025-11-14,1.1631964445114136,1.3152183294296265,154.63299560546875,0.6529000401496887,1.4035500288009644,0.7932699918746948,0.5650898814201355,88.81610107421875,7.111999988555908,1.3011800050735474,7.770999908447266,1468.7099609375,5.296500205993652,18.315000534057617,42.28519821166992,17.038570404052734,10.022379875183105,9.404459953308105,6.42071008682251,3.636120080947876,20.770999908447266,329.9570007324219,179.83200073242188,0.8842200040817261,203.35899353027344,100.94100189208984,110.16300201416016,194.88999938964844,1.781290054321289,1.6321500539779663,4087.60009765625,50.59000015258789,1555.199951171875,5.049499988555908,60.09000015258789,64.38999938964844,4.565999984741211,430.25,1112.75,527.25,399.79998779296875,14.960000038146973,5287.0,62.4900016784668,219.14999389648438,78.5,1420.699951171875,2.0116000175476074,2.531100034713745,19.829999923706055,99.2699966430664,4.1479997634887695,3.7880001068115234,6734.10986328125,47147.48046875,22900.58984375,9698.400390625,50376.53125
2025-11-17,1.1615345478057861,1.3160146474838257,154.5850067138672,0.6533001661300659,1.4018199443817139,0.7942799925804138,0.5676302909851074,88.68199920654297,7.0991997718811035,1.2989599704742432,7.771510124206543,1446.530029296875,5.295599937438965,18.30643081665039,42.31201171875,17.08218002319336,10.079259872436523,9.44756031036377,6.428269863128662,3.6366701126098633,20.809999465942383,330.35699462890625,179.5489959716797,0.8826000094413757,203.41900634765625,100.98500061035156,110.2699966430664,194.6085205078125,1.7777600288391113,1.628000020980835,4068.300048828125,50.625,1545.699951171875,5.0,59.90999984741211,64.19999694824219,4.361000061035156,434.75,1157.25,544.25,402.54998779296875,14.800000190734863,5264.0,62.36000061035156,221.27499389648438,78.57499694824219,1413.9000244140625,1.9901000261306763,2.546999931335449,22.3799991607666,99.58999633789062,4.132999897003174,3.7720000743865967,6672.41015625,46590.23828125,22708.0703125,9675.400390625,50323.91015625
2025-11-18,1.159057378768921,1.3156163692474365,155.2729949951172,0.6492701172828674,1.4050500392913818,0.796239972114563,0.5654797554016113,88.63590240478516,7.107500076293945,1.3029099702835083,7.773900032043457,1461.68994140625,5.329500198364258,18.43269920349121,42.318599700927734,17.171049118041992,10.102160453796387,9.477370262145996,6.442649841308594,3.65231990814209,20.830799102783203,331.4320068359375,179.96499633789062,0.8809700012207031,204.26600646972656,100.80699920654297,110.4800033569336,194.97999572753906,1.7850600481033325,1.628350019454956,4061.300048828125,50.45000076293945,1545.199951171875,4.962500095367432,60.7400016784668,64.88999938964844,4.370999813079834,436.75,1153.5,546.5,415.3500061035156,14.699999809265137,5262.0,62.56999969482422,220.02499389648438,77.9000015258789,1419.4000244140625,1.9993000030517578,2.7011001110076904,24.690000534057617,99.55000305175781,4.123000144958496,3.7720000743865967,6617.31982421875,46091.73828125,22432.849609375,9552.2998046875,48702.98046875
2025-11-19,1.1581177711486816,1.3147515058517456,155.54800415039062,0.6509018540382385,1.3985099792480469,0.8001999855041504,0.5659213662147522,88.55680084228516,7.107500076293945,1.3009999990463257,7.78410005569458,1456.550048828125,5.321499824523926,18.34040069580078,42.326900482177734,17.166799545288086,10.106499671936035,9.470970153808594,6.448709964752197,3.6588099002838135,20.869199752807617,331.29400634765625,180.13299560546875,0.8807600140571594,204.50100708007812,101.2300033569336,111.19000244140625,194.36831665039062,1.7791099548339844,1.619379997253418,4077.699951171875,50.790000915527344,1546.9000244140625,5.007999897003174,59.439998626708984,63.5099983215332,4.550000190734863,429.75,1136.25,536.75,404.5,14.65999984741211,4943.0,62.29999923706055,216.3000030517578,78.8499984741211,1402.0999755859375,1.9321000576019287,2.635699987411499,23.65999984741211,100.2300033569336,4.132999897003174,3.7720000743865967,6642.16015625,46138.76953125,22564.23046875,9507.400390625,48537.69921875
2025-11-20,1.154068112373352,1.3061821460723877,156.99200439453125,0.649000883102417,1.4042500257492065,0.8054199814796448,0.5614413619041443,88.48719787597656,7.107500076293945,1.3059799671173096,7.786280155181885,1466.1300048828125,5.32859992980957,18.31679916381836,42.342899322509766,17.178800582885742,10.170339584350586,9.537260055541992,6.471449851989746,3.6612000465393066,20.922800064086914,330.7120056152344,181.16000366210938,0.8834199905395508,205.04100036621094,101.87999725341797,111.79000091552734,194.92999267578125,1.7779899835586548,1.6203399896621704,4056.5,50.24700164794922,1506.199951171875,4.959499835968018,59.13999938964844,63.380001068115234,4.473999977111816,426.5,1122.5,527.0,406.5,14.65999984741211,5108.0,61.68000030517578,214.72500610351562,79.4749984741211,1382.4000244140625,1.9184000492095947,2.5332999229431152,26.420000076293945,100.16000366210938,4.105999946594238,3.7750000953674316,6538.759765625,45752.26171875,22078.05078125,9527.7001953125,49823.94140625
2025-11-21,1.1534557342529297,1.308489441871643,157.36900329589844,0.6449499130249023,1.409119963645935,0.8054800033569336,0.5591809153556824,88.69219970703125,7.107500076293945,1.3073400259017944,7.7835001945495605,1473.25,5.332300186157227,18.36590003967285,42.43870162963867,17.212350845336914,10.203100204467773,9.536860466003418,6.474559783935547,3.669600009918213,20.96489906311035,331.1499938964844,181.52499389648438,0.8814700245857239,205.9040069580078,101.49299621582031,111.6719970703125,195.3641357421875,1.7883000373840332,1.6252800226211548,4076.699951171875,49.87300109863281,1513.800048828125,5.008500099182129,58.060001373291016,62.560001373291016,4.579999923706055,425.5,1125.0,527.0,400.0,14.779999732971191,5084.0,61.349998474121094,214.4499969482422,77.80000305175781,1383.5999755859375,1.8833999633789062,2.456399917602539,23.43000030517578,100.18000030517578,4.063000202178955,3.740000009536743,6602.990234375,46245.41015625,22273.080078125,9539.7001953125,48625.87890625
2025-11-24,1.1507612466812134,1.3096375465393066,156.68800354003906,0.6462398767471313,1.4094599485397339,0.8086699843406677,0.5613183975219727,89.63400268554688,7.106599807739258,1.3071500062942505,7.7823100090026855,1467.72998046875,5.402100086212158,18.473880767822266,42.395748138427734,17.36482048034668,10.238490104675293,9.539529800415039,6.4894700050354,3.681619882583618,21.051799774169922,333.1619873046875,180.3070068359375,0.8786500096321106,205.2030029296875,101.25499725341797,111.16500091552734,193.7320098876953,1.7805299758911133,1.6217700242996216,4091.89990234375,50.29499816894531,1542.5,4.961999893188477,58.84000015258789,63.369998931884766,4.548999786376953,423.75,1123.25,522.25,407.45001220703125,14.819999694824219,5090.0,61.439998626708984,207.1999969482422,78.19999694824219,1403.0999755859375,1.8966000080108643,2.406100034713745,20.520000457763672,100.13999938964844,4.038000106811523,3.7300000190734863,6705.1201171875,46448.26953125,22872.009765625,9534.900390625,48625.87890625
2025-11-25,1.1520073413848877,1.3106160163879395,156.93899536132812,0.6465799808502197,1.4108999967575073,0.8086100220680237,0.561381459236145,89.14779663085938,7.102200031280518,1.304800033569336,7.781630039215088,1474.8599853515625,5.3867998123168945,18.493600845336914,42.442501068115234,17.291170120239258,10.225509643554688,9.547430038452148,6.482699871063232,3.6747798919677734,20.95439910888672,331.45098876953125,180.78399658203125,0.8789100050926208,205.66900634765625,101.46900177001953,111.22699737548828,194.06980895996094,1.7814699411392212,1.625059962272644,4139.2001953125,50.933998107910156,1556.9000244140625,4.999499797821045,57.95000076293945,62.47999954223633,4.423999786376953,423.5,1124.75,527.25,414.20001220703125,14.90999984741211,4999.0,62.43000030517578,207.0,78.44999694824219,1402.199951171875,1.857200026512146,2.353800058364868,18.559999465942383,99.66000366210938,4.001999855041504,3.7320001125335693,6765.8798828125,47112.44921875,23025.58984375,9609.5,48659.51953125
2025-11-26,1.156483769416809,1.315870761871338,156.22999572753906,0.6470301151275635,1.4102200269699097,0.8079800009727478,0.5624499320983887,89.15059661865234,7.084499835968018,1.3018900156021118,7.7753400802612305,1464.9200439453125,5.37939977645874,18.385700225830078,42.46220016479492,17.20210075378418,10.226380348205566,9.529370307922363,6.458340167999268,3.647700071334839,20.875499725341797,329.79901123046875,180.66400146484375,0.8788400292396545,205.5590057373047,101.05999755859375,110.76699829101562,193.33087158203125,1.7872200012207031,1.6307899951934814,4165.2001953125,52.91600036621094,1578.9000244140625,5.104499816894531,58.650001525878906,63.130001068115234,4.558000087738037,431.75,1131.5,529.0,411.5,15.140000343322754,4993.0,62.77000045776367,211.02499389648438,80.42500305175781,1422.5,1.8890000581741333,2.325500011444092,17.190000534057617,99.5999984741211,3.997999906539917,3.753000020980835,6812.60986328125,47427.12109375,23214.689453125,9691.599609375,49559.0703125
2025-11-27,1.1602139472961426,1.3244997262954712,156.23899841308594,0.6524859666824341,1.4039499759674072,0.8034899830818176,0.5707000494003296,89.16300201416016,7.075799942016602,1.296339988708496,7.7778000831604,1470.5899658203125,5.3308000564575195,18.338970184326172,42.44240188598633,17.131099700927734,10.195500373840332,9.486900329589844,6.436759948730469,3.6451001167297363,20.81559944152832,329.08599853515625,181.26800537109375,0.8758999705314636,206.9320068359375,101.92900085449219,111.25640869140625,194.4199981689453,1.778190016746521,1.6284600496292114,4165.2001953125,52.91600036621094,1578.9000244140625,5.104499816894531,58.650001525878906,63.130001068115234,4.558000087738037,431.75,1131.5,529.0,411.5,15.140000343322754,4993.0,62.77000045776367,211.02499389648438,80.42500305175781,1422.5,1.8890000581741333,2.325500011444092,17.190000534057617,99.5999984741211,3.997999906539917,3.753000020980835,6812.60986328125,47427.12109375,23214.689453125,9693.900390625,50167.1015625
2025-11-28,1.1599851846694946,1.3241175413131714,156.28399658203125,0.653579831123352,1.4026000499725342,0.8046000003814697,0.5731000304222107,89.36479949951172,7.075799942016602,1.296720027923584,7.77869987487793,1461.4000244140625,5.355400085449219,18.329599380493164,42.48509979248047,17.140869140625,10.16018009185791,9.470569610595703,6.438119888305664,3.6419999599456787,20.80389976501465,328.82000732421875,181.28199768066406,0.8760200142860413,206.9250030517578,102.13700103759766,111.4229965209961,194.21971130371094,1.7747100591659546,1.6267900466918945,4218.2998046875,56.44599914550781,1677.699951171875,5.185500144958496,58.54999923706055,63.20000076293945,4.849999904632568,435.5,1137.75,531.0,413.0,15.210000038146973,5404.0,62.90999984741211,215.5749969482422,80.5999984741211,1468.5999755859375,1.895900011062622,2.3329999446868896,16.350000381469727,99.45999908447266,4.017000198364258,3.697000026702881,6849.08984375,47716.421875,23365.689453125,9720.5,50253.91015625
2025-12-01,1.1601465940475464,1.3239772319793701,155.92799377441406,0.6551298499107361,1.396939992904663,0.8033400177955627,0.5736411809921265,89.3499984741211,7.075099945068359,1.295639991760254,7.784780025482178,1465.6199951171875,5.335400104522705,18.284500122070312,42.46950149536133,17.109420776367188,10.11890983581543,9.445170402526855,6.4375200271606445,3.6489899158477783,20.826400756835938,328.6159973144531,180.88900756835938,0.8762400150299072,206.4239959716797,102.1449966430664,111.60900115966797,194.0799102783203,1.7707099914550781,1.6205600500106812,4239.2998046875,58.417999267578125,1670.0999755859375,5.218999862670898,59.31999969482422,63.16999816894531,4.921000003814697,432.75,1128.0,530.25,411.5,14.760000228881836,5456.0,62.83000183105469,214.1999969482422,80.2249984741211,1444.800048828125,1.868899941444397,2.3399999141693115,17.239999771118164,99.41000366210938,4.0960001945495605,3.693000078201294,6812.6298828125,47289.328125,23275.919921875,9702.5,49303.28125
2025-12-02,1.1607661247253418,1.3209341764450073,155.5570068359375,0.6544001698493958,1.399999976158142,0.8046000003814697,0.572619616985321,89.61270141601562,7.071700096130371,1.2964799404144287,7.7881999015808105,1470.1700439453125,5.355800151824951,18.30590057373047,42.41801071166992,17.0743408203125,10.128470420837402,9.450929641723633,6.433539867401123,3.641849994659424,20.79599952697754,327.5360107421875,180.55999755859375,0.8786799907684326,205.4739990234375,101.76100158691406,111.10600280761719,193.2784881591797,1.7741899490356445,1.6248699426651,4186.60009765625,57.983001708984375,1644.0,5.160999774932861,58.63999938964844,62.45000076293945,4.840000152587891,438.0,1124.75,537.75,405.54998779296875,14.979999542236328,5401.0,62.77000045776367,218.47500610351562,80.5,1470.9000244140625,1.830299973487854,2.312700033187866,16.59000015258789,99.36000061035156,4.085999965667725,3.671999931335449,6829.3701171875,47474.4609375,23413.669921875,9701.7998046875,49303.44921875
2025-12-03,1.1627906560897827,1.3219469785690308,155.8070068359375,0.6573700904846191,1.3969600200653076,0.8028600215911865,0.574079155921936,89.91719818115234,7.070000171661377,1.295989990234375,7.78439998626709,1467.3599853515625,5.326300144195557,18.27526092529297,42.45227813720703,17.09333038330078,10.124919891357422,9.42611026763916,6.422800064086914,3.6368000507354736,20.757999420166016,327.3999938964844,181.16700744628906,0.8795700073242188,205.96200561523438,102.41699981689453,111.5260009765625,193.97805786132812,1.7687300443649292,1.624169945716858,4199.2998046875,57.92100143432617,1656.5,5.308000087738037,58.95000076293945,62.66999816894531,4.994999885559082,431.5,1115.75,537.75,403.75,14.930000305175781,5453.0,62.65999984741211,218.9499969482422,80.55000305175781,1476.800048828125,1.8272000551223755,2.300800085067749,16.079999923706055,98.8499984741211,4.057000160217285,3.634999990463257,6849.72021484375,47882.8984375,23454.08984375,9692.099609375,49864.6796875
2025-12-04,1.1666841506958008,1.3348817825317383,155.10699462890625,0.6605019569396973,1.3953100442886353,0.7997599840164185,0.5774205327033997,90.17050170898438,7.063600063323975,1.2937400341033936,7.783269882202148,1465.030029296875,5.306099891662598,18.27519989013672,42.446998596191406,17.032760620117188,10.06171989440918,9.37639045715332,6.4008002281188965,3.620260000228882,20.659400939941406,326.12298583984375,180.95799255371094,0.8741000294685364,207.0330047607422,102.43199920654297,111.15899658203125,193.92507934570312,1.7664899826049805,1.6275099515914917,4211.7998046875,56.84700012207031,1654.4000244140625,5.291500091552734,59.66999816894531,63.2599983215332,5.063000202178955,437.75,1119.5,541.0,411.95001220703125,14.880000114440918,5434.0,62.279998779296875,221.4499969482422,81.125,1451.9000244140625,1.8271000385284424,2.3036999702453613,15.779999732971191,98.98999786376953,4.107999801635742,3.611999988555908,6857.1201171875,47850.94140625,23505.140625,9710.900390625,51028.421875
2025-12-05,1.1642799377441406,1.3321788311004639,155.14199829101562,0.660641610622406,1.3959699869155884,0.8037800192832947,0.5759804248809814,89.8364028930664,7.071400165557861,1.2964400053024292,7.7817702293396,1472.3800048828125,5.309299945831299,18.218599319458008,42.500099182128906,16.98200035095215,10.11460018157959,9.424030303955078,6.414140224456787,3.634740114212036,20.78969955444336,328.7030029296875,180.6199951171875,0.8739299774169922,206.6649932861328,102.48300170898438,111.12699890136719,193.0019989013672,1.7622499465942383,1.6252100467681885,4212.89990234375,58.422000885009766,1655.0,5.381999969482422,60.08000183105469,63.75,5.289000034332275,436.75,1105.25,537.5,406.25,14.800000190734863,5643.0,62.130001068115234,227.14999389648438,81.6500015258789,1472.4000244140625,1.8341000080108643,2.3629000186920166,15.40999984741211,98.98999786376953,4.138999938964844,3.6029999256134033,6870.39990234375,47954.98828125,23578.130859375,9667.0,50491.87109375
2025-12-08,1.164022445678711,1.3324593305587769,155.33999633789062,0.6635400652885437,1.3834600448608398,0.8048499822616577,0.5775999426841736,89.93800354003906,7.0696001052856445,1.2959699630737305,7.783959865570068,1471.81005859375,5.4380998611450195,18.171600341796875,42.51499938964844,16.93058967590332,10.109219551086426,9.399359703063965,6.416379928588867,3.632659912109375,20.78890037536621,327.4620056152344,180.81399536132812,0.8735399842262268,206.9770050048828,103.06999969482422,112.27799987792969,192.98956298828125,1.754080057144165,1.6102800369262695,4187.2001953125,57.77899932861328,1655.0,5.364500045776367,58.880001068115234,62.4900016784668,4.9120001792907715,436.25,1093.75,536.0,396.04998779296875,14.819999694824219,5648.0,61.880001068115234,227.3249969482422,82.30000305175781,1483.5999755859375,1.7980999946594238,2.2981998920440674,16.65999984741211,99.08999633789062,4.171999931335449,3.618000030517578,6846.509765625,47739.3203125,23545.900390625,9645.099609375,50581.94140625
2025-12-09,1.1641442775726318,1.3326793909072876,155.843994140625,0.6627300977706909,1.3848999738693237,0.8066380023956299,0.5776100158691406,90.12999725341797,7.071000099182129,1.2975399494171143,7.780399799346924,1468.510009765625,5.429999828338623,18.26059913635254,42.55390167236328,17.025800704956055,10.122469902038574,9.393050193786621,6.415800094604492,3.6391398906707764,20.83690071105957,330.239990234375,181.38999938964844,0.8734400272369385,207.6699981689453,103.2770004272461,112.52799987792969,193.1704864501953,1.756309986114502,1.6119600534439087,4206.7001953125,60.16899871826172,1695.0999755859375,5.240499973297119,58.25,61.939998626708984,4.573999881744385,440.75,1087.25,536.25,394.20001220703125,14.670000076293945,5829.0,63.86000061035156,226.8249969482422,82.5,1511.4000244140625,1.7897000312805176,2.2600998878479004,16.93000030517578,99.22000122070312,4.185999870300293,3.631999969482422,6840.509765625,47560.2890625,23576.490234375,9642.0,50655.1015625
2025-12-10,1.1628313064575195,1.3303532600402832,156.83799743652344,0.6640987992286682,1.3845499753952026,0.805899977684021,0.5779501795768738,89.91690063476562,7.063300132751465,1.2969399690628052,7.782320022583008,1467.9300537109375,5.43149995803833,18.1825008392334,42.549400329589844,17.02790069580078,10.146300315856934,9.353890419006348,6.422299861907959,3.634229898452759,20.831199645996094,329.5929870605469,182.36700439453125,0.8740299940109253,208.63400268554688,104.13300323486328,113.26776123046875,194.56292724609375,1.7511600255966187,1.6098400354385376,4196.39990234375,60.37900161743164,1641.800048828125,5.2754998207092285,58.459999084472656,62.209999084472656,4.59499979019165,434.75,1091.25,531.25,400.79998779296875,14.90999984741211,6168.0,64.12000274658203,226.8000030517578,82.44999694824219,1458.300048828125,1.781499981880188,2.2730000019073486,15.770000457763672,98.79000091552734,4.164000034332275,3.5929999351501465,6886.68017578125,48057.75,23654.150390625,9655.5,50602.80078125
2025-12-11,1.1701242923736572,1.3388315439224243,155.7899932861328,0.6674498319625854,1.3789399862289429,0.7993800044059753,0.5817199945449829,89.79299926757812,7.064000129699707,1.292140007019043,7.7790398597717285,1469.0400390625,5.469799995422363,18.157400131225586,42.61159896850586,16.922800064086914,10.080789566040039,9.26161003112793,6.382699966430664,3.609250068664551,20.70989990234375,326.802001953125,182.28500366210938,0.8739100098609924,208.56900024414062,103.97200012207031,112.98300170898438,194.86399841308594,1.7530100345611572,1.6129000186920166,4285.5,63.92900085449219,1707.800048828125,5.427000045776367,57.599998474121094,61.279998779296875,4.230999946594238,435.25,1093.5,534.5,405.45001220703125,14.850000381469727,6235.0,63.970001220703125,230.375,83.4000015258789,1512.699951171875,1.7597999572753906,2.2288999557495117,14.850000381469727,98.3499984741211,4.140999794006348,3.568000078201294,6901.0,48704.01171875,23593.859375,9703.2001953125,50148.8203125
2025-12-12,1.1739431619644165,1.339046597480774,155.56700134277344,0.6665000319480896,1.3775700330734253,0.7947900295257568,0.5809191465377808,90.25299835205078,7.0578999519348145,1.2917499542236328,7.7820000648498535,1470.8499755859375,5.4054999351501465,18.031539916992188,42.63240051269531,16.851699829101562,10.064900398254395,9.250530242919922,6.362189769744873,3.5976901054382324,20.601999282836914,325.85400390625,182.62399291992188,0.876579999923706,208.30999755859375,103.6449966430664,112.91500091552734,195.70599365234375,1.7618199586868286,1.616979956626892,4300.10009765625,61.36199951171875,1757.0999755859375,5.2835001945495605,57.439998626708984,61.119998931884766,4.11299991607666,431.5,1076.75,534.5,397.20001220703125,15.100000381469727,6226.0,63.83000183105469,229.8000030517578,83.32499694824219,1514.199951171875,1.7520999908447266,2.197999954223633,15.739999771118164,98.4000015258789,4.193999767303467,3.5250000953674316,6827.41015625,48458.05078125,23195.169921875,9649.0,50836.55078125
2025-12-15,1.1737639904022217,1.3367732763290405,155.88800048828125,0.6647300720214844,1.3767800331115723,0.7961400151252747,0.5802315473556519,90.5770034790039,7.053999900817871,1.2917300462722778,7.784249782562256,1472.9100341796875,5.4182000160217285,18.00322914123535,42.68220138549805,16.858869552612305,10.113570213317871,9.265789985656738,6.362929821014404,3.5967299938201904,20.660400390625,326.8599853515625,182.96099853515625,0.8780199885368347,208.3699951171875,103.61199951171875,113.21299743652344,195.7830047607422,1.7656199932098389,1.6159100532531738,4306.7001953125,62.939998626708984,1810.5,5.338500022888184,56.81999969482422,60.560001373291016,4.01200008392334,439.75,1071.75,520.75,387.70001220703125,14.949999809265137,5823.0,63.939998626708984,230.8249969482422,83.8499984741211,1592.800048828125,1.732300043106079,2.1805999279022217,16.5,98.1500015258789,4.182000160217285,3.5380001068115234,6816.509765625,48416.55859375,23057.41015625,9751.2998046875,50168.109375
2025-12-16,1.1754610538482666,1.3380612134933472,155.01499938964844,0.6641799807548523,1.3769199848175049,0.7960100173950195,0.5786099433898926,90.77690124511719,7.046999931335449,1.289430022239685,7.7820000648498535,1467.47998046875,5.413400173187256,17.981300354003906,42.69390106201172,16.782529830932617,10.139430046081543,9.280159950256348,6.3538498878479,3.5871200561523438,20.666900634765625,326.9700012207031,182.21099853515625,0.8784499764442444,207.40699768066406,102.9530029296875,112.57599639892578,194.718994140625,1.7696599960327148,1.61844003200531,4304.5,62.70000076293945,1870.0999755859375,5.2870001792907715,55.27000045776367,58.91999816894531,3.885999917984009,436.5,1062.75,509.5,379.29998779296875,14.819999694824219,5998.0,63.099998474121094,231.14999389648438,84.7750015258789,1626.5999755859375,1.680899977684021,2.1285998821258545,16.479999542236328,98.1500015258789,4.14900016784668,3.5450000762939453,6800.259765625,48114.26171875,23111.4609375,9684.7998046875,49383.2890625
2025-12-17,1.1749500036239624,1.342499852180481,154.7779998779297,0.6634001135826111,1.3756099939346313,0.795199990272522,0.5785999298095703,90.94889831542969,7.0416998863220215,1.2890299558639526,7.779900074005127,1471.739990234375,5.507500171661377,17.956100463867188,42.70759963989258,16.73332977294922,10.183659553527832,9.297229766845703,6.3582000732421875,3.584120035171509,20.67099952697754,327.9800109863281,181.8489990234375,0.8751400113105774,207.7760009765625,102.64800262451172,112.51100158691406,194.62185668945312,1.7713899612426758,1.6161199808120728,4347.5,66.23699951171875,1932.699951171875,5.363500118255615,55.939998626708984,59.68000030517578,4.02400016784668,440.5,1058.25,506.25,351.8999938964844,14.760000228881836,5978.0,63.43000030517578,230.3000030517578,83.0,1684.199951171875,1.6943000555038452,2.1494998931884766,17.6200008392334,98.37000274658203,4.151000022888184,3.5429999828338623,6721.43017578125,47885.96875,22693.3203125,9774.2998046875,49512.28125
2025-12-18,1.1742326021194458,1.3374598026275635,155.4949951171875,0.6601501107215881,1.3783799409866333,0.795199990272522,0.5772998332977295,90.4136962890625,7.043000221252441,1.291159987449646,7.779240131378174,1474.0,5.518499851226807,18.011760711669922,42.72959899902344,16.766679763793945,10.196749687194824,9.298609733581543,6.362150192260742,3.5868499279022217,20.759000778198242,331.0899963378906,182.572998046875,0.8779000043869019,207.94900512695312,102.63999938964844,112.80899810791016,195.50457763671875,1.7785999774932861,1.618209958076477,4339.5,64.59200286865234,1955.5,5.366499900817871,56.150001525878906,59.81999969482422,3.9079999923706055,444.5,1052.25,507.75,345.45001220703125,14.479999542236328,5934.0,63.5099983215332,228.4250030517578,84.125,1737.9000244140625,1.701300024986267,2.1315999031066895,16.8700008392334,98.43000030517578,4.116000175476074,3.5220000743865967,6774.759765625,47951.8515625,23006.359375,9837.7998046875,49001.5
2025-12-19,1.1725666522979736,1.3385393619537354,155.58599853515625,0.6613800525665283,1.3776999711990356,0.7940099835395813,0.5776106715202332,90.25579833984375,7.040500164031982,1.2897000312805176,7.781000137329102,1474.3599853515625,5.521299839019775,17.99342918395996,42.785301208496094,16.71702003479004,10.151049613952637,9.28085994720459,6.371270179748535,3.5829100608825684,20.75040054321289,330.4800109863281,182.4250030517578,0.8759599924087524,208.2429962158203,102.89299774169922,112.91600036621094,195.93186950683594,1.7727899551391602,1.6153600215911865,4361.39990234375,66.84500122070312,2013.199951171875,5.439499855041504,56.65999984741211,60.470001220703125,3.9839999675750732,443.75,1049.25,509.75,340.6499938964844,14.819999694824219,5845.0,63.75,230.39999389648438,84.5,1749.0,1.7081999778747559,2.1219000816345215,14.90999984741211,98.5999984741211,4.151000022888184,3.5220000743865967,6834.5,48134.890625,23307.619140625,9897.400390625,49507.2109375
2025-12-22,1.1708093881607056,1.3377031087875366,157.67599487304688,0.6610198020935059,1.3790299892425537,0.7958300113677979,0.57548987865448,89.56999969482422,7.040900230407715,1.2929099798202515,7.781109809875488,1473.719970703125,5.53980016708374,18.015600204467773,42.806880950927734,16.74496078491211,10.131509780883789,9.266559600830078,6.379640102386475,3.5891199111938477,20.766199111938477,329.8139953613281,184.58399963378906,0.8751299977302551,210.875,104.21800231933594,114.2969970703125,198.09422302246094,1.770900011062622,1.614359974861145,4444.60009765625,67.90599822998047,2084.0,5.4375,58.0099983215332,62.06999969482422,3.9649999141693115,447.0,1053.25,515.5,347.3500061035156,14.989999771118164,5887.0,63.61000061035156,230.72500610351562,85.3499984741211,1793.4000244140625,1.7422000169754028,2.158099889755249,14.079999923706055,98.29000091552734,4.169000148773193,3.5280001163482666,6878.490234375,48362.6796875,23428.830078125,9866.0,50402.390625
2025-12-23,1.1765950918197632,1.3469899892807007,156.8769989013672,0.6658400893211365,1.3748699426651,0.7914299964904785,0.5797706246376038,89.60389709472656,7.040900230407715,1.2878799438476562,7.78000020980835,1476.8399658203125,5.590000152587891,17.964099884033203,42.815799713134766,16.696500778198242,10.102310180664062,9.228599548339844,6.348559856414795,3.581670045852661,20.67289924621582,330.0710144042969,184.52200317382812,0.8734300136566162,211.23599243164062,104.41899871826172,114.08499908447266,198.13999938964844,1.7666000127792358,1.6175199747085571,4482.7998046875,70.48500061035156,2282.0,5.47599983215332,58.380001068115234,62.380001068115234,4.4079999923706055,447.5,1051.5,517.0,346.95001220703125,15.199999809265137,5958.0,64.01000213623047,228.8249969482422,85.9749984741211,1918.5999755859375,1.7431999444961548,2.1905999183654785,14.0,97.94000244140625,4.169000148773193,3.546999931335449,6909.7900390625,48442.41015625,23561.83984375,9889.2001953125,50412.87109375
2025-12-24,1.179551362991333,1.3513604402542114,156.17599487304688,0.6701900959014893,1.3685499429702759,0.7874500155448914,0.5842998623847961,89.50789642333984,7.0279998779296875,1.2844300270080566,7.776899814605713,1478.6700439453125,5.518499851226807,17.90428924560547,42.847999572753906,16.668699264526367,10.02649974822998,9.162400245666504,6.331699848175049,3.5772500038146973,20.590099334716797,330.64898681640625,184.13699340820312,0.8728100061416626,210.95599365234375,104.62000274658203,114.06800079345703,198.24205017089844,1.7598400115966797,1.613919973373413,4480.60009765625,71.03099822998047,2242.39990234375,5.498499870300293,58.349998474121094,62.2400016784668,4.242000102996826,451.0,1063.25,521.75,345.1499938964844,15.289999961853027,5966.0,64.23999786376953,228.6999969482422,85.05000305175781,1766.300048828125,1.7470999956130981,2.157599925994873,13.470000267028809,97.9800033569336,4.136000156402588,3.555000066757202,6932.0498046875,48731.16015625,23613.310546875,9870.7001953125,50344.1015625
2025-12-25,1.179551362991333,1.3513604402542114,156.17599487304688,0.6701900959014893,1.3685499429702759,0.7874500155448914,0.5842998623847961,89.50789642333984,7.0279998779296875,1.2844300270080566,7.776899814605713,1478.6700439453125,5.518499851226807,17.90428924560547,42.847999572753906,16.668699264526367,10.02649974822998,9.162400245666504,6.331699848175049,3.5772500038146973,20.590099334716797,330.64898681640625,184.13699340820312,0.8728100061416626,210.95599365234375,104.62000274658203,114.06800079345703,198.24205017089844,1.7598400115966797,1.613919973373413,4480.60009765625,71.03099822998047,2242.39990234375,5.498499870300293,58.349998474121094,62.2400016784668,4.242000102996826,451.0,1063.25,521.75,345.1499938964844,15.289999961853027,5966.0,64.23999786376953,228.6999969482422,85.05000305175781,1766.300048828125,1.7470999956130981,2.157599925994873,13.470000267028809,97.9800033569336,4.136000156402588,3.555000066757202,6932.0498046875,48731.16015625,23613.310546875,9870.7001953125,50407.7890625
2025-12-26,1.1785364151000977,1.3508949279785156,156.08999633789062,0.6705604195594788,1.3672000169754028,0.7880499958992004,0.5836417078971863,90.10590362548828,7.0279998779296875,1.2841099500656128,7.776100158691406,1446.52001953125,5.519499778747559,17.932069778442383,42.85449981689453,16.627199172973633,9.989029884338379,9.169489860534668,6.33804988861084,3.5755701065063477,20.577499389648438,329.5369873046875,183.92999267578125,0.8722699880599976,210.8419952392578,104.65599822998047,114.1449966430664,198.0379180908203,1.7572400569915771,1.610990047454834,4529.10009765625,76.48600006103516,2467.699951171875,5.766499996185303,56.7400016784668,60.63999938964844,4.366000175476074,450.0,1058.75,519.0,350.25,15.170000076293945,5953.0,64.48999786376953,229.8249969482422,84.5250015258789,1984.699951171875,1.697100043296814,2.1070001125335693,13.600000381469727,98.0199966430664,4.136000156402588,3.5429999828338623,6929.93994140625,48710.96875,23593.099609375,9870.7001953125,50750.390625
2025-12-29,1.1772738695144653,1.349727988243103,156.46299743652344,0.6714099645614624,1.3668299913406372,0.7892400026321411,0.582610011100769,89.82929992675781,7.0279998779296875,1.2843300104141235,7.770880222320557,1441.3299560546875,5.542500019073486,17.896459579467773,42.90407943725586,16.65920066833496,10.007610321044922,9.141770362854004,6.3444600105285645,3.5787100791931152,20.593700408935547,328.4020080566406,184.24000549316406,0.872160017490387,211.16700744628906,105.0479965209961,114.49199676513672,198.2841033935547,1.7531399726867676,1.608839988708496,4325.10009765625,69.85600280761719,2104.800048828125,5.490499973297119,58.08000183105469,61.939998626708984,4.686999797821045,442.25,1049.5,513.0,352.1499938964844,15.260000228881836,6242.0,64.3499984741211,228.89999389648438,84.4749984741211,1648.300048828125,1.7151999473571777,2.127500057220459,14.199999809265137,98.04000091552734,4.116000175476074,3.5380001068115234,6905.740234375,48461.9296875,23474.349609375,9866.5,50526.921875
2025-12-30,1.1772878170013428,1.3510993719100952,156.01300048828125,0.6695501804351807,1.3687200546264648,0.7886999845504761,0.5808698534965515,89.9000015258789,7.0055999755859375,1.2848999500274658,7.773029804229736,1434.7099609375,5.5690999031066895,17.97216033935547,42.935699462890625,16.672700881958008,10.038450241088867,9.175169944763184,6.343200206756592,3.588819980621338,20.596099853515625,328.1199951171875,183.69000244140625,0.871399998664856,210.7550048828125,104.4489974975586,114.00599670410156,197.75,1.7582999467849731,1.6109700202941895,4370.10009765625,77.3740005493164,2232.300048828125,5.727499961853027,57.95000076293945,61.91999816894531,3.9719998836517334,440.5,1046.25,510.75,350.20001220703125,14.84000015258789,6063.0,64.31999969482422,231.1750030517578,85.44999694824219,1706.699951171875,1.7209999561309814,2.1505000591278076,14.329999923706055,98.23999786376953,4.130000114440918,3.5399999618530273,6896.240234375,48367.05859375,23419.080078125,9940.7001953125,50339.48046875
2025-12-31,1.1747292280197144,1.346719741821289,156.41299438476562,0.6697999835014343,1.3694700002670288,0.791700005531311,0.5791494250297546,89.76940155029297,6.996099948883057,1.2839000225067139,7.780660152435303,1437.9100341796875,5.476200103759766,17.97879981994629,42.95198059082031,16.58547019958496,10.051210403442383,9.194740295410156,6.357900142669678,3.5917999744415283,20.618099212646484,328.3699951171875,183.72000122070312,0.8722400069236755,210.61000061035156,104.72000122070312,114.2030029296875,197.5189208984375,1.7540500164031982,1.608389973640442,4325.60009765625,70.13400268554688,2034.5,5.630000114440918,57.41999816894531,60.849998474121094,3.686000108718872,440.25,1030.5,507.0,348.75,15.010000228881836,6065.0,64.2699966430664,232.0,85.0999984741211,1629.199951171875,1.705399990081787,2.1205999851226807,14.949999809265137,98.27999877929688,4.163000106811523,3.546999931335449,6845.5,48063.2890625,23241.990234375,9931.400390625,50339.48046875
2026-01-02,1.175046682357788,1.347363829612732,156.7310028076172,0.6678299903869629,1.3716000318527222,0.7920299768447876,0.5757914185523987,89.96189880371094,6.996099948883057,1.2847000360488892,7.785339832305908,1443.6400146484375,5.517000198364258,17.98465919494629,42.99399948120117,16.551599502563477,10.051090240478516,9.189510345458984,6.355869770050049,3.584700107574463,20.556499481201172,326.7699890136719,184.16299438476562,0.8720499873161316,211.16000366210938,104.66200256347656,114.25,197.8684844970703,1.7593400478363037,1.6117199659347534,4314.39990234375,70.55599975585938,2125.699951171875,5.639999866485596,57.31999969482422,60.75,3.618000030517578,437.5,1029.5,506.5,357.29998779296875,14.600000381469727,5871.0,64.01000213623047,236.0,84.0999984741211,1668.0,1.698199987411499,2.1150999069213867,14.510000228881836,98.41999816894531,4.186999797821045,3.5329999923706055,6858.47021484375,48382.390625,23235.630859375,9951.099609375,50339.48046875
2026-01-05,1.1704667806625366,1.3437970876693726,156.98899841308594,0.6683902144432068,1.3746700286865234,0.79339998960495,0.5755594372749329,90.00700378417969,6.993100166320801,1.287850022315979,7.790559768676758,1440.47998046875,5.421599864959717,17.91115951538086,43.01118850708008,16.49650001525879,10.054610252380371,9.226409912109375,6.381619930267334,3.595089912414551,20.621000289916992,326.9410095214844,183.7469940185547,0.8709700107574463,210.95700073242188,104.9229965209961,114.19100189208984,197.8419952392578,1.750980019569397,1.6089199781417847,4436.89990234375,76.16400146484375,2269.5,5.924499988555908,58.31999969482422,61.7599983215332,3.5230000019073486,444.5,1047.25,512.5,359.3500061035156,14.729999542236328,6077.0,64.6500015258789,235.875,86.1500015258789,1742.199951171875,1.7200000286102295,2.1428000926971436,14.899999618530273,98.2699966430664,4.164999961853027,3.515000104904175,6902.0498046875,48977.1796875,23395.8203125,10004.599609375,51832.80078125
2026-01-06,1.1714951992034912,1.3533997535705566,156.62600708007812,0.6713401079177856,1.3772499561309814,0.7921000123023987,0.5786300301551819,90.23300170898438,6.98799991607666,1.2828600406646729,7.785600185394287,1445.56005859375,5.40749979019165,17.915700912475586,43.03919982910156,16.359729766845703,10.036800384521484,9.174599647521973,6.376150131225586,3.594249963760376,20.637100219726562,327.68499755859375,183.47999572753906,0.8655700087547302,211.95799255371094,105.13999938964844,113.71399688720703,197.70799255371094,1.7448899745941162,1.6133899688720703,4482.2001953125,80.52999877929688,2434.0,6.010499954223633,57.130001068115234,60.70000076293945,3.3499999046325684,444.0,1042.0,510.5,373.8500061035156,14.760000228881836,5954.0,65.05999755859375,236.625,85.67500305175781,1865.5999755859375,1.700600028038025,2.0829999446868896,14.75,98.58000183105469,4.178999900817871,3.5199999809265137,6944.81982421875,49462.078125,23547.169921875,10122.7001953125,52518.078125
2026-01-07,1.1688251495361328,1.3500559329986572,156.67999267578125,0.6737000942230225,1.3815499544143677,0.7954999804496765,0.5781984925270081,90.16609954833984,6.983399868011475,1.2805500030517578,7.786900043487549,1444.9599609375,5.372000217437744,17.983400344848633,43.04059982299805,16.35487937927246,10.049869537353516,9.200349807739258,6.392099857330322,3.598299980163574,20.67289924621582,328.989990234375,183.12600708007812,0.8657100200653076,211.51199340820312,105.53399658203125,113.4020004272461,196.8908233642578,1.7345999479293823,1.6146800518035889,4449.2998046875,77.13500213623047,2253.39990234375,5.809000015258789,55.9900016784668,59.959999084472656,3.5250000953674316,446.75,1052.75,518.0,375.45001220703125,14.979999542236328,5915.0,64.8499984741211,234.52499389648438,84.80000305175781,1767.199951171875,1.6944999694824219,2.0566999912261963,15.380000114440918,98.68000030517578,4.138000011444092,3.515000104904175,6920.93017578125,48996.078125,23584.279296875,10048.2001953125,51961.98046875
2026-01-08,1.1676785945892334,1.3459312915802002,156.7310028076172,0.672210156917572,1.3857899904251099,0.7976499795913696,0.5773905515670776,89.8644027709961,6.996500015258789,1.2825499773025513,7.785999774932861,1446.1400146484375,5.383900165557861,17.978200912475586,43.036598205566406,16.446640014648438,10.077939987182617,9.183059692382812,6.398859977722168,3.6038498878479004,20.788299560546875,329.0820007324219,183.02699279785156,0.8675699830055237,210.91000366210938,105.35199737548828,113.10900115966797,196.4534912109375,1.736989974975586,1.6178699731826782,4449.7001953125,74.71600341796875,2251.699951171875,5.746500015258789,57.7599983215332,61.9900016784668,3.4070000648498535,446.0,1047.0,518.0,372.3500061035156,14.970000267028809,6077.0,64.45999908447266,235.27499389648438,85.875,1781.0999755859375,1.7603000402450562,2.119499921798706,15.449999809265137,98.93000030517578,4.183000087738037,3.506999969482422,6921.4599609375,49266.109375,23480.01953125,10044.7001953125,51117.26171875
2026-01-09,1.1657865047454834,1.3438005447387695,156.8800048828125,0.6701065301895142,1.3864099979400635,0.7990099787712097,0.5750893950462341,89.90540313720703,6.983500003814697,1.285099983215332,7.791999816894531,1450.0799560546875,5.386600017547607,17.962299346923828,43.12889862060547,16.512060165405273,10.078300476074219,9.217000007629395,6.40910005569458,3.6120500564575195,20.821300506591797,330.2099914550781,182.88800048828125,0.867579996585846,210.7729949951172,105.08699798583984,113.14800262451172,196.2640838623047,1.7401100397109985,1.6161099672317505,4490.2998046875,78.88400268554688,2278.300048828125,5.855500221252441,59.119998931884766,63.34000015258789,3.1689999103546143,445.75,1048.5,517.25,357.6499938964844,14.890000343322754,5345.0,64.41000366210938,233.72500610351562,85.30000305175781,1853.0,1.7805999517440796,2.134999990463257,14.489999771118164,99.12999725341797,4.171000003814697,3.513000011444092,6966.27978515625,49504.0703125,23671.349609375,10124.599609375,51939.890625
2026-01-12,1.1623716354370117,1.3394231796264648,158.1490020751953,0.6685801148414612,1.3913899660110474,0.8015260100364685,0.572980523109436,90.23600006103516,6.977200031280518,1.2872400283813477,7.794149875640869,1455.239990234375,5.370299816131592,17.974109649658203,43.10540008544922,16.474519729614258,10.082050323486328,9.216150283813477,6.427499771118164,3.622040033340454,20.871599197387695,331.40399169921875,183.82000732421875,0.8677800297737122,211.8159942626953,105.72699737548828,113.6520004272461,197.26600646972656,1.738420009613037,1.6171200275421143,4604.2998046875,84.61000061035156,2359.60009765625,5.985000133514404,59.5,63.869998931884766,3.4089999198913574,421.5,1033.0,511.25,356.04998779296875,14.84000015258789,5443.0,64.91000366210938,235.25,84.42500305175781,1921.300048828125,1.7937999963760376,2.154400110244751,15.119999885559082,98.86000061035156,4.186999797821045,3.5329999923706055,6977.27001953125,49590.19921875,23733.900390625,10140.7001953125,51939.890625
2026-01-13,1.1666978597640991,1.3465656042099,157.98599243164062,0.6707807779312134,1.3875700235366821,0.7973600029945374,0.5773205757141113,90.13269805908203,6.973100185394287,1.2855900526046753,7.79640007019043,1464.9300537109375,5.373700141906738,17.909099578857422,43.14179992675781,16.37459945678711,10.065580368041992,9.166379928588867,6.4038801193237305,3.6081900596618652,20.792600631713867,331.46099853515625,184.32200622558594,0.8663899898529053,212.7259979248047,105.96800231933594,113.84600067138672,198.12600708007812,1.7392499446868896,1.6187299489974976,4589.2001953125,85.87699890136719,2333.800048828125,5.96999979019165,61.150001525878906,65.47000122070312,3.4189999103546143,419.75,1023.25,510.5,360.25,14.890000343322754,5224.0,64.87999725341797,237.25,84.625,1900.4000244140625,1.8265000581741333,2.2383999824523926,15.979999542236328,99.12999725341797,4.171000003814697,3.559999942779541,6963.740234375,49191.98828125,23709.869140625,10137.400390625,53549.16015625
2026-01-14,1.164252758026123,1.3426783084869385,159.1790008544922,0.6683598756790161,1.3886499404907227,0.801010012626648,0.5739309191703796,90.27300262451172,6.977499961853027,1.2888699769973755,7.800779819488525,1473.010009765625,5.371300220489502,17.82360076904297,43.152400970458984,16.38578987121582,10.085229873657227,9.221590042114258,6.417220115661621,3.617259979248047,20.799999237060547,331.3810119628906,185.32400512695312,0.867110013961792,213.70799255371094,106.37899780273438,114.62000274658203,198.6920623779297,1.7419300079345703,1.6166000366210938,4626.2998046875,90.86900329589844,2367.10009765625,6.008999824523926,62.02000045776367,66.5199966430664,3.119999885559082,422.0,1030.5,512.5,356.0,14.680000305175781,5090.0,64.98999786376953,235.14999389648438,85.69999694824219,1886.9000244140625,1.830399990081787,2.281899929046631,16.75,99.12999725341797,4.139999866485596,3.559999942779541,6926.60009765625,49149.62890625,23471.75,10184.400390625,54341.23046875
2026-01-15,1.1646324396133423,1.344266653060913,158.40199279785156,0.6682798862457275,1.3884600400924683,0.7997199892997742,0.5744815468788147,90.18319702148438,6.9730000495910645,1.2875299453735352,7.797699928283691,1462.9000244140625,5.396100044250488,17.785499572753906,43.16960144042969,16.38875961303711,10.053810119628906,9.192850112915039,6.415070056915283,3.6149001121520996,20.79560089111328,331.3370056152344,184.4739990234375,0.8664100170135498,212.8979949951172,105.85199737548828,114.08799743652344,198.0589599609375,1.7426600456237793,1.6167000532150269,4616.2998046875,91.8759994506836,2390.0,5.947999954223633,59.189998626708984,63.7599983215332,3.128000020980835,420.25,1053.0,510.5,358.1000061035156,14.569999694824219,4966.0,64.70999908447266,236.0500030517578,87.80000305175781,1859.0,1.7838000059127808,2.2083001136779785,15.84000015258789,99.31999969482422,4.159999847412109,3.565000057220459,6944.47021484375,49442.44140625,23530.01953125,10238.900390625,54110.5
2026-01-16,1.1609008312225342,1.3381328582763672,158.5959930419922,0.6704210042953491,1.3888399600982666,0.8034200072288513,0.5743601322174072,90.36160278320312,6.966000080108643,1.2878899574279785,7.797399997711182,1468.8399658203125,5.3678998947143555,17.65329933166504,43.27220153808594,16.3302001953125,10.106900215148926,9.212969779968262,6.435850143432617,3.626149892807007,20.90369987487793,331.4939880371094,184.10899353027344,0.8675000071525574,212.218994140625,106.2770004272461,114.18499755859375,197.37892150878906,1.7321900129318237,1.6121699810028076,4588.39990234375,88.09100341796875,2303.800048828125,5.78849983215332,59.439998626708984,64.12999725341797,3.1029999256134033,424.75,1057.75,518.0,355.29998779296875,14.960000038146973,5076.0,64.66000366210938,232.14999389648438,88.2750015258789,1805.199951171875,1.7851999998092651,2.237600088119507,15.859999656677246,99.38999938964844,4.230999946594238,3.556999921798706,6940.009765625,49359.328125,23515.390625,10235.2998046875,53936.171875
2026-01-19,1.162493348121643,1.3404287099838257,157.53500366210938,0.6687598824501038,1.3899400234222412,0.7987200021743774,0.5763389468193054,90.7020034790039,6.968100070953369,1.2867499589920044,7.797239780426025,1471.5799560546875,5.367700099945068,17.63265037536621,43.26826858520508,16.408000946044922,10.071680068969727,9.200860023498535,6.427420139312744,3.6311299800872803,20.864200592041016,331.1090087890625,183.1230010986328,0.8672299981117249,211.13999938964844,105.3489990234375,113.3290023803711,197.21836853027344,1.738029956817627,1.6156799793243408,4588.39990234375,88.09100341796875,2303.800048828125,5.78849983215332,59.439998626708984,64.12999725341797,3.1029999256134033,424.75,1057.75,518.0,355.29998779296875,14.960000038146973,5076.0,64.66000366210938,232.14999389648438,88.2750015258789,1805.199951171875,1.7851999998092651,2.237600088119507,15.859999656677246,99.38999938964844,4.230999946594238,3.556999921798706,6940.009765625,49359.328125,23515.390625,10195.400390625,53583.5703125
2026-01-20,1.1639139652252197,1.3418315649032593,158.177001953125,0.6709878444671631,1.3874000310897827,0.7978900074958801,0.5793507695198059,90.90450286865234,6.968100070953369,1.2852200269699097,7.7967000007629395,1471.52001953125,5.36870002746582,17.57710075378418,43.276100158691406,16.370819091796875,10.061779975891113,9.202890396118164,6.418079853057861,3.6259000301361084,20.869400024414062,331.03900146484375,184.10299682617188,0.86735999584198,212.23699951171875,106.12699890136719,114.0009994506836,198.22300720214844,1.7345499992370605,1.614650011062622,4759.60009765625,94.20600128173828,2431.5,5.7729997634887695,60.34000015258789,64.91999816894531,3.9070000648498535,423.75,1053.0,510.25,346.5,14.720000267028809,4648.0,64.33999633789062,232.375,87.8499984741211,1890.9000244140625,1.823799967765808,2.3385000228881836,20.09000015258789,98.63999938964844,4.295000076293945,3.572000026702881,6796.85986328125,48488.58984375,22954.3203125,10126.7998046875,52991.1015625
2026-01-21,1.1727865934371948,1.344085931777954,158.16200256347656,0.6731699109077454,1.3832999467849731,0.7894999980926514,0.5827301740646362,91.11840057373047,6.95989990234375,1.2837899923324585,7.799200057983398,1477.780029296875,5.374300003051758,17.591999053955078,43.289398193359375,16.41029930114746,9.993260383605957,9.121990203857422,6.370039939880371,3.600800037384033,20.728099822998047,328.1199951171875,185.48199462890625,0.8725000023841858,212.56399536132812,106.45999908447266,114.3290023803711,200.26800537109375,1.742050051689148,1.622189998626709,4831.7998046875,92.20999908447266,2480.39990234375,5.729499816894531,60.619998931884766,65.23999786376953,4.875,421.75,1064.5,507.75,347.5,14.739999771118164,4448.0,64.30000305175781,233.10000610351562,87.8499984741211,1865.199951171875,1.8573999404907227,2.430500030517578,16.899999618530273,98.76000213623047,4.252999782562256,3.5880000591278076,6875.6201171875,49077.23046875,23224.8203125,10138.099609375,52774.640625
2026-01-22,1.1672970056533813,1.3419395685195923,158.45599365234375,0.6754794120788574,1.3843200206756592,0.7963899970054626,0.5838188529014587,91.53690338134766,6.963699817657471,1.285290002822876,7.797100067138672,1464.8299560546875,5.31879997253418,17.482500076293945,43.295799255371094,16.262710571289062,9.965239524841309,9.114890098571777,6.399439811706543,3.6068100929260254,20.825700759887695,328.8699951171875,184.9600067138672,0.8698099851608276,212.6199951171875,107.01699829101562,114.46600341796875,198.9545135498047,1.7279800176620483,1.6156200170516968,4908.7998046875,95.97599792480469,2561.800048828125,5.742499828338623,59.36000061035156,64.05999755859375,5.045000076293945,424.0,1064.0,515.5,347.70001220703125,14.960000038146973,4469.0,63.880001068115234,232.375,88.4749984741211,1910.300048828125,1.817199945449829,2.36680006980896,15.640000343322754,98.36000061035156,4.249000072479248,3.5880000591278076,6913.35009765625,49384.01171875,23436.01953125,10150.099609375,53688.890625
2026-01-23,1.1754610538482666,1.3501288890838623,158.50100708007812,0.6840506792068481,1.3784099817276,0.7889999747276306,0.5916704535484314,91.55829620361328,6.972599983215332,1.2800999879837036,7.7967400550842285,1463.260009765625,5.283699989318848,17.46809959411621,43.339900970458984,16.12579917907715,9.847800254821777,9.00238037109375,6.35368013381958,3.5703001022338867,20.638999938964844,324.79998779296875,186.2899932861328,0.8705899715423584,213.9720001220703,108.40299987792969,114.97699737548828,200.85800170898438,1.718309998512268,1.6201499700546265,4976.2001953125,100.92500305175781,2722.10009765625,5.910999774932861,61.06999969482422,65.87999725341797,5.275000095367432,430.5,1067.75,529.5,350.8999938964844,14.729999542236328,4201.0,63.810001373291016,234.89999389648438,88.3499984741211,2010.0,1.8509999513626099,2.428499937057495,16.09000015258789,97.5999984741211,4.238999843597412,3.5820000171661377,6915.60986328125,49098.7109375,23501.240234375,10143.400390625,53846.87109375
2026-01-26,1.1858457326889038,1.3662508726119995,155.16600036621094,0.691399872303009,1.3701900243759155,0.7778699994087219,0.596039891242981,91.5009994506836,6.972599983215332,1.2711199522018433,7.79472017288208,1444.81005859375,5.288899898529053,17.370479583740234,43.38639831542969,16.04631996154785,9.740229606628418,8.911060333251953,6.297510147094727,3.547689914703369,20.4419002532959,321.6440124511719,183.9949951171875,0.8678799867630005,211.9810028076172,107.27300262451172,113.23699951171875,199.4347686767578,1.7149900197982788,1.6245700120925903,5079.7001953125,115.08000183105469,2852.39990234375,5.984000205993652,60.630001068115234,65.58999633789062,6.800000190734863,428.25,1061.75,522.5,356.25,14.789999961853027,4348.0,62.970001220703125,236.02499389648438,88.30000305175781,2169.89990234375,1.820099949836731,2.568000078201294,16.149999618530273,97.04000091552734,4.2129998207092285,3.575000047683716,6950.22998046875,49412.3984375,23601.359375,10148.900390625,52885.25
2026-01-27,1.1876484155654907,1.3677457571029663,154.33599853515625,0.691472053527832,1.3711999654769897,0.777239978313446,0.5970701575279236,91.71309661865234,6.95419979095459,1.2700999975204468,7.7971601486206055,1440.97998046875,5.279099941253662,17.35540008544922,43.38180160522461,16.014999389648438,9.7716703414917,8.937820434570312,6.28849983215332,3.5403099060058594,20.400999069213867,321.04901123046875,183.27000427246094,0.8682000041007996,211.08200073242188,106.71099853515625,112.52999877929688,198.53878784179688,1.717360019683838,1.6283199787139893,5079.89990234375,105.52300262451172,2513.199951171875,5.828499794006348,62.38999938964844,67.56999969482422,6.953999996185303,426.5,1067.25,523.25,367.25,14.829999923706055,4433.0,63.83000183105469,235.60000610351562,89.05000305175781,1861.800048828125,1.8652000427246094,2.646199941635132,16.350000381469727,96.22000122070312,4.2230000495910645,3.569999933242798,6978.60009765625,49003.41015625,23817.099609375,10207.7998046875,53333.5390625
2026-01-28,1.2017642259597778,1.3824374675750732,152.4530029296875,0.6995800137519836,1.3591500520706177,0.7631999850273132,0.6027800440788269,91.5343017578125,6.954500198364258,1.260699987411499,7.80010986328125,1432.510009765625,5.183599948883057,17.162500381469727,43.41460037231445,15.857760429382324,9.588350296020508,8.78439998626709,6.213220119476318,3.4925100803375244,20.154199600219727,315.6099853515625,183.20700073242188,0.8692600131034851,210.75,106.6500015258789,112.15399932861328,199.71800231933594,1.7176799774169922,1.6331199407577515,5301.60009765625,113.11100006103516,2605.699951171875,5.892499923706055,63.209999084472656,68.4000015258789,7.460000038146973,430.0,1075.0,536.0,351.0,14.710000038146973,4150.0,63.72999954223633,236.8249969482422,87.94999694824219,2025.4000244140625,1.892300009727478,2.666100025177002,16.350000381469727,96.44999694824219,4.250999927520752,3.5820000171661377,6978.02978515625,49015.6015625,23857.44921875,10154.400390625,53358.7109375
2026-01-29,1.1977769136428833,1.382533073425293,153.0959930419922,0.7039799094200134,1.353790044784546,0.7657399773597717,0.6065311431884766,92.04080200195312,6.954500198364258,1.2613199949264526,7.801799774169922,1429.27001953125,5.1971001625061035,17.149900436401367,43.40729904174805,15.710020065307617,9.567660331726074,8.815130233764648,6.2339701652526855,3.50954008102417,20.265499114990234,317.20001220703125,183.36000061035156,0.8662999868392944,211.63900756835938,107.76899719238281,113.08000183105469,199.88299560546875,1.7008999586105347,1.6211999654769897,5318.39990234375,114.03700256347656,2597.39990234375,6.17549991607666,65.41999816894531,70.70999908447266,3.9179999828338623,430.75,1072.25,541.5,345.5,14.699999809265137,4177.0,63.47999954223633,235.5,87.69999694824219,2000.5999755859375,1.9199999570846558,2.585400104522705,16.8799991607666,96.27999877929688,4.2270002365112305,3.5799999237060547,6969.009765625,49071.55859375,23685.119140625,10171.7998046875,53375.6015625
2026-01-30,1.19657301902771,1.380643367767334,153.16200256347656,0.7047300934791565,1.3492000102996826,0.7644100189208984,0.6075703501701355,91.78189849853516,6.947999954223633,1.2638700008392334,7.805530071258545,1428.760009765625,5.189199924468994,17.22517967224121,43.455101013183594,15.7183198928833,9.533720016479492,8.802579879760742,6.240109920501709,3.513849973678589,20.322599411010742,317.5799865722656,183.26600646972656,0.8666599988937378,211.42999267578125,107.93099975585938,113.51000213623047,200.32899475097656,1.6978600025177002,1.614259958267212,4713.89990234375,78.29000091552734,2102.800048828125,5.896999835968018,65.20999908447266,70.69000244140625,4.354000091552734,428.25,1064.25,538.0,332.25,14.270000457763672,4165.0,63.16999816894531,235.85000610351562,87.25,1688.300048828125,1.9227999448776245,2.735599994659424,17.440000534057617,96.98999786376953,4.241000175476074,3.572000026702881,6939.02978515625,48892.46875,23461.8203125,10223.5,53322.8515625
2026-02-02,1.1849182844161987,1.3679141998291016,155.20199584960938,0.6946277618408203,1.3635799884796143,0.7735599875450134,0.6014494895935059,91.68699645996094,6.951000213623047,1.272189974784851,7.80974006652832,1448.800048828125,5.255000114440918,17.466890335083008,43.48197937011719,16.137269973754883,9.63683032989502,8.917909622192383,6.301680088043213,3.5548300743103027,20.513999938964844,320.406005859375,183.89199829101562,0.8661999702453613,212.28199768066406,107.79299926757812,113.80999755859375,200.59719848632812,1.7057700157165527,1.6156200170516968,4622.5,76.77799987792969,2093.5,5.801499843597412,62.13999938964844,66.30000305175781,3.236999988555908,425.75,1060.25,527.75,333.25,14.260000228881836,4210.0,62.66999816894531,238.1750030517578,87.75,1689.9000244140625,1.8514000177383423,2.359800100326538,16.34000015258789,97.61000061035156,4.275000095367432,3.578000068664551,6976.43994140625,49407.66015625,23592.109375,10341.599609375,52655.1796875
2026-02-03,1.1798714399337769,1.367315649986267,155.4429931640625,0.6955500841140747,1.3673700094223022,0.779009997844696,0.6010915637016296,90.24559783935547,6.946300029754639,1.2716100215911865,7.810090065002441,1452.5400390625,5.259399890899658,17.37529945373535,43.47489929199219,16.053630828857422,9.688309669494629,8.960490226745605,6.329219818115234,3.576780080795288,20.591699600219727,322.614990234375,183.3939971923828,0.8628699779510498,212.5229949951172,108.10800170898438,113.67400360107422,199.52000427246094,1.6962000131607056,1.61312997341156,4903.7001953125,83.04199981689453,2195.60009765625,6.0625,63.209999084472656,67.33000183105469,3.311000108718872,428.5,1065.75,528.75,317.1000061035156,14.630000114440918,4300.0,62.310001373291016,240.3249969482422,88.55000305175781,1746.0999755859375,1.8978999853134155,2.4093000888824463,18.0,97.44000244140625,4.27400016784668,3.5899999141693115,6917.81005859375,49240.98828125,23255.189453125,10314.599609375,54720.66015625
2026-02-04,1.1816140413284302,1.3697504997253418,155.7989959716797,0.7022520899772644,1.3639400005340576,0.7757599949836731,0.6042186617851257,90.42289733886719,6.937699794769287,1.2699899673461914,7.813399791717529,1446.6800537109375,5.237500190734863,17.238399505615234,43.49100112915039,15.931839942932129,9.616310119628906,8.898249626159668,6.320429801940918,3.5713999271392822,20.57159996032715,322.1289978027344,184.0800018310547,0.8625800013542175,213.3939971923828,109.37999725341797,114.2229995727539,200.8104705810547,1.6824599504470825,1.611430048942566,4920.39990234375,84.16500091552734,2162.699951171875,5.826000213623047,65.13999938964844,69.45999908447266,3.4649999141693115,429.5,1092.25,526.75,308.6499938964844,14.4399995803833,4086.0,62.2400016784668,240.52499389648438,88.0,1726.199951171875,1.9651999473571777,2.4700000286102295,18.639999389648438,97.62000274658203,4.275000095367432,3.5950000286102295,6882.72021484375,49501.30078125,22904.580078125,10402.2998046875,54293.359375
2026-02-05,1.180163860321045,1.3644611835479736,156.91700744628906,0.699440062046051,1.366919994354248,0.7773100137710571,0.5998188257217407,90.125,6.937699794769287,1.272779941558838,7.81220006942749,1460.1099853515625,5.23799991607666,17.32438087463379,43.519500732421875,16.07012939453125,9.668899536132812,8.982930183410645,6.327089786529541,3.5706000328063965,20.639699935913086,321.4809875488281,185.18299865722656,0.8648999929428101,214.08999633789062,109.7490005493164,114.78700256347656,201.84962463378906,1.687190055847168,1.6131399869918823,4861.39990234375,76.52899932861328,2061.60009765625,5.798999786376953,63.290000915527344,67.55000305175781,3.509000062942505,435.0,1112.25,535.25,308.3999938964844,14.270000457763672,4209.0,61.7599983215332,235.25,87.30000305175781,1688.9000244140625,1.9265999794006348,2.393199920654297,21.770000457763672,97.81999969482422,4.210000038146973,3.578000068664551,6798.39990234375,48908.71875,22540.58984375,10309.2001953125,53818.0390625
2026-02-06,1.177786946296692,1.3520822525024414,156.78399658203125,0.6916399002075195,1.3712199926376343,0.7777000069618225,0.5938912630081177,90.3147964477539,6.93779993057251,1.2755800485610962,7.813700199127197,1470.6800537109375,5.270500183105469,17.503599166870117,43.60929870605469,16.241300582885742,9.798999786376953,9.055379867553711,6.340000152587891,3.584749937057495,20.574199676513672,322.2349853515625,184.6490020751953,0.8709999918937683,211.9969940185547,108.4260025024414,114.33599853515625,201.58099365234375,1.7027599811553955,1.614400029182434,4951.2001953125,76.73500061035156,2093.300048828125,5.863500118255615,63.54999923706055,68.05000305175781,3.421999931335449,430.25,1115.25,529.75,296.54998779296875,14.109999656677246,4197.0,61.060001373291016,237.75,87.375,1732.699951171875,1.9531999826431274,2.413300037384033,20.3700008392334,97.62999725341797,4.205999851226807,3.5899999141693115,6932.2998046875,50115.671875,23031.2109375,10369.7998046875,54253.6796875
2026-02-09,1.182578206062317,1.3608959913253784,157.24400329589844,0.7033699154853821,1.3658900260925293,0.7758299708366394,0.6032381653785706,90.58799743652344,6.938799858093262,1.2711299657821655,7.812469959259033,1462.4000244140625,5.21589994430542,17.251699447631836,43.46875,15.992159843444824,9.678560256958008,8.9993896484375,6.315100193023682,3.564460039138794,20.473400115966797,318.8529968261719,185.9499969482422,0.868910014629364,213.98300170898438,110.59300231933594,115.11399841308594,202.6510009765625,1.6811100244522095,1.6151299476623535,5050.89990234375,82.06500244140625,2108.89990234375,5.945000171661377,64.36000061035156,69.04000091552734,3.138000011444092,428.75,1110.75,528.75,299.8500061035156,14.350000381469727,4102.0,61.61000061035156,239.3000030517578,87.0999984741211,1737.0999755859375,1.9854999780654907,2.4168999195098877,17.360000610351562,96.81999969482422,4.197999954223633,3.5929999351501465,6964.81982421875,50135.87109375,23238.669921875,10386.2001953125,56363.94140625
2026-02-10,1.1904053688049316,1.368344783782959,156.1320037841797,0.7083597779273987,1.356220006942749,0.7671200037002563,0.605279266834259,90.82279968261719,6.921999931335449,1.2658900022506714,7.814640045166016,1458.5400390625,5.1915998458862305,17.208799362182617,43.58409881591797,15.894000053405762,9.577549934387207,8.920740127563477,6.275700092315674,3.533179998397827,20.322399139404297,316.14300537109375,185.85499572753906,0.8699100017547607,213.60000610351562,110.58799743652344,115.11199951171875,203.4986572265625,1.6803499460220337,1.6143499612808228,5003.7998046875,80.21800231933594,2091.60009765625,5.895999908447266,63.959999084472656,68.80000305175781,3.115000009536743,428.75,1122.5,528.25,294.20001220703125,14.119999885559082,3805.0,61.59000015258789,239.10000610351562,86.8499984741211,1722.699951171875,1.9592000246047974,2.3987998962402344,17.790000915527344,96.80000305175781,4.146999835968018,3.5899999141693115,6941.81005859375,50188.140625,23102.470703125,10353.7998046875,57650.5390625
2026-02-11,1.1889617443084717,1.3634566068649292,154.48199462890625,0.7074797749519348,1.3552000522613525,0.7685700058937073,0.6041712164878845,90.58789825439453,6.910600185394287,1.2653700113296509,7.817800045013428,1455.3299560546875,5.196199893951416,17.183900833129883,43.627498626708984,15.92609977722168,9.514320373535156,8.885109901428223,6.283699989318848,3.546190023422241,20.371599197387695,317.7569885253906,183.656005859375,0.871940016746521,210.61000061035156,109.28199768066406,113.9800033569336,200.96231079101562,1.6803799867630005,1.6110899448394775,5071.60009765625,83.75399780273438,2137.89990234375,5.948999881744385,64.62999725341797,69.4000015258789,3.1589999198913574,427.5,1124.0,537.25,294.79998779296875,13.84000015258789,3762.0,61.9900016784668,242.35000610351562,86.9000015258789,1735.300048828125,1.9788999557495117,2.4403998851776123,17.649999618530273,96.83000183105469,4.171999931335449,3.5999999046325684,6941.47021484375,50121.3984375,23066.470703125,10472.099609375,57650.5390625
2026-02-12,1.1876062154769897,1.362399697303772,153.2689971923828,0.7125298380851746,1.3575400114059448,0.7711399793624878,0.6048911213874817,90.73570251464844,6.912499904632568,1.2619400024414062,7.815999984741211,1444.18994140625,5.198699951171875,17.19301986694336,43.63610076904297,15.869400024414062,9.481949806213379,8.888059616088867,6.290249824523926,3.548029899597168,20.406999588012695,319.1099853515625,182.02099609375,0.8716599941253662,208.79800415039062,109.20099639892578,112.9020004272461,198.73519897460938,1.666659951210022,1.6120699644088745,4923.7001953125,75.5459976196289,2014.0,5.770999908447266,62.84000015258789,67.5199966430664,3.2170000076293945,431.25,1137.25,552.5,299.6499938964844,13.75,3632.0,62.290000915527344,242.5,86.75,1650.300048828125,1.9158999919891357,2.392699956893921,20.81999969482422,96.93000030517578,4.104000091552734,3.5980000495910645,6832.759765625,49451.98046875,22597.150390625,10402.400390625,57639.83984375
2026-02-13,1.1868449449539185,1.3620266914367676,152.8209991455078,0.7087101936340332,1.3610700368881226,0.7695500254631042,0.6032600402832031,90.56410217285156,6.900100231170654,1.2623499631881714,7.816500186920166,1440.9000244140625,5.213900089263916,17.207000732421875,43.72809982299805,15.947830200195312,9.531390190124512,8.923110008239746,6.293519973754883,3.549299955368042,20.402299880981445,318.9169921875,181.3719940185547,0.8714399933815002,208.1060028076172,108.29900360107422,112.26599884033203,198.5590057373047,1.6744999885559082,1.6153000593185425,5022.0,77.85099792480469,2071.199951171875,5.792500019073486,62.88999938964844,67.75,3.243000030517578,431.75,1133.0,548.75,300.04998779296875,13.779999732971191,3581.0,62.11000061035156,243.0749969482422,86.94999694824219,1697.5,1.9110000133514404,2.3879001140594482,20.600000381469727,96.87999725341797,4.056000232696533,3.5929999351501465,6836.169921875,49500.9296875,22546.669921875,10446.400390625,56941.96875
2026-02-16,1.1867464780807495,1.3647778034210205,152.7790069580078,0.7070400714874268,1.3617899417877197,0.7682099938392639,0.6033801436424255,90.57119750976562,6.9079999923706055,1.2625399827957153,7.815899848937988,1439.52001953125,5.217899799346924,17.161109924316406,43.69063186645508,15.928319931030273,9.47638988494873,8.905179977416992,6.2947797775268555,3.5463600158691406,20.433900833129883,318.9750061035156,181.30499267578125,0.8694999814033508,208.49600219726562,108.01599884033203,112.18000030517578,198.78143310546875,1.6783900260925293,1.6159499883651733,5022.0,77.85099792480469,2071.199951171875,5.792500019073486,62.88999938964844,67.75,3.243000030517578,431.75,1133.0,548.75,300.04998779296875,13.779999732971191,3581.0,62.11000061035156,243.0749969482422,86.94999694824219,1697.5,1.9110000133514404,2.3879001140594482,20.600000381469727,96.87999725341797,4.056000232696533,3.5929999351501465,6836.169921875,49500.9296875,22546.669921875,10473.7001953125,56806.41015625
2026-02-17,1.1849884986877441,1.3627691268920898,153.60899353027344,0.7072985768318176,1.3636200428009033,0.769599974155426,0.6032018065452576,90.78299713134766,6.9079999923706055,1.2624200582504272,7.815899848937988,1440.22998046875,5.243899822235107,17.166149139404297,43.722801208496094,15.95740032196045,9.499019622802734,8.938400268554688,6.304059982299805,3.5547900199890137,20.464099884033203,318.37701416015625,182.0229949951172,0.8695200085639954,209.32000732421875,108.63899993896484,112.63999938964844,199.53086853027344,1.675279974937439,1.615689992904663,4882.89990234375,73.4469985961914,2012.5,5.632999897003174,62.33000183105469,67.41999816894531,3.0309998989105225,426.25,1134.0,537.75,284.6000061035156,13.859999656677246,3384.0,61.52000045776367,246.5500030517578,92.30000305175781,1675.199951171875,1.9143999814987183,2.3905999660491943,20.290000915527344,97.16000366210938,4.052000045776367,3.5929999351501465,6843.22021484375,49533.19140625,22578.380859375,10556.2001953125,56566.48828125
2026-02-18,1.185185194015503,1.3564472198486328,153.1490020751953,0.708320140838623,1.3637700080871582,0.7702000141143799,0.6048911213874817,90.6261978149414,6.9079999923706055,1.2626800537109375,7.815499782562256,1439.969970703125,5.2204999923706055,17.11840057373047,43.734500885009766,16.025100708007812,9.531000137329102,8.963239669799805,6.303160190582275,3.5559000968933105,20.460800170898438,318.6700134277344,181.5,0.8736799955368042,207.72799682617188,108.45999908447266,112.29199981689453,198.78399658203125,1.6730200052261353,1.6161999702453613,4986.5,77.50900268554688,2106.39990234375,5.793499946594238,65.19000244140625,70.3499984741211,3.010999917984009,427.0,1133.5,547.0,287.54998779296875,14.170000076293945,3226.0,61.54999923706055,246.60000610351562,92.55000305175781,1751.300048828125,1.968000054359436,2.518699884414673,19.6200008392334,97.69999694824219,4.078999996185303,3.6029999256134033,6881.31005859375,49662.66015625,22753.630859375,10686.2001953125,57143.83984375
2026-02-19,1.1788839101791382,1.349582314491272,154.6929931640625,0.704379141330719,1.3696099519729614,0.7721999883651733,0.5967797636985779,90.79350280761719,6.9079999923706055,1.267199993133545,7.815700054168701,1440.1600341796875,5.234399795532227,17.20854949951172,43.763999938964844,16.06279945373535,9.523619651794434,9.036250114440918,6.3371100425720215,3.5750300884246826,20.541799545288086,321.24798583984375,182.35299682617188,0.873449981212616,208.7530059814453,108.9520034790039,112.93900299072266,200.24156188964844,1.6735299825668335,1.6145000457763672,4975.89990234375,77.56500244140625,2062.300048828125,5.730000019073486,66.43000030517578,71.66000366210938,2.996000051498413,425.75,1141.0,559.5,287.3999938964844,14.069999694824219,2968.0,61.93000030517578,247.5,93.44999694824219,1690.4000244140625,2.0065999031066895,2.6147000789642334,20.229999542236328,97.93000030517578,4.074999809265137,3.5950000286102295,6861.89013671875,49395.16015625,22682.73046875,10627.0,57467.828125
2026-02-20,1.1769136190414429,1.3461124897003174,155.16000366210938,0.7056102752685547,1.3686800003051758,0.7753400206565857,0.5971004962921143,91.04109954833984,6.908100128173828,1.2684299945831299,7.814899921417236,1447.75,5.208799839019775,17.256729125976562,43.83829879760742,16.13558006286621,9.553779602050781,9.065389633178711,6.348030090332031,3.5870800018310547,20.58799934387207,322.0270080566406,182.60899353027344,0.8742499947547913,208.84500122070312,109.4729995727539,113.35800170898438,200.0931396484375,1.667829990386963,1.6105799674987793,5059.2998046875,82.28299713134766,2169.699951171875,5.830999851226807,66.38999938964844,71.76000213623047,3.046999931335449,427.5,1137.5,573.5,288.29998779296875,14.300000190734863,3080.0,63.029998779296875,246.5749969482422,93.67500305175781,1774.199951171875,1.9973000288009644,2.5857999324798584,19.09000015258789,97.80000305175781,4.085999965667725,3.5950000286102295,6909.509765625,49625.96875,22886.0703125,10686.900390625,56825.69921875
2026-02-23,1.1834739446640015,1.3533265590667725,154.33900451660156,0.7111399173736572,1.3648500442504883,0.7717000246047974,0.6003986597061157,90.72660064697266,6.9079999923706055,1.264140009880066,7.813469886779785,1443.43994140625,5.176499843597412,17.09827995300293,43.80820083618164,15.961400032043457,9.487970352172852,9.005990028381348,6.311620235443115,3.564889907836914,20.46649932861328,320.5790100097656,182.65699768066406,0.874459981918335,208.86700439453125,109.7509994506836,113.0739974975586,199.98138427734375,1.664080023765564,1.6151399612426758,5204.7001953125,86.52300262451172,2146.39990234375,5.7729997634887695,66.30999755859375,71.48999786376953,2.984999895095825,427.5,1134.25,569.5,281.1499938964844,14.449999809265137,3004.0,63.560001373291016,244.97500610351562,93.69999694824219,1772.199951171875,1.9891999959945679,2.6782000064849854,21.010000228881836,97.69999694824219,4.0289998054504395,3.5880000591278076,6837.75,48804.05859375,22627.26953125,10684.7001953125,56825.69921875
2026-02-24,1.1793843507766724,1.34969162940979,154.63499450683594,0.706070065498352,1.369379997253418,0.7742300033569336,0.596039891242981,91.02010345458984,6.9079999923706055,1.2661900520324707,7.818900108337402,1442.199951171875,5.170899868011475,17.259559631347656,43.84659957885742,15.999580383300781,9.559639930725098,9.059800148010254,6.334420204162598,3.5748000144958496,20.514299392700195,321.2650146484375,182.36900329589844,0.8737800121307373,208.6909942626953,109.16000366210938,112.91400146484375,199.68099975585938,1.670240044593811,1.6148300170898438,5155.7998046875,87.45700073242188,2181.10009765625,5.922999858856201,65.62999725341797,70.7699966430664,2.9149999618530273,427.75,1139.5,567.5,288.25,14.550000190734863,2997.0,63.560001373291016,245.02499389648438,95.80000305175781,1813.5,1.9714000225067139,2.6868999004364014,19.549999237060547,97.87999725341797,4.0329999923706055,3.5880000591278076,6890.06982421875,49174.5,22863.6796875,10680.599609375,57321.08984375
2026-02-25,1.1775233745574951,1.3497462272644043,155.8800048828125,0.7060999870300293,1.3700300455093384,0.7737299799919128,0.5965590476989746,90.91799926757812,6.8831000328063965,1.2662999629974365,7.822519779205322,1439.989990234375,5.1519999504089355,17.17889976501465,43.854801177978516,15.951399803161621,9.559009552001953,9.043869972229004,6.344699859619141,3.579040050506592,20.549999237060547,320.8900146484375,183.53500366210938,0.8723400235176086,210.3719940185547,110.03700256347656,113.76000213623047,201.40199279785156,1.6677600145339966,1.613010048866272,5206.39990234375,90.93900299072266,2325.60009765625,5.979499816894531,65.41999816894531,70.8499984741211,2.9690001010894775,430.5,1148.25,565.75,288.29998779296875,14.59000015258789,2957.0,64.16999816894531,246.0,96.19999694824219,1834.0999755859375,1.9914000034332275,2.6740000247955322,17.93000030517578,97.69999694824219,4.047999858856201,3.5880000591278076,6946.1298828125,49482.1484375,23152.080078125,10806.400390625,58583.12109375
2026-02-26,1.181516408920288,1.3558034896850586,156.1999969482422,0.7120498418807983,1.3675800561904907,0.7721400260925293,0.6000888347625732,90.95099639892578,6.869200229644775,1.2627500295639038,7.8196001052856445,1426.9300537109375,5.124199867248535,17.157529830932617,43.8650016784668,15.843179702758789,9.541720390319824,9.014969825744629,6.323150157928467,3.5653998851776123,20.48780059814453,317.1600036621094,184.5399932861328,0.871399998664856,211.76600646972656,111.19000244140625,114.20999908447266,202.24400329589844,1.6591999530792236,1.6155400276184082,5176.5,86.99800109863281,2230.699951171875,5.947000026702881,65.20999908447266,70.75,2.8269999027252197,433.25,1147.75,571.75,286.0,14.40999984741211,2974.0,63.36000061035156,246.0,95.7249984741211,1748.5999755859375,2.0322999954223633,2.612499952316284,18.6299991607666,97.79000091552734,4.017000198364258,3.5880000591278076,6908.85986328125,49499.19921875,22878.380859375,10846.7001953125,58753.390625
2026-02-27,1.1803030967712402,1.3491452932357788,155.85899353027344,0.71017986536026,1.3675800561904907,0.7732300162315369,0.5980217456817627,91.00740051269531,6.84089994430542,1.263200044631958,7.823279857635498,1432.3199462890625,5.136600017547607,17.202899932861328,43.95539855957031,15.9173002243042,9.549690246582031,9.048199653625488,6.3307600021362305,3.5772199630737305,20.525100708007812,317.97100830078125,183.94700622558594,0.8747699856758118,210.26499938964844,110.68000030517578,113.95500183105469,201.5189971923828,1.6618200540542603,1.613919973373413,5230.5,92.68199920654297,2365.60009765625,6.004499912261963,67.0199966430664,72.4800033569336,2.8589999675750732,438.75,1157.25,591.25,284.6000061035156,14.300000190734863,2798.0,63.61000061035156,244.0,95.7249984741211,1792.199951171875,2.077899932861328,2.6709001064300537,19.860000610351562,97.61000061035156,3.9619998931884766,3.578000068664551,6878.8798828125,48977.921875,22668.2109375,10910.599609375,58850.26953125
2026-03-02,1.1759449243545532,1.3406623601913452,156.63299560546875,0.7058109045028687,1.3668400049209595,0.7695299983024597,0.595770001411438,91.07959747314453,6.857900142669678,1.2695499658584595,7.8225998878479,1438.5,5.1296000480651855,17.316999435424805,43.9486083984375,16.059579849243164,9.512290000915527,9.072059631347656,6.352980136871338,3.5918900966644287,20.602800369262695,321.5989990234375,184.18600463867188,0.8770700097084045,209.98199462890625,110.5459976196289,114.58599853515625,203.52920532226562,1.6659799814224243,1.6071799993515015,5294.39990234375,88.28399658203125,2311.89990234375,5.894499778747559,71.2300033569336,77.73999786376953,2.9600000381469727,433.25,1150.0,574.5,288.3500061035156,13.90999984741211,2931.0,62.59000015258789,233.10000610351562,95.57499694824219,1762.5999755859375,2.3705999851226807,2.900399923324585,21.440000534057617,98.37999725341797,4.047999858856201,3.5899999141693115,6881.6201171875,48904.78125,22748.859375,10780.099609375,58057.23828125
2026-03-03,1.1697274446487427,1.3410578966140747,157.2570037841797,0.710580050945282,1.3671000003814697,0.7787100076675415,0.5948804616928101,91.56340026855469,6.881999969482422,1.272379994392395,7.82105016708374,1452.27001953125,5.170300006866455,17.30327033996582,43.96500015258789,16.07469940185547,9.573169708251953,9.155030250549316,6.386129856109619,3.620699882507324,20.73979949951172,324.2929992675781,183.92300415039062,0.8721299767494202,210.8730010986328,111.73500061035156,115.01699829101562,201.9080047607422,1.6458699703216553,1.5987900495529175,5107.39990234375,82.9229965209961,2074.800048828125,5.773499965667725,74.55999755859375,81.4000015258789,3.053999900817871,434.25,1155.75,572.25,286.95001220703125,13.930000305175781,2925.0,62.040000915527344,234.125,95.75,1635.0,2.45740008354187,3.1868999004364014,23.56999969482422,99.05000305175781,4.056000232696533,3.5950000286102295,6816.6298828125,48501.26953125,22516.689453125,10484.099609375,56279.05078125
2026-03-04,1.161224365234375,1.3353630304336548,157.7729949951172,0.7040701508522034,1.3674099445343018,0.7819200158119202,0.5889108180999756,92.00859832763672,6.899700164794922,1.2770099639892578,7.8047099113464355,1483.0699462890625,5.277299880981445,17.670869827270508,43.948001861572266,16.481090545654297,9.657429695129395,9.255009651184082,6.433350086212158,3.6919000148773193,20.97369956970215,332.39300537109375,183.20399475097656,0.8695999979972839,210.66000366210938,111.08000183105469,115.36599731445312,201.75918579101562,1.6491400003433228,1.5876599550247192,5120.2001953125,82.63300323486328,2154.699951171875,5.855000019073486,74.66000366210938,81.4000015258789,2.9170000553131104,431.75,1154.5,566.75,290.70001220703125,13.729999542236328,2968.0,62.15999984741211,238.35000610351562,97.07499694824219,1667.800048828125,2.514899969100952,3.293800115585327,21.149999618530273,98.7699966430664,4.079999923706055,3.5950000286102295,6869.5,48739.41015625,22807.48046875,10567.7001953125,54245.5390625
2026-03-05,1.1635618209838867,1.3369520902633667,156.98300170898438,0.7075998783111572,1.364400029182434,0.7791500091552734,0.5937607288360596,92.12300109863281,6.896999835968018,1.2747299671173096,7.817200183868408,1460.75,5.230100154876709,17.593059539794922,43.93980026245117,16.314889907836914,9.62285041809082,9.170439720153809,6.420259952545166,3.664289951324463,20.925600051879883,330.1189880371094,182.64100646972656,0.8702200055122375,209.85400390625,111.07099914550781,115.05000305175781,201.4558563232422,1.6441600322723389,1.587380051612854,5065.2998046875,81.68699645996094,2130.0,5.752999782562256,81.01000213623047,85.41000366210938,3.003000020980835,441.5,1163.75,582.75,293.0,13.720000267028809,2963.0,63.029998779296875,238.52499389648438,95.67500305175781,1620.199951171875,2.6709001064300537,3.614300012588501,23.75,99.31999969482422,4.145999908447266,3.5880000591278076,6830.7099609375,47954.73828125,22748.990234375,10413.900390625,55278.05859375
2026-03-06,1.1608065366744995,1.3357375860214233,157.53399658203125,0.7011299729347229,1.3669899702072144,0.7806599736213684,0.5897687077522278,91.78690338134766,6.896999835968018,1.2797000408172607,7.819210052490234,1479.510009765625,5.263400077819824,17.702600479125977,44.03340148925781,16.622779846191406,9.666950225830078,9.221190452575684,6.4359002113342285,3.6823999881744385,20.993499755859375,333.68701171875,182.86199951171875,0.8689900040626526,210.4149932861328,110.4469985961914,115.22699737548828,201.74696350097656,1.6554800271987915,1.5867199897766113,5146.10009765625,83.81600189208984,2142.39990234375,5.756999969482422,90.9000015258789,92.69000244140625,3.186000108718872,447.0,1185.0,611.25,297.6000061035156,14.100000381469727,3138.0,63.189998626708984,234.5749969482422,95.625,1631.699951171875,2.7465999126434326,3.6224000453948975,29.489999771118164,98.98999786376953,4.132999897003174,3.569999933242798,6740.02001953125,47501.55078125,22387.6796875,10284.7998046875,55620.83984375
2026-03-09,1.152325987815857,1.3301055431365967,158.427001953125,0.6966199278831482,1.3602099418640137,0.781220018863678,0.5850211381912231,91.93620300292969,6.896500110626221,1.2842700481414795,7.816470146179199,1483.8900146484375,5.243500232696533,17.992300033569336,44.083091735839844,16.769359588623047,9.634249687194824,9.2672700881958,6.48298978805542,3.7284200191497803,21.19300079345703,342.5559997558594,182.5469970703125,0.8662499785423279,210.71800231933594,110.35700225830078,116.45600128173828,202.7449951171875,1.653939962387085,1.567229986190796,5091.5,84.03199768066406,2169.60009765625,5.80049991607666,94.7699966430664,98.95999908447266,3.119999885559082,437.5,1180.5,598.0,301.75,14.59000015258789,3197.0,63.59000015258789,230.14999389648438,94.82499694824219,1662.199951171875,2.8083999156951904,3.5866000652313232,25.5,99.18000030517578,4.136000156402588,3.5929999351501465,6795.990234375,47740.80078125,22695.94921875,10249.5,52728.71875
2026-03-10,1.1617234945297241,1.3424980640411377,157.84800720214844,0.7068586349487305,1.358739972114563,0.7778800129890442,0.5927084684371948,91.220703125,6.910999774932861,1.2750799655914307,7.820509910583496,1464.469970703125,5.2052998542785645,17.673099517822266,44.07979965209961,16.32908058166504,9.589859962463379,9.141960144042969,6.431000232696533,3.6530001163482666,20.946300506591797,333.239990234375,183.35000610351562,0.8653200268745422,211.8699951171875,111.56700134277344,116.16999816894531,202.89044189453125,1.6433700323104858,1.5783400535583496,5229.7001953125,89.08300018310547,2235.0,5.9039998054504395,83.44999694824219,87.80000305175781,3.0199999809265137,436.25,1187.25,584.75,300.54998779296875,14.380000114440918,3356.0,65.30000305175781,232.375,96.07499694824219,1668.699951171875,2.6403000354766846,3.34660005569458,24.93000030517578,98.83000183105469,4.136000156402588,3.5950000286102295,6781.47998046875,47706.51171875,22697.099609375,10412.2001953125,54248.390625
2026-03-11,1.1611299514770508,1.3419036865234375,158.11399841308594,0.712100088596344,1.3582899570465088,0.778577983379364,0.5924416184425354,92.16510009765625,6.876500129699707,1.2730000019073486,7.823800086975098,1472.780029296875,5.162399768829346,17.589780807495117,44.088401794433594,16.281810760498047,9.629599571228027,9.162229537963867,6.434700012207031,3.672290086746216,20.98240089416504,332.739990234375,183.57699584960938,0.8651900291442871,212.15899658203125,112.55699920654297,116.39299774169922,203.05418395996094,1.630810022354126,1.576949954032898,5167.39990234375,85.06500244140625,2205.0,5.8454999923706055,87.25,91.9800033569336,3.2090001106262207,444.25,1200.5,588.5,292.0,14.25,3337.0,65.16999816894531,230.14999389648438,95.19999694824219,1624.4000244140625,2.788300037384033,3.678800106048584,24.229999542236328,99.2300033569336,4.208000183105469,3.5999999046325684,6775.7998046875,47417.26953125,22716.130859375,10353.7998046875,55025.37109375
2026-03-12,1.1543211936950684,1.338186502456665,159.0749969482422,0.7129209637641907,1.3601700067520142,0.7817400097846985,0.5895600914955139,92.22879791259766,6.865499973297119,1.27606999874115,7.825399875640869,1475.3399658203125,5.151400089263916,17.744600296020508,44.0984001159668,16.57607078552246,9.665249824523926,9.236920356750488,6.472700119018555,3.675869941711426,21.09950065612793,334.82598876953125,183.61900329589844,0.8626000285148621,212.87100219726562,113.40299987792969,116.9489974975586,203.46099853515625,1.618980050086975,1.5697300434112549,5115.7998046875,84.66999816894531,2160.0,5.82450008392334,95.7300033569336,100.45999908447266,3.2330000400543213,448.25,1213.0,592.25,296.5,14.380000114440918,3223.0,65.13999938964844,231.25,94.3499984741211,1621.9000244140625,2.964600086212158,3.898900032043457,27.290000915527344,99.73999786376953,4.2729997634887695,3.6050000190734863,6672.6201171875,46677.8515625,22311.98046875,10305.2001953125,54452.9609375
2026-03-13,1.1521666049957275,1.335250735282898,159.20599365234375,0.7075298428535461,1.36326003074646,0.7853400111198425,0.5852998495101929,92.38990020751953,6.868899822235107,1.278480052947998,7.827300071716309,1470.5799560546875,5.243899822235107,17.834299087524414,44.18539810180664,16.756179809570312,9.688199996948242,9.34302043914795,6.485010147094727,3.702660083770752,21.186800003051758,339.31201171875,183.4290008544922,0.862820029258728,212.56100463867188,112.63400268554688,116.76899719238281,202.66900634765625,1.628250002861023,1.5706000328063965,5052.5,80.91400146484375,2036.5999755859375,5.7144999504089355,98.70999908447266,103.13999938964844,3.13100004196167,452.5,1211.0,618.5,290.3500061035156,14.369999885559082,3205.0,65.8499984741211,230.89999389648438,93.44999694824219,1554.0999755859375,3.0413999557495117,4.014699935913086,27.190000534057617,100.36000061035156,4.284999847412109,3.6029999256134033,6632.18994140625,46558.46875,22105.359375,10261.2001953125,53819.609375
2026-03-16,1.1435105800628662,1.3247665166854858,159.5679931640625,0.7005700469017029,1.3711700439453125,0.7899199724197388,0.5797303318977356,92.5635986328125,6.896100044250488,1.2823699712753296,7.827079772949219,1501.75,5.329100131988525,17.886369705200195,44.17097091674805,16.8702392578125,9.760669708251953,9.446920394897461,6.5331501960754395,3.7314600944519043,21.381999969482422,342.14801025390625,182.45799255371094,0.8631299734115601,211.3699951171875,111.78099822998047,116.36399841308594,201.97132873535156,1.6321099996566772,1.567829966545105,4994.0,80.26300048828125,2089.5,5.790500164031982,93.5,100.20999908447266,3.0230000019073486,454.0,1155.25,597.25,297.75,14.1899995803833,3328.0,68.19000244140625,233.25,93.5,1584.5,3.0002999305725098,3.8375000953674316,23.510000228881836,99.70999908447266,4.21999979019165,3.6050000190734863,6699.3798828125,46946.41015625,22374.1796875,10317.7001953125,53751.1484375
2026-03-17,1.1499539613723755,1.3314337730407715,159.10499572753906,0.706848680973053,1.368399977684021,0.7880499958992004,0.5853704214096069,92.28269958496094,6.95550012588501,1.2782299518585205,7.829840183258057,1488.9100341796875,5.233399868011475,17.6835994720459,44.18349838256836,16.669099807739258,9.673190116882324,9.333459854125977,6.497700214385986,3.7044999599456787,21.24850082397461,339.427001953125,182.9499969482422,0.8636299967765808,211.82200622558594,112.447998046875,116.24400329589844,201.86793518066406,1.6267499923706055,1.57368004322052,5001.0,79.52999877929688,2131.800048828125,5.726500034332275,96.20999908447266,103.41999816894531,3.0329999923706055,454.0,1157.0,589.75,302.04998779296875,14.449999809265137,3349.0,68.7699966430664,235.22500610351562,93.7249984741211,1614.0,3.1233999729156494,4.0157999992370605,22.3700008392334,99.58000183105469,4.202000141143799,3.6050000190734863,6716.08984375,46993.26171875,22479.529296875,10403.599609375,53700.390625
2026-03-18,1.153948187828064,1.335951805114746,158.88900756835938,0.710909903049469,1.3689500093460083,0.7847700119018555,0.585919201374054,92.39129638671875,6.886300086975098,1.2762000560760498,7.83650016784668,1484.8699951171875,5.19290018081665,17.65298080444336,44.21540069580078,16.67259979248047,9.581290245056152,9.272809982299805,6.474760055541992,3.6897900104522705,21.15679931640625,336.0580139160156,183.36399841308594,0.8637599945068359,212.23699951171875,112.947998046875,116.06600189208984,202.4320068359375,1.6230100393295288,1.5796600580215454,4889.89990234375,77.23799896240234,2052.0,5.553999900817871,96.31999969482422,107.37999725341797,3.065000057220459,463.25,1161.75,604.25,299.70001220703125,14.800000190734863,3260.0,68.69999694824219,235.39999389648438,93.75,1517.0999755859375,3.0985000133514404,4.197800159454346,25.09000015258789,100.08999633789062,4.258999824523926,3.609999895095825,6624.7001953125,46225.1484375,22152.419921875,10305.2998046875,55239.3984375
2026-03-19,1.1464471817016602,1.32650625705719,159.7949981689453,0.7029501795768738,1.372939944267273,0.7926300168037415,0.5795589685440063,93.24659729003906,6.872600078582764,1.2833199501037598,7.836100101470947,1505.25,5.2621002197265625,17.842899322509766,44.319000244140625,16.964399337768555,9.600549697875977,9.397870063781738,6.517360210418701,3.726799964904785,21.343299865722656,342.1919860839844,183.1699981689453,0.8641700148582458,211.94000244140625,112.31099700927734,116.39800262451172,201.59500122070312,1.6307300329208374,1.573830008506775,4600.7001953125,70.9020004272461,1939.199951171875,5.433000087738037,96.13999938964844,108.6500015258789,3.1659998893737793,469.75,1168.5,608.0,306.20001220703125,15.369999885559082,3331.0,67.66999816894531,233.27499389648438,92.05000305175781,1434.5999755859375,3.1270999908447266,4.3420000076293945,24.059999465942383,99.2300033569336,4.281000137329102,3.611999988555908,6606.490234375,46021.4296875,22090.689453125,10063.5,53372.53125
2026-03-20,1.157755732536316,1.342570185661316,157.9239959716797,0.708109974861145,1.373579978942871,0.7886999845504761,0.5868303775787354,93.0822982788086,6.899799823760986,1.277500033378601,7.833600044250488,1489.8399658203125,5.219900131225586,17.738100051879883,44.3036994934082,16.722700119018555,9.490050315856934,9.287039756774902,6.452809810638428,3.681459903717041,21.12299919128418,336.4880065917969,182.822998046875,0.8622900247573853,212.01300048828125,111.81500244140625,114.95999908447266,200.174072265625,1.6348600387573242,1.5900499820709229,4570.39990234375,69.36000061035156,1970.5999755859375,5.34250020980835,98.31999969482422,112.19000244140625,3.0950000286102295,465.5,1161.25,595.25,309.75,15.699999809265137,3255.0,67.30999755859375,234.0500030517578,91.2750015258789,1424.800048828125,3.2862000465393066,4.608399868011475,26.780000686645508,99.6500015258789,4.390999794006348,3.618000030517578,6506.47998046875,45577.46875,21647.609375,9918.2998046875,53372.53125
2026-03-23,1.1560158729553223,1.3331555128097534,159.23399353027344,0.7007802128791809,1.3709800243377686,0.7878199815750122,0.5831209421157837,93.89530181884766,6.885700225830078,1.2819700241088867,7.833640098571777,1504.2099609375,5.3119001388549805,17.938600540161133,44.29280090332031,17.07794952392578,9.566550254821777,9.342849731445312,6.461719989776611,3.6911299228668213,21.130300521850586,338.8009948730469,184.07200622558594,0.8671000003814697,212.25999450683594,111.58100128173828,116.125,202.0880889892578,1.6495000123977661,1.5848300457000732,4404.10009765625,69.04900360107422,1860.300048828125,5.439499855041504,88.12999725341797,99.94000244140625,2.8910000324249268,459.5,1163.5,587.75,307.0,15.520000457763672,3180.0,67.18000030517578,235.3000030517578,90.80000305175781,1411.300048828125,2.974900007247925,4.056000232696533,26.149999618530273,98.94999694824219,4.334000110626221,3.611999988555908,6581.0,46208.46875,21946.759765625,9894.2001953125,51515.48828125
2026-03-24,1.1607122421264648,1.342426061630249,158.47900390625,0.7006098031997681,1.3730700016021729,0.7864000201225281,0.5853601694107056,93.24369812011719,6.880000114440918,1.275189995765686,7.834799766540527,1485.3599853515625,5.232900142669678,17.783649444580078,44.338600158691406,16.833229064941406,9.728249549865723,9.328149795532227,6.437170028686523,3.6632800102233887,21.006799697875977,333.5539855957031,183.92999267578125,0.8645899891853333,212.73599243164062,111.01000213623047,115.40499877929688,201.4199981689453,1.656690001487732,1.5937199592590332,4399.2998046875,69.27400207519531,1892.0,5.422500133514404,92.3499984741211,104.48999786376953,2.943000078201294,462.5,1155.0,590.0,317.8500061035156,15.880000114440918,3235.0,67.62000274658203,235.375,91.05000305175781,1411.199951171875,3.1480000019073486,4.290900230407715,26.950000762939453,99.43000030517578,4.392000198364258,3.619999885559082,6556.3701171875,46124.05859375,21761.890625,9965.2001953125,52252.28125
2026-03-25,1.16146719455719,1.3416335582733154,158.71800231933594,0.6996901631355286,1.3757200241088867,0.7879999876022339,0.5838086605072021,94.29969787597656,6.8917999267578125,1.2774100303649902,7.827610015869141,1497.31005859375,5.232600212097168,17.72909927368164,44.339298248291016,16.906160354614258,9.686420440673828,9.303000450134277,6.432600021362305,3.6739299297332764,21.03499984741211,335.1570129394531,184.34100341796875,0.8657000064849854,212.9320068359375,111.02999877929688,115.3499984741211,201.36599731445312,1.6598600149154663,1.5976999998092651,4549.7998046875,72.36100006103516,1925.199951171875,5.5289998054504395,90.31999969482422,102.22000122070312,2.9519999027252197,467.25,1171.75,597.75,316.1000061035156,15.550000190734863,3133.0,68.18000030517578,234.4250030517578,90.9000015258789,1416.0,3.012399911880493,4.00629997253418,25.329999923706055,99.5999984741211,4.328000068664551,3.619999885559082,6591.89990234375,46429.48828125,21929.8203125,10106.7998046875,53749.62109375
2026-03-26,1.1561496257781982,1.336362361907959,159.38400268554688,0.6942901611328125,1.3814200162887573,0.7915499806404114,0.5806391835212708,94.6937026977539,6.901000022888184,1.2810399532318115,7.818059921264648,1500.969970703125,5.236800193786621,17.777240753173828,44.35459899902344,16.977649688720703,9.679630279541016,9.348690032958984,6.462250232696533,3.6954400539398193,21.106700897216797,334.4150085449219,184.27099609375,0.865119993686676,212.98399353027344,110.64600372314453,115.37300109863281,201.31100463867188,1.6651300191879272,1.59660005569458,4375.5,67.6709976196289,1838.300048828125,5.446499824523926,94.4800033569336,108.01000213623047,2.999000072479248,467.0,1173.75,605.0,307.6499938964844,15.869999885559082,3164.0,69.41000366210938,235.10000610351562,90.82499694824219,1341.300048828125,3.130199909210205,4.273399829864502,27.440000534057617,99.9000015258789,4.415999889373779,3.619999885559082,6477.16015625,45960.109375,21408.080078125,9972.2001953125,53603.6484375
2026-03-27,1.1535090208053589,1.3335645198822021,159.70399475097656,0.6887398958206177,1.3851900100708008,0.7946799993515015,0.5761796236038208,94.30950164794922,6.910699844360352,1.2858200073242188,7.825699806213379,1508.3599853515625,5.235099792480469,17.91390037536621,44.45555114746094,17.077749252319336,9.690449714660645,9.421500205993652,6.476809978485107,3.703700065612793,21.23200035095215,334.5710144042969,184.2239990234375,0.8649299740791321,212.96200561523438,109.98300170898438,115.28199768066406,200.94509887695312,1.6747299432754517,1.597640037536621,4492.0,69.54499816894531,1870.5999755859375,5.4670000076293945,99.63999938964844,112.56999969482422,3.0950000286102295,462.0,1159.25,605.0,301.70001220703125,15.760000228881836,3165.0,69.45999908447266,238.5,90.7750015258789,1390.9000244140625,3.2500998973846436,4.495500087738037,31.049999237060547,100.1500015258789,4.440000057220459,3.6070001125335693,6368.85009765625,45166.640625,20948.359375,9967.400390625,53373.0703125
2026-03-30,1.149200677871704,1.3238370418548584,160.23399353027344,0.6850901246070862,1.3899500370025635,0.7997999787330627,0.5727902054786682,94.78179931640625,6.911600112915039,1.2898199558258057,7.83213996887207,1507.02001953125,5.23799991607666,18.143220901489258,44.4452018737793,17.157400131225586,9.736530303955078,9.475330352783203,6.501200199127197,3.725260019302368,21.308399200439453,337.17401123046875,184.1269989013672,0.8680300116539001,212.0970001220703,109.76699829101562,115.25800323486328,200.32200622558594,1.6773600578308105,1.5973299741744995,4526.0,70.3239974975586,1885.5999755859375,5.47599983215332,102.87999725341797,112.77999877929688,2.88700008392334,455.75,1159.75,607.0,292.54998779296875,15.550000190734863,3155.0,70.19000244140625,239.5500030517578,90.4749984741211,1418.0,3.3515000343322754,4.364299774169922,30.610000610351562,100.51000213623047,4.3420000076293945,3.5980000495910645,6343.72021484375,45216.140625,20794.640625,10128.0,51885.8515625
2026-03-31,1.1460003852844238,1.3172800540924072,159.84100341796875,0.6845901012420654,1.3928300142288208,0.7998800277709961,0.5717389583587646,94.35590362548828,6.911600112915039,1.2920000553131104,7.835700035095215,1516.1300048828125,5.263999938964844,18.13960075378418,44.473899841308594,17.19087028503418,9.728699684143066,9.557049751281738,6.520480155944824,3.740449905395508,21.39929962158203,338.8999938964844,183.1230010986328,0.869700014591217,210.5449981689453,109.40899658203125,114.7300033569336,199.8090057373047,1.6735199689865112,1.5956900119781494,4647.60009765625,74.69000244140625,1950.0,5.587500095367432,101.37999725341797,118.3499984741211,2.884000062942505,457.75,1171.0,616.25,298.3500061035156,15.520000457763672,3300.0,70.0,243.02499389648438,90.42500305175781,1471.199951171875,3.312299966812134,4.163400173187256,25.25,99.95999908447266,4.310999870300293,3.5999999046325684,6528.52001953125,46341.51171875,21590.630859375,10176.5,51063.71875
2026-04-01,1.1574207544326782,1.324327826499939,158.57899475097656,0.692051112651825,1.3902900218963623,0.7976300120353699,0.5756091475486755,93.48429870605469,6.894199848175049,1.2843400239944458,7.838399887084961,1503.3299560546875,5.192800045013428,17.884580612182617,44.454898834228516,16.865190505981445,9.676460266113281,9.445590019226074,6.45589017868042,3.7025299072265625,21.187400817871094,331.01800537109375,183.47500610351562,0.8738700151443481,209.9409942626953,109.70600128173828,114.03700256347656,198.7150115966797,1.6723999977111816,1.608680009841919,4783.2001953125,75.86699676513672,1969.300048828125,5.624000072479248,100.12000274658203,101.16000366210938,2.819000005722046,454.25,1168.5,597.5,297.79998779296875,15.289999961853027,3345.0,70.76000213623047,244.0500030517578,90.92500305175781,1478.4000244140625,3.091399908065796,4.05679988861084,24.540000915527344,99.6500015258789,4.318999767303467,3.6050000190734863,6575.31982421875,46565.73828125,21840.94921875,10364.7998046875,53739.6796875
2026-04-02,1.159057378768921,1.3302648067474365,158.68800354003906,0.6923999190330505,1.3876399993896484,0.7939500212669373,0.5750100612640381,92.6426010131836,6.870500087738037,1.2826000452041626,7.837100028991699,1512.0899658203125,5.1545000076293945,17.823200225830078,44.48640060424805,16.81753921508789,9.71500015258789,9.405139923095703,6.4470601081848145,3.695430040359497,21.130800247192383,329.989013671875,183.8979949951172,0.8712499737739563,211.04100036621094,109.84600067138672,114.34200286865234,199.8256072998047,1.6740000247955322,1.6081000566482544,4651.5,72.73500061035156,1963.800048828125,5.563000202178955,111.54000091552734,109.02999877929688,2.799999952316284,452.25,1163.5,598.25,295.3999938964844,15.0,3245.0,70.91999816894531,246.1999969482422,90.3499984741211,1491.4000244140625,3.2880001068115234,4.361100196838379,23.8700008392334,100.02999877929688,4.313000202178955,3.6070001125335693,6582.68994140625,46504.671875,21879.1796875,10436.2998046875,52463.26953125
2026-04-03,1.1541746854782104,1.3230313062667847,159.49099731445312,0.6911499500274658,1.391700029373169,0.7986299991607666,0.5717801451683044,92.97360229492188,6.8850998878479,1.2848999500274658,7.836900234222412,1509.219970703125,5.156400203704834,17.84712028503418,44.55580139160156,16.93515968322754,9.711509704589844,9.408439636230469,6.474070072174072,3.7026500701904297,21.232999801635742,331.8110046386719,184.05599975585938,0.8723199963569641,210.96099853515625,110.2030029296875,114.58699798583984,199.649658203125,1.6698600053787231,1.605929970741272,4651.5,72.73500061035156,1963.800048828125,5.563000202178955,111.54000091552734,109.02999877929688,2.799999952316284,452.25,1163.5,598.25,295.3999938964844,15.0,3245.0,70.91999816894531,246.1999969482422,90.3499984741211,1491.4000244140625,3.2880001068115234,4.361100196838379,23.8700008392334,100.02999877929688,4.313000202178955,3.6070001125335693,6582.68994140625,46504.671875,21879.1796875,10436.2998046875,53123.48828125
2026-04-06,1.150999665260315,1.3186348676681519,159.77999877929688,0.6885501742362976,1.394569993019104,0.8011500239372253,0.5686697363853455,92.97100067138672,6.882400035858154,1.2875200510025024,7.837200164794922,1509.260009765625,5.157899856567383,17.880399703979492,44.58409881591797,16.969289779663086,9.758620262145996,9.473509788513184,6.491799831390381,3.7126998901367188,21.280399322509766,333.8500061035156,183.9010009765625,0.8727999925613403,210.68099975585938,109.99600219726562,114.5530014038086,199.397705078125,1.671489953994751,1.6048699617385864,4656.7998046875,72.66100311279297,1958.199951171875,5.583499908447266,112.41000366210938,109.7699966430664,2.811000108718872,454.0,1166.75,595.25,298.04998779296875,14.970000267028809,3235.0,71.66999816894531,248.02499389648438,90.4749984741211,1476.199951171875,3.308199882507324,4.328400135040283,24.170000076293945,99.9800033569336,4.335000038146973,3.622999906539917,6611.830078125,46669.87890625,21996.33984375,10436.2998046875,53413.6796875
2026-04-07,1.1541212797164917,1.3234164714813232,159.68299865722656,0.6916901469230652,1.391160011291504,0.7980999946594238,0.5714514255523682,92.81659698486328,6.882299900054932,1.2849400043487549,7.836730003356934,1507.8499755859375,5.138299942016602,17.76650047302246,44.605098724365234,16.86086082458496,9.7052001953125,9.447440147399902,6.473820209503174,3.6956400871276855,21.215999603271484,329.7330017089844,184.29600524902344,0.8720499873161316,211.322998046875,110.44400024414062,114.77300262451172,200.065673828125,1.6685099601745605,1.6053800582885742,4657.10009765625,71.82599639892578,1929.0999755859375,5.54449987411499,112.94999694824219,109.2699966430664,2.869999885559082,449.0,1158.25,598.0,286.1000061035156,14.579999923706055,3028.0,71.30999755859375,248.1999969482422,90.7750015258789,1442.0,3.3052000999450684,4.477399826049805,25.780000686645508,99.63999938964844,4.3429999351501465,3.615000009536743,6616.85009765625,46584.4609375,22017.849609375,10348.7998046875,53429.55859375
2026-04-08,1.1686612367630005,1.3401771783828735,158.71600341796875,0.707679033279419,1.3841999769210815,0.7904000282287598,0.5809292793273926,92.86019897460938,6.8566999435424805,1.2757600545883179,7.8337202072143555,1499.1300048828125,5.150599956512451,17.51409912109375,44.567901611328125,16.44658088684082,9.58215045928955,9.330470085144043,6.3937602043151855,3.6452999114990234,20.922800064086914,322.4530029296875,185.48300170898438,0.8720200061798096,212.69500732421875,112.30799865722656,114.64099884033203,200.7530059814453,1.6512900590896606,1.6174499988555908,4749.5,75.2239990234375,2050.60009765625,5.759500026702881,94.41000366210938,94.75,2.7239999771118164,447.25,1162.0,580.25,294.04998779296875,14.229999542236328,3196.0,71.66999816894531,249.0,90.19999694824219,1586.9000244140625,3.0058999061584473,3.8083999156951904,21.040000915527344,99.12999725341797,4.290999889373779,3.5999999046325684,6782.81005859375,47909.921875,22634.990234375,10608.900390625,56308.421875
2026-04-09,1.16593599319458,1.3394052982330322,158.64199829101562,0.703937828540802,1.3850500583648682,0.7914000153541565,0.5825400948524475,92.2748031616211,6.828700065612793,1.274549961090088,7.832250118255615,1477.5999755859375,5.100200176239014,17.446399688720703,44.48469924926758,16.41822052001953,9.567449569702148,9.3154296875,6.408080101013184,3.647049903869629,20.894500732421875,322.1369934082031,184.96499633789062,0.8704900145530701,212.47000122070312,111.66999816894531,114.53600311279297,200.42300415039062,1.6561299562454224,1.6144499778747559,4792.2001953125,76.2770004272461,2096.60009765625,5.748000144958496,97.87000274658203,95.91999816894531,2.6700000762939453,444.0,1165.25,574.5,293.70001220703125,13.920000076293945,3162.0,73.26000213623047,249.77499389648438,90.67500305175781,1553.0,3.000699996948242,3.937000036239624,19.489999771118164,98.81999969482422,4.293000221252441,3.5880000591278076,6824.66015625,48185.80078125,22822.419921875,10603.5,55895.3203125
2026-04-10,1.1691256761550903,1.3430029153823853,159.11199951171875,0.7075698375701904,1.3822699785232544,0.7908700108528137,0.585048496723175,92.46980285644531,6.831399917602539,1.2732900381088257,7.833199977874756,1473.280029296875,5.095799922943115,17.371200561523438,44.638099670410156,16.377939224243164,9.496299743652344,9.283040046691895,6.390250205993652,3.6278700828552246,20.824100494384766,321.4800109863281,185.99000549316406,0.8704800009727478,213.66600036621094,112.56700134277344,115.09100341796875,201.16400146484375,1.6522400379180908,1.615820050239563,4761.89990234375,76.3239974975586,2049.10009765625,5.870500087738037,96.56999969482422,95.19999694824219,2.6480000019073486,441.0,1175.75,571.0,300.1000061035156,13.75,3246.0,73.22000122070312,251.77499389648438,90.7249984741211,1528.0999755859375,3.0373001098632812,3.7616000175476074,19.229999542236328,98.6500015258789,4.316999912261963,3.5929999351501465,6816.89013671875,47916.5703125,22902.890625,10600.5,56924.109375
2026-04-13,1.1675150394439697,1.339441180229187,159.67999267578125,0.7019898295402527,1.3872699737548828,0.7926099896430969,0.5804302096366882,94.50879669189453,6.8277997970581055,1.2776700258255005,7.8322601318359375,1482.1800537109375,5.005000114440918,17.430500030517578,44.69960021972656,16.547779083251953,9.535550117492676,9.324589729309082,6.399909973144531,3.6458899974823,20.861000061035156,314.7030029296875,186.4239959716797,0.8715999722480774,213.8679962158203,112.08100128173828,115.09400177001953,201.43545532226562,1.663059949874878,1.619439959526062,4742.39990234375,75.52300262451172,2061.800048828125,5.97599983215332,99.08000183105469,99.36000061035156,2.627000093460083,440.25,1162.25,582.25,300.8500061035156,13.680000305175781,3278.0,74.52999877929688,250.64999389648438,90.5,1569.800048828125,3.115999937057495,3.8341000080108643,19.1200008392334,98.37000274658203,4.296999931335449,3.6029999256134033,6886.240234375,48218.25,23183.740234375,10583.0,56502.76953125
2026-04-14,1.176885962486267,1.3515340089797974,159.21400451660156,0.7099298238754272,1.378499984741211,0.7832000255584717,0.5871990919113159,94.9468002319336,6.8302998542785645,1.2714999914169312,7.829800128936768,1476.8399658203125,4.9944000244140625,17.277999877929688,44.702999114990234,16.38050079345703,9.437150001525879,9.176730155944824,6.349999904632568,3.6064000129699707,20.676700592041016,307.95599365234375,187.3419952392578,0.8704000115394592,215.18600463867188,113.02300262451172,115.4800033569336,203.25799560546875,1.6569000482559204,1.6219899654388428,4825.0,79.39099884033203,2084.60009765625,6.070499897003174,91.27999877929688,94.79000091552734,2.5989999771118164,443.0,1158.0,592.0,302.6499938964844,13.880000114440918,3557.0,74.33999633789062,252.5500030517578,90.5,1579.4000244140625,3.0394999980926514,3.624300003051758,18.360000610351562,98.12000274658203,4.25600004196167,3.611999988555908,6967.3798828125,48535.98828125,23639.080078125,10609.099609375,57877.390625
2026-04-15,1.179940938949585,1.357533574104309,158.79200744628906,0.7129300832748413,1.3766100406646729,0.7809100151062012,0.5903501510620117,93.16539764404297,6.815700054168701,1.2707899808883667,7.833580017089844,1469.4200439453125,4.984799861907959,17.253999710083008,44.7317008972168,16.319080352783203,9.432609558105469,9.171310424804688,6.332699775695801,3.5908501148223877,20.617700576782227,307.5060119628906,187.35499572753906,0.8691200017929077,215.56500244140625,113.20099639892578,115.34200286865234,203.33216857910156,1.6548999547958374,1.6240400075912476,4800.0,79.49099731445312,2112.89990234375,6.072000026702881,91.29000091552734,94.93000030517578,2.609999895095825,451.25,1167.0,593.75,304.25,13.510000228881836,3477.0,75.11000061035156,252.60000610351562,90.69999694824219,1578.0999755859375,3.069200038909912,3.753200054168701,18.170000076293945,98.05999755859375,4.2820000648498535,3.611999988555908,7022.9501953125,48463.71875,24016.01953125,10559.599609375,58134.23828125
2026-04-16,1.1809163093566895,1.3573696613311768,158.8090057373047,0.7175799012184143,1.373129963874817,0.7813100218772888,0.5912192463874817,93.38680267333984,6.817999839782715,1.270650029182434,7.832429885864258,1474.06005859375,4.992400169372559,17.243600845336914,44.72779846191406,16.350000381469727,9.379549980163574,9.150489807128906,6.328440189361572,3.5848701000213623,20.588300704956055,306.98699951171875,187.5030059814453,0.8698400259017944,215.54400634765625,113.95099639892578,115.65399932861328,203.24520874023438,1.6452900171279907,1.6209299564361572,4785.39990234375,78.60600280761719,2094.10009765625,6.066500186920166,94.69000244140625,99.38999938964844,2.6470000743865967,448.5,1163.75,598.5,296.45001220703125,13.65999984741211,3367.0,75.69999694824219,250.3000030517578,94.05000305175781,1570.5,3.1637001037597656,3.832900047302246,17.940000534057617,98.22000122070312,4.309000015258789,3.609999895095825,7041.27978515625,48578.71875,24102.69921875,10590.0,59518.33984375
2026-04-17,1.1782727241516113,1.3526124954223633,159.19500732421875,0.7159000635147095,1.3700400590896606,0.7832000255584717,0.5886092185974121,93.04789733886719,6.821100234985352,1.2731200456619263,7.822559833526611,1477.9200439453125,4.987090110778809,17.249399185180664,44.8484992980957,16.39929962158203,9.353759765625,9.191889762878418,6.342949867248535,3.5954999923706055,20.63610076904297,309.25201416015625,187.55799865722656,0.8709800243377686,215.31900024414062,113.96199798583984,116.19000244140625,203.24000549316406,1.645609974861145,1.613700032234192,4857.60009765625,81.73799896240234,2124.5,6.103499889373779,83.8499984741211,90.37999725341797,2.6740000247955322,448.75,1167.25,591.25,289.29998779296875,13.3100004196167,3186.0,77.4000015258789,249.9499969482422,93.4000015258789,1590.4000244140625,3.0048000812530518,3.39739990234375,17.479999542236328,98.0999984741211,4.245999813079834,3.5999999046325684,7126.06005859375,49447.4296875,24468.48046875,10667.599609375,58475.8984375
2026-04-20,1.1741223335266113,1.348435878753662,159.16099548339844,0.7134998440742493,1.3704999685287476,0.7836599946022034,0.5865206122398376,92.60330200195312,6.816999912261963,1.273550033569336,7.831180095672607,1465.1500244140625,5.00629997253418,17.372299194335938,44.85419845581055,16.417299270629883,9.379599571228027,9.19242000579834,6.365349769592285,3.602220058441162,20.656400680541992,307.6000061035156,186.843994140625,0.8707000017166138,214.583251953125,113.52999877929688,116.10900115966797,203.03433227539062,1.6455800533294678,1.6087000370025635,4806.60009765625,79.95099639892578,2070.699951171875,6.035999774932861,89.61000061035156,95.4800033569336,2.688999891281128,452.0,1165.75,597.0,292.20001220703125,13.470000267028809,3298.0,77.5999984741211,249.60000610351562,94.2249984741211,1559.5999755859375,3.11680006980896,3.5408999919891357,18.8700008392334,98.05000305175781,4.25,3.5980000495910645,7109.14013671875,49442.55859375,24404.390625,10609.099609375,58824.890625
2026-04-21,1.1784392595291138,1.3531250953674316,158.843994140625,0.7174198627471924,1.364400029182434,0.7785099744796753,0.590639591217041,93.12359619140625,6.817399978637695,1.2700400352478027,7.829929828643799,1469.260009765625,4.952400207519531,17.309799194335938,44.885501861572266,16.354000091552734,9.302289962768555,9.119660377502441,6.340469837188721,3.588599920272827,20.597200393676758,306.1050109863281,187.18600463867188,0.8708599805831909,214.93099975585938,113.95099639892578,116.41200256347656,204.0019989013672,1.6425199508666992,1.6077500581741333,4698.39990234375,76.41100311279297,2024.300048828125,6.001500129699707,92.12999725341797,98.4800033569336,2.697000026702881,453.75,1174.5,605.0,289.0,13.430000305175781,3220.0,78.26000213623047,247.4250030517578,95.4000015258789,1531.699951171875,3.2098000049591064,3.728800058364868,19.5,98.41000366210938,4.291999816894531,3.5980000495910645,7064.009765625,49149.37890625,24259.9609375,10498.099609375,59349.171875
2026-04-22,1.174425721168518,1.3509680032730103,159.3730010986328,0.7156198024749756,1.3657599687576294,0.7805500030517578,0.5898104310035706,93.622802734375,6.820799827575684,1.2732900381088257,7.830349922180176,1485.800048828125,5.007999897003174,17.32029914855957,44.9192008972168,16.466339111328125,9.331620216369629,9.179929733276367,6.362329959869385,3.606679916381836,20.68239974975586,309.5220031738281,187.16600036621094,0.8693000078201294,215.28700256347656,114.03800201416016,116.68199920654297,204.1439971923828,1.6410599946975708,1.6038399934768677,4732.5,77.89299774169922,2072.60009765625,6.119999885559082,92.95999908447266,101.91000366210938,2.7219998836517334,454.25,1164.5,599.25,302.3999938964844,13.569999694824219,3339.0,76.33000183105469,246.85000610351562,95.05000305175781,1547.0999755859375,3.3578999042510986,3.9379000663757324,18.920000076293945,98.58999633789062,4.294000148773193,3.5950000286102295,7137.89990234375,49490.03125,24657.5703125,10476.5,59585.859375
2026-04-23,1.1706037521362305,1.3500378131866455,159.48800659179688,0.7158001661300659,1.3669699430465698,0.784820020198822,0.5905802845954895,93.80049896240234,6.82420015335083,1.2757200002670288,7.8319501876831055,1477.9599609375,4.984899997711182,17.340700149536133,44.920101165771484,16.462299346923828,9.296250343322754,9.202190399169922,6.382740020751953,3.6243600845336914,20.779699325561523,310.84600830078125,186.68600463867188,0.8670399785041809,215.2969970703125,114.14199829101562,116.66300201416016,203.1910858154297,1.6353399753570557,1.6001399755477905,4705.10009765625,75.46499633789062,2022.5999755859375,6.075500011444092,95.8499984741211,105.06999969482422,2.614000082015991,455.5,1159.75,610.75,316.3500061035156,13.600000381469727,3369.0,76.80000305175781,247.0749969482422,95.6500015258789,1484.5999755859375,3.462100028991699,3.9881999492645264,19.309999465942383,98.80000305175781,4.322999954223633,3.5950000286102295,7108.39990234375,49310.3203125,24438.5,10457.0,59140.23046875
2026-04-24,1.16838800907135,1.3466380834579468,159.7469940185547,0.7129616141319275,1.3698400259017944,0.7862399816513062,0.5853807330131531,94.11289978027344,6.826000213623047,1.2777999639511108,7.832339763641357,1479.949951171875,5.030799865722656,17.41469955444336,44.975799560546875,16.626039505004883,9.327079772949219,9.256400108337402,6.394909858703613,3.6305999755859375,20.826499938964844,312.7179870605469,186.6479949951172,0.8675900101661682,215.11900329589844,113.86900329589844,116.60700225830078,203.14700317382812,1.6387699842453003,1.6002899408340454,4722.2998046875,76.38300323486328,2015.0,6.023499965667725,94.4000015258789,105.33000183105469,2.5230000019073486,455.0,1163.75,608.25,309.79998779296875,13.930000305175781,3349.0,77.0,248.3000030517578,94.30000305175781,1501.5,3.462599992752075,3.887399911880493,18.709999084472656,98.51000213623047,4.309999942779541,3.5929999351501465,7165.080078125,49230.7109375,24836.599609375,10379.099609375,59716.1796875
2026-04-27,1.1706448793411255,1.3515102863311768,159.5760040283203,0.7143500447273254,1.3675999641418457,0.786300003528595,0.5870887637138367,94.25029754638672,6.835899829864502,1.2770999670028687,7.83489990234375,1474.68994140625,4.979100227355957,17.41345977783203,45.01279830932617,16.586389541625977,9.285030364990234,9.241800308227539,6.38346004486084,3.6242198944091797,20.784900665283203,311.3970031738281,186.80799865722656,0.866159975528717,215.64700317382812,113.97899627685547,116.66600036621094,202.9010009765625,1.63864004611969,1.6007000207901,4675.39990234375,75.00299835205078,1981.0999755859375,6.01800012588501,96.37000274658203,108.2300033569336,2.549999952316284,460.75,1177.25,621.5,304.1000061035156,13.829999923706055,3218.0,77.33000183105469,250.4250030517578,94.375,1477.699951171875,3.490999937057495,3.9746999740600586,18.020000457763672,98.4800033569336,4.335999965667725,3.5899999141693115,7173.91015625,49167.7890625,24887.099609375,10321.099609375,60537.359375
2026-04-28,1.1723467111587524,1.3538211584091187,159.35699462890625,0.7190897464752197,1.362149953842163,0.785290002822876,0.5912611484527588,94.25849914550781,6.822800159454346,1.2739700078964233,7.836699962615967,1473.0,4.999599933624268,17.37700080871582,45.02980041503906,16.527799606323242,9.276820182800293,9.211050033569336,6.373159885406494,3.618839979171753,20.763500213623047,310.07000732421875,186.78500366210938,0.865909993648529,215.73399353027344,114.58399963378906,116.98100280761719,202.8754119873047,1.63018000125885,1.596709966659546,4591.5,73.20500183105469,1942.300048828125,5.9145002365112305,99.93000030517578,111.26000213623047,2.559000015258789,465.25,1173.0,649.0,306.3999938964844,14.109999656677246,3305.0,77.33999633789062,252.6750030517578,94.1500015258789,1461.0999755859375,3.5604000091552734,3.9711999893188477,17.829999923706055,98.62000274658203,4.354000091552734,3.5899999141693115,7138.7998046875,49141.9296875,24663.80078125,10332.7998046875,59917.4609375
2026-04-29,1.171783447265625,1.3524478673934937,159.552001953125,0.7187212109565735,1.367900013923645,0.7889900207519531,0.588841438293457,94.64550018310547,6.837399959564209,1.2760000228881836,7.835599899291992,1471.989990234375,4.99429988861084,17.384599685668945,45.060691833496094,16.528060913085938,9.313899993896484,9.257719993591309,6.377810001373291,3.6244399547576904,20.776599884033203,310.2980041503906,186.94200134277344,0.8664399981498718,215.7760009765625,114.66300201416016,116.62100219726562,202.14700317382812,1.6304099559783936,1.6027799844741821,4545.2001953125,71.56900024414062,1885.300048828125,5.878499984741211,106.87999725341797,118.02999877929688,2.6470000743865967,466.5,1182.25,642.25,305.25,14.680000305175781,3335.0,76.86000061035156,256.875,95.0999984741211,1461.800048828125,3.7411000728607178,4.198699951171875,18.809999465942383,98.91999816894531,4.418000221252441,3.5899999141693115,7135.9501953125,48861.80859375,24673.240234375,10213.099609375,59917.4609375
2026-04-30,1.168470025062561,1.3488596677780151,160.1840057373047,0.7131141424179077,1.3671300411224365,0.7905600070953369,0.584050714969635,94.9166030883789,6.837500095367432,1.2802900075912476,7.836900234222412,1487.3800048828125,5.017499923706055,17.52589988708496,45.16600036621094,16.80573081970215,9.320549964904785,9.304550170898438,6.395130157470703,3.6438100337982178,20.845500946044922,312.43701171875,187.1820068359375,0.8662400245666504,216.05499267578125,114.15499877929688,117.18099975585938,202.56520080566406,1.6389000415802002,1.5971200466156006,4614.7001953125,73.53399658203125,1979.0,5.926000118255615,105.06999969482422,114.01000213623047,2.7669999599456787,464.75,1182.0,623.75,300.8999938964844,14.579999923706055,3494.0,79.86000061035156,258.4750061035156,93.44999694824219,1526.4000244140625,3.7715001106262207,4.138400077819824,16.889999389648438,98.08000183105469,4.389999866485596,3.5850000381469727,7209.009765625,49652.140625,24892.310546875,10378.7998046875,59284.921875
2026-05-01,1.172910451889038,1.3602666854858398,156.97799682617188,0.720079779624939,1.3579599857330322,0.7814000248908997,0.5906988978385925,94.75910186767578,6.827300071716309,1.2727999687194824,7.832670211791992,1474.010009765625,4.9695000648498535,17.45989990234375,45.14099884033203,16.66659927368164,9.259289741516113,9.23073959350586,6.369870185852051,3.6270499229431152,20.774499893188477,310.15301513671875,184.1490020751953,0.862280011177063,213.53500366210938,113.02899932861328,115.5999984741211,200.86500549316406,1.6287399530410767,1.5926200151443481,4629.89990234375,75.95099639892578,1996.5999755859375,5.932000160217285,101.94000244140625,108.16999816894531,2.7799999713897705,468.25,1187.75,624.5,302.0,14.949999809265137,3521.0,81.8499984741211,253.0,92.82499694824219,1539.199951171875,3.5952000617980957,3.9463999271392822,16.989999771118164,98.20999908447266,4.377999782562256,3.575000047683716,7230.1201171875,49499.26953125,25114.439453125,10363.900390625,59513.12109375
2026-05-04,1.1726628541946411,1.3581420183181763,156.8459930419922,0.7212925553321838,1.3588099479675293,0.7811300158500671,0.5906500220298767,94.90299987792969,6.827499866485596,1.2727700471878052,7.83489990234375,1471.72998046875,4.951929092407227,17.44659996032715,45.185298919677734,16.57720947265625,9.283900260925293,9.211480140686035,6.3717498779296875,3.618880033493042,20.76300048828125,308.3550109863281,183.9429931640625,0.863349974155426,213.01600646972656,113.08699798583984,115.4229965209961,200.78399658203125,1.6262099742889404,1.5928000211715698,4519.5,73.0719985961914,1946.9000244140625,5.795000076293945,106.41999816894531,114.44000244140625,2.867000102996826,473.75,1207.5,629.5,302.20001220703125,15.289999961853027,3812.0,80.58000183105469,251.75,91.625,1474.699951171875,3.7381999492645264,4.073200225830078,18.290000915527344,98.47000122070312,4.446000099182129,3.5899999141693115,7200.75,48941.8984375,25067.80078125,10363.900390625,59513.12109375
2026-05-05,1.1691941022872925,1.353143334388733,157.19400024414062,0.7167482376098633,1.3621100187301636,0.7839699983596802,0.58724045753479,95.2593994140625,6.829999923706055,1.2768399715423584,7.833049774169922,1476.050048828125,4.984799861907959,17.519899368286133,45.21440124511719,16.788000106811523,9.270649909973145,9.28654956817627,6.390580177307129,3.6406400203704834,20.857999801635742,310.656005859375,183.781005859375,0.8640099763870239,212.6820068359375,112.6500015258789,115.39600372314453,200.47613525390625,1.6312299966812134,1.5923399925231934,4555.7998046875,73.10800170898438,1960.699951171875,5.942999839782715,102.2699966430664,109.87000274658203,2.7880001068115234,465.5,1195.75,616.5,305.8500061035156,15.369999885559082,4003.0,82.45999908447266,253.22500610351562,92.80000305175781,1507.0999755859375,3.6205999851226807,4.030200004577637,17.3799991607666,98.4800033569336,4.415999889373779,3.5999999046325684,7259.22021484375,49298.25,25326.130859375,10219.099609375,59513.12109375
2026-05-06,1.1715774536132812,1.3568705320358276,157.677001953125,0.7203900218009949,1.3603500127792358,0.7813799977302551,0.5903292298316956,95.18299865722656,6.830100059509277,1.2740600109100342,7.8356499671936035,1473.9599609375,4.927299976348877,17.33769989013672,45.22959899902344,16.576229095458984,9.246359825134277,9.238160133361816,6.378119945526123,3.6217799186706543,20.79800033569336,307.9230041503906,184.73899841308594,0.8634999990463257,213.94700622558594,113.58200073242188,115.89099884033203,201.75799560546875,1.6262600421905518,1.593709945678711,4681.89990234375,76.81099700927734,2048.699951171875,6.136499881744385,95.08000183105469,101.2699966430664,2.7300000190734863,452.75,1179.0,606.0,299.45001220703125,14.8100004196167,4064.0,81.70999908447266,253.47500610351562,91.69999694824219,1546.0,3.4593000411987305,3.785599946975708,17.389999389648438,98.0199966430664,4.355999946594238,3.5999999046325684,7365.1201171875,49910.58984375,25838.939453125,10438.7001953125,59513.12109375
2026-05-07,1.1747430562973022,1.3591758012771606,156.50799560546875,0.7235099673271179,1.3636900186538696,0.7788599729537964,0.5953586101531982,94.60800170898438,6.810999870300293,1.267699956893921,7.834080219268799,1444.449951171875,4.932271957397461,17.253999710083008,45.227901458740234,16.399499893188477,9.292130470275879,9.237549781799316,6.3601298332214355,3.602449893951416,20.68670082092285,304.35400390625,183.8509979248047,0.8642799854278564,212.69200134277344,113.22899627685547,114.75900268554688,200.91961669921875,1.6235899925231934,1.6019400358200073,4699.7998046875,79.70099639892578,2048.10009765625,6.127500057220459,94.80999755859375,100.05999755859375,2.7690000534057617,452.75,1177.0,601.75,291.04998779296875,14.539999961853027,4356.0,83.0,250.0500030517578,91.5,1517.800048828125,3.4560000896453857,3.8166000843048096,17.079999923706055,98.25,4.392000198364258,3.5980000495910645,7337.10986328125,49596.96875,25806.19921875,10277.0,62833.83984375
2026-05-08,1.1731581687927246,1.3555645942687988,156.82899475097656,0.7208600044250488,1.366070032119751,0.7802000045776367,0.5938488841056824,94.25299835205078,6.801400184631348,1.2691400051116943,7.833779811859131,1454.7900390625,4.944900035858154,17.27750015258789,45.223751068115234,16.43829917907715,9.294580459594727,9.27692985534668,6.369219779968262,3.605449914932251,20.698699951171875,302.91400146484375,183.968994140625,0.8653299808502197,212.5800018310547,113.0469970703125,114.79399871826172,200.91799926757812,1.6272599697113037,1.6023800373077393,4720.39990234375,80.3949966430664,2047.199951171875,6.249000072479248,95.41999816894531,101.29000091552734,2.756999969482422,456.25,1194.25,607.5,289.70001220703125,14.6899995803833,4113.0,84.7300033569336,248.89999389648438,90.875,1482.5999755859375,3.526700019836426,3.8991000652313232,17.190000534057617,97.83999633789062,4.363999843597412,3.5950000286102295,7398.93017578125,49609.16015625,26247.080078125,10233.099609375,62713.6484375
2026-05-11,1.176885962486267,1.3594714403152466,156.85800170898438,0.7236999869346619,1.368299961090088,0.7777699828147888,0.5950397253036499,94.42530059814453,6.80049991607666,1.2680200338363647,7.828690052032471,1460.550048828125,4.913300037384033,17.214599609375,45.352500915527344,16.42591094970703,9.20695972442627,9.242670059204102,6.349949836730957,3.6008200645446777,20.652999877929688,300.9429931640625,184.57000732421875,0.8655700087547302,213.22999572753906,113.4729995727539,114.6240005493164,201.6583709716797,1.626479983329773,1.6099900007247925,4718.7001953125,85.48500061035156,2115.5,6.41349983215332,98.06999969482422,104.20999908447266,2.9100000858306885,460.75,1199.75,622.25,298.6000061035156,14.90999984741211,4632.0,87.7699966430664,249.39999389648438,90.875,1513.800048828125,3.5998001098632812,3.968600034713745,18.3799991607666,97.94000244140625,4.409999847412109,3.5999999046325684,7412.83984375,49704.46875,26274.130859375,10269.400390625,62417.87890625
2026-05-12,1.177994966506958,1.360470175743103,157.2310028076172,0.7246218919754028,1.367840051651001,0.7781599760055542,0.5965298414230347,95.39140319824219,6.7947998046875,1.2689800262451172,7.828199863433838,1474.449951171875,4.906400203704834,17.191600799560547,45.38529968261719,16.430599212646484,9.17965030670166,9.215880393981934,6.341839790344238,3.59594988822937,20.628400802612305,300.97100830078125,185.19700622558594,0.8657400012016296,213.8939971923828,113.93000030517578,114.94300079345703,202.03799438476562,1.6254500150680542,1.6110299825668335,4677.60009765625,85.12999725341797,2110.0,6.485000133514404,102.18000030517578,107.7699966430664,2.8429999351501465,467.25,1213.5,665.0,294.79998779296875,15.010000228881836,4503.0,86.31999969482422,247.6999969482422,90.92500305175781,1485.699951171875,3.697700023651123,4.15880012512207,17.989999771118164,98.29000091552734,4.4629998207092285,3.6029999256134033,7400.9599609375,49760.55859375,26088.19921875,10265.2998046875,62742.5703125
2026-05-13,1.1735436916351318,1.3537001609802246,157.67100524902344,0.7237801551818848,1.369729995727539,0.7804099917411804,0.5952416062355042,95.63300323486328,6.791999816894531,1.2717900276184082,7.828179836273193,1492.989990234375,4.9096999168396,17.228500366210938,45.40019989013672,16.511629104614258,9.182649612426758,9.292770385742188,6.366360187530518,3.6219499111175537,20.73150062561035,304.18798828125,185.0279998779297,0.8667700290679932,213.40499877929688,114.10199737548828,115.09600067138672,201.94900512695312,1.6213699579238892,1.6072900295257568,4697.7001953125,88.88800048828125,2187.10009765625,6.635499954223633,101.0199966430664,105.62999725341797,2.864000082015991,466.5,1215.25,665.0,296.25,15.380000114440918,4309.0,86.80999755859375,252.8000030517578,90.9000015258789,1531.0,3.6187000274658203,3.9667000770568848,17.8700008392334,98.4800033569336,4.480999946594238,3.5999999046325684,7444.25,49693.19921875,26402.33984375,10325.400390625,63272.109375
2026-05-14,1.1716049909591675,1.352630853652954,157.8509979248047,0.7254998683929443,1.3704700469970703,0.781499981880188,0.5931690335273743,95.69580078125,6.790800094604492,1.2722699642181396,7.82919979095459,1489.8399658203125,5.024899959564209,17.167400360107422,45.43050003051758,16.3870906829834,9.162210464477539,9.321080207824707,6.377930164337158,3.6221299171447754,20.742599487304688,305.1650085449219,184.92999267578125,0.8661199808120728,213.51800537109375,114.49199676513672,115.1500015258789,201.92153930664062,1.6151100397109985,1.6050000190734863,4678.10009765625,84.91200256347656,2083.5,6.567500114440918,101.16999816894531,105.72000122070312,2.8940000534057617,451.5,1174.5,647.0,294.45001220703125,14.989999771118164,4189.0,83.94000244140625,252.0749969482422,90.44999694824219,1456.5999755859375,3.6057000160217285,3.905600070953369,17.260000228881836,98.87999725341797,4.460999965667725,3.5880000591278076,7501.240234375,50063.4609375,26635.220703125,10372.900390625,62654.05078125
2026-05-15,1.166208028793335,1.3391362428665161,158.3820037841797,0.7214298844337463,1.3723700046539307,0.7841799855232239,0.5903501510620117,95.70989990234375,6.785099983215332,1.2764699459075928,7.8322601318359375,1493.3399658203125,5.0040998458862305,17.230430603027344,45.54199981689453,16.484399795532227,9.273550033569336,9.40155029296875,6.407299995422363,3.634160041809082,20.83300018310547,306.1099853515625,184.69900512695312,0.8708500266075134,212.07400512695312,114.21199798583984,115.4000015258789,201.93788146972656,1.6164499521255493,1.600409984588623,4555.7998046875,77.16100311279297,1981.300048828125,6.251500129699707,105.41999816894531,109.26000213623047,2.9600000381469727,455.75,1177.0,635.75,284.6000061035156,14.800000190734863,4002.0,80.61000061035156,253.89999389648438,98.75,1422.9000244140625,3.701900005340576,4.053400039672852,18.43000030517578,99.2699966430664,4.59499979019165,3.5880000591278076,7408.5,49526.171875,26225.140625,10195.400390625,61409.2890625
2026-05-18,1.161440134048462,1.330849051475525,158.843994140625,0.7130200862884521,1.3761299848556519,0.7872899770736694,0.5832604169845581,95.97029876708984,6.809199810028076,1.2812399864196777,7.830140113830566,1497.1500244140625,5.060400009155273,17.341899871826172,45.49235916137695,16.71363067626953,9.31760025024414,9.451689720153809,6.434569835662842,3.656409978866577,20.93000030517578,309.9230041503906,184.48300170898438,0.8725399971008301,211.41700744628906,113.2509994506836,115.41799926757812,201.74197387695312,1.6287800073623657,1.5980900526046753,4552.5,77.072998046875,1968.0999755859375,6.271999835968018,108.66000366210938,112.0999984741211,3.0239999294281006,477.0,1213.0,664.5,276.20001220703125,14.729999542236328,3791.0,83.69999694824219,253.375,98.5250015258789,1417.800048828125,3.760699987411499,4.114500045776367,17.81999969482422,98.97000122070312,4.623000144958496,3.568000078201294,7403.0498046875,49686.12109375,26090.73046875,10323.7998046875,60815.94921875
2026-05-19,1.1655147075653076,1.3432012796401978,158.86099243164062,0.7172901630401611,1.3738700151443481,0.7844700217247009,0.5874301791191101,96.27020263671875,6.800000190734863,1.2783399820327759,7.830289840698242,1492.3199462890625,5.005624771118164,17.27264976501465,45.57270050048828,16.572799682617188,9.254899978637695,9.378450393676758,6.410639762878418,3.6364200115203857,20.838300704956055,308.7909851074219,185.14999389648438,0.867680013179779,213.37600708007812,113.90699768066406,115.61699676513672,202.47500610351562,1.625309944152832,1.6010799407958984,4506.2998046875,74.8280029296875,1933.800048828125,6.164999961853027,107.7699966430664,111.27999877929688,3.114000082015991,475.25,1209.5,667.25,270.1499938964844,15.010000228881836,3907.0,82.33000183105469,254.5500030517578,97.92500305175781,1360.199951171875,3.696199893951416,4.162499904632568,18.059999465942383,99.30000305175781,4.666999816894531,3.575000047683716,7353.60986328125,49363.87890625,25870.7109375,10330.599609375,60550.58984375
2026-05-20,1.1607122421264648,1.3396027088165283,159.03500366210938,0.7106598019599915,1.374709963798523,0.7888000011444092,0.5833386778831482,96.56580352783203,6.814499855041504,1.2820099592208862,7.832699775695801,1507.8499755859375,5.058199882507324,17.402799606323242,45.58430099487305,16.696609497070312,9.266449928283691,9.397000312805176,6.436759948730469,3.659219980239868,20.947999954223633,310.8349914550781,184.58999633789062,0.8664000034332275,213.03500366210938,112.97899627685547,115.65899658203125,201.58399963378906,1.633679986000061,1.5955599546432495,4531.2998046875,75.85099792480469,1949.800048828125,6.290500164031982,98.26000213623047,105.0199966430664,3.003999948501587,465.75,1199.75,660.5,268.29998779296875,14.729999542236328,3889.0,81.5999984741211,253.27499389648438,97.2750015258789,1373.800048828125,3.4874000549316406,3.9470999240875244,17.440000534057617,99.11000061035156,4.572000026702881,3.556999921798706,7432.97021484375,50009.3515625,26270.359375,10432.2998046875,59804.41015625
2026-05-21,1.1625338792800903,1.3433998823165894,158.88800048828125,0.7150007486343384,1.3747700452804565,0.7869200110435486,0.5868303775787354,96.5282974243164,6.80049991607666,1.277809977531433,7.831399917602539,1499.77001953125,5.01170015335083,17.304800033569336,45.59130096435547,16.457679748535156,9.254679679870605,9.328169822692871,6.428100109100342,3.650860071182251,20.88050079345703,308.5830078125,184.68699645996094,0.8653200268745422,213.42999267578125,113.58300018310547,115.56742858886719,201.82000732421875,1.6259100437164307,1.5978399515151978,4539.7998046875,76.41400146484375,1955.0999755859375,6.256999969482422,96.3499984741211,102.58000183105469,3.0179998874664307,462.25,1194.25,647.5,273.3999938964844,14.899999618530273,3767.0,77.9800033569336,249.14999389648438,95.125,1383.4000244140625,3.3796000480651855,3.8315999507904053,16.760000228881836,99.19000244140625,4.585999965667725,3.5820000171661377,7445.72021484375,50285.66015625,26293.099609375,10443.5,61684.140625
2026-05-22,1.1621150970458984,1.3432555198669434,159.01800537109375,0.7148299813270569,1.3775899410247803,0.7864999771118164,0.5878514647483826,96.17389678955078,6.802499771118164,1.2777299880981445,7.83390998840332,1504.4000244140625,5.017099857330322,17.297700881958008,45.71379852294922,16.43720054626465,9.227350234985352,9.336770057678223,6.431429862976074,3.6471500396728516,20.88599967956543,308.25799560546875,184.74600219726562,0.8649200201034546,213.58200073242188,113.66400146484375,115.4000015258789,202.11019897460938,1.6252199411392212,1.6004199981689453,4521.0,75.89299774169922,1931.5999755859375,6.3420000076293945,96.5999984741211,103.54000091552734,2.9070000648498535,463.25,1196.5,646.25,272.3500061035156,14.699999809265137,3796.0,77.41999816894531,249.3000030517578,95.75,1358.0,3.453900098800659,3.8877999782562256,16.700000762939453,99.31999969482422,4.558000087738037,3.5850000381469727,7473.47021484375,50579.69921875,26343.970703125,10466.2998046875,63339.0703125
2026-05-25,1.164225697517395,1.34816312789917,158.9459991455078,0.7157202363014221,1.380210041999817,0.782289981842041,0.5873000621795654,95.71949768066406,6.79449987411499,1.2768800258636475,7.834670066833496,1512.8299560546875,5.025700092315674,17.25950050354004,45.72740173339844,16.34756088256836,9.24960994720459,9.310250282287598,6.418059825897217,3.6376900672912598,20.849000930786133,307.0539855957031,185.0449981689453,0.8635200262069702,214.27499389648438,113.75700378417969,115.15799713134766,203.1668243408203,1.6265900135040283,1.6067299842834473,4521.0,75.89299774169922,1931.5999755859375,6.3420000076293945,96.5999984741211,103.54000091552734,2.9070000648498535,463.25,1196.5,646.25,272.3500061035156,14.699999809265137,3796.0,77.41999816894531,249.3000030517578,95.75,1358.0,3.453900098800659,3.8877999782562256,16.59000015258789,99.31999969482422,4.558000087738037,3.5850000381469727,7473.47021484375,50579.69921875,26343.970703125,10466.2998046875,65158.19140625
2026-05-26,1.1637378931045532,1.3496370315551758,158.95399475097656,0.717029869556427,1.3804099559783936,0.78302001953125,0.5862111449241638,95.25279998779297,6.79449987411499,1.2774499654769897,7.834270000457764,1514.7900390625,5.01039981842041,17.29170036315918,45.897499084472656,16.31053924560547,9.245420455932617,9.294819831848145,6.420060157775879,3.6328999996185303,20.84309959411621,305.3160095214844,184.94400024414062,0.8619999885559082,214.50900268554688,113.91000366210938,115.1259994506836,202.8976593017578,1.6231900453567505,1.6063300371170044,4500.39990234375,76.30500030517578,1942.199951171875,6.361000061035156,93.88999938964844,99.58000183105469,2.8940000534057617,457.5,1186.0,635.5,274.0,14.539999961853027,4169.0,77.37000274658203,248.22500610351562,96.125,1385.800048828125,3.2204999923706055,3.714600086212158,17.010000228881836,99.16999816894531,4.493000030517578,3.5820000171661377,7519.1201171875,50461.6796875,26656.1796875,10491.400390625,64996.08984375
2026-05-27,1.1636837720870972,1.345532774925232,159.2429962158203,0.717079758644104,1.3807799816131592,0.7851099967956543,0.5842486619949341,95.90499877929688,6.785999774932861,1.2768000364303589,7.83581018447876,1505.43994140625,5.04449987411499,17.296100616455078,45.893699645996094,16.361759185791016,9.260149955749512,9.287659645080566,6.420219898223877,3.638050079345703,20.84429931640625,304.9830017089844,185.30299377441406,0.8647500276565552,214.26100158691406,114.18399810791016,115.32099914550781,202.79299926757812,1.6227400302886963,1.6066099405288696,4447.5,74.5989990234375,1918.699951171875,6.304999828338623,88.68000030517578,94.29000091552734,3.0399999618530273,452.5,1185.25,622.5,269.8500061035156,14.140000343322754,4140.0,76.16000366210938,251.4250030517578,97.5999984741211,1395.5999755859375,3.133699893951416,3.5975000858306885,16.290000915527344,99.20999908447266,4.480999946594238,3.5850000381469727,7520.35986328125,50644.28125,26674.73046875,10505.0,64999.41015625
2026-05-28,1.1617909669876099,1.3416515588760376,159.5679931640625,0.7133201360702515,1.384310007095337,0.7878599762916565,0.5892404317855835,96.04889678955078,6.778800010681152,1.2779200077056885,7.833680152893066,1503.1099853515625,5.07289981842041,17.384199142456055,45.892799377441406,16.36949920654297,9.276450157165527,9.298720359802246,6.431210041046143,3.6434900760650635,20.891000747680664,304.8940124511719,185.3719940185547,0.865909993648529,214.06300354003906,113.81199645996094,115.2509994506836,202.51528930664062,1.6286300420761108,1.6080299615859985,4499.2998046875,75.6449966430664,1921.5999755859375,6.395999908447266,88.9000015258789,93.70999908447266,3.2850000858306885,455.75,1194.5,624.0,274.25,13.930000305175781,4099.0,76.7699966430664,249.75,96.9749984741211,1377.5999755859375,3.1851999759674072,3.6187000274658203,15.739999771118164,99.0199966430664,4.454999923706055,3.5899999141693115,7563.6298828125,50668.96875,26917.470703125,10426.0,64693.12109375
2026-05-29,1.1652837991714478,1.3444474935531616,159.27000427246094,0.7164201736450195,1.378290057182312,0.7836599946022034,0.594569206237793,96.04820251464844,6.7795000076293945,1.2755000591278076,7.8333001136779785,1495.2900390625,5.051700115203857,17.308300018310547,45.89179992675781,16.21923065185547,9.244460105895996,9.249110221862793,6.412829875946045,3.6242001056671143,20.811800003051758,303.8810119628906,185.58599853515625,0.8664100170135498,214.1199951171875,114.05999755859375,115.54499816894531,203.18247985839844,1.6266000270843506,1.6058100461959839,4560.5,75.61599731445312,1922.199951171875,6.359499931335449,87.36000061035156,92.05000305175781,3.2899999618530273,446.75,1186.75,610.5,265.6000061035156,14.0600004196167,3923.0,76.1500015258789,248.25,95.8499984741211,1361.0,3.126699924468994,3.5373001098632812,15.319999694824219,98.91000366210938,4.453000068664551,3.5880000591278076,7580.06005859375,51032.4609375,26972.619140625,10409.2998046875,66329.5
2026-06-01,1.164890170097351,1.345152735710144,159.35299682617188,0.7180498242378235,1.3796299695968628,0.7818599939346313,0.5981684327125549,95.00299835205078,6.766200065612793,1.2768700122833252,7.83581018447876,1506.8399658203125,5.0391998291015625,17.342500686645508,45.897701263427734,16.22995948791504,9.2389497756958,9.239130020141602,6.41540002822876,3.630690097808838,20.82200050354004,303.0820007324219,185.6300048828125,0.8659600019454956,214.33799743652344,114.41799926757812,115.48699951171875,203.7990264892578,1.622230052947998,1.6069899797439575,4475.2001953125,75.00700378417969,1922.4000244140625,6.52400016784668,92.16000366210938,94.9800033569336,3.178999900817871,444.0,1180.75,608.75,260.6000061035156,14.449999809265137,3895.0,76.63999938964844,249.0,95.0250015258789,1360.5,3.084700107574463,3.639400005340576,16.049999237060547,99.19999694824219,4.474999904632568,3.619999885559082,7599.9599609375,51078.87890625,27086.810546875,10339.0,66934.328125
2026-06-02,1.1635483503341675,1.3460001945495605,159.63600158691406,0.7164298892021179,1.3839199542999268,0.7861400246620178,0.5935704112052917,95.55139923095703,6.764999866485596,1.278309941291809,7.836999893188477,1511.27001953125,5.038599967956543,17.352949142456055,45.92539978027344,16.292980194091797,9.26865005493164,9.306750297546387,6.421879768371582,3.6386499404907227,20.855199813842773,304.1130065917969,185.7449951171875,0.8644099831581116,214.8719940185547,114.36900329589844,115.33300018310547,202.98699951171875,1.6239299774169922,1.6104199886322021,4489.10009765625,75.31099700927734,1937.4000244140625,6.649499893188477,93.76000213623047,96.0,3.1670000553131104,440.5,1165.25,603.0,259.20001220703125,14.380000114440918,4108.0,77.04000091552734,247.6750030517578,95.69999694824219,1373.0999755859375,3.1442999839782715,3.698699951171875,15.770000457763672,99.22000122070312,4.454999923706055,3.618000030517578,7609.77978515625,51307.7890625,27093.900390625,10373.5,66734.2421875
2026-06-03,1.1622096300125122,1.3454241752624512,159.96800231933594,0.7174115777015686,1.3844499588012695,0.7882500290870667,0.5922486186027527,95.26300048828125,6.762199878692627,1.2798000574111938,7.836900234222412,1516.5999755859375,5.020699977874756,17.298250198364258,45.945098876953125,16.253400802612305,9.285050392150879,9.328780174255371,6.428470134735107,3.643620014190674,20.808500289916992,304.625,185.90899658203125,0.863789975643158,215.19000244140625,114.75900268554688,115.54100036621094,202.91848754882812,1.6199400424957275,1.6087599992752075,4436.7001953125,73.47599792480469,1868.699951171875,6.480999946594238,96.0199966430664,97.80999755859375,3.2139999866485596,431.5,1154.0,587.25,253.10000610351562,14.239999771118164,4072.0,76.7300033569336,246.625,96.05000305175781,1317.0999755859375,3.1315999031066895,3.848099946975708,16.059999465942383,99.52999877929688,4.491000175476074,3.622999906539917,7553.68017578125,50687.0703125,26853.98046875,10332.2998046875,68402.1328125
2026-06-04,1.160941243171692,1.3427144289016724,159.94000244140625,0.7134499549865723,1.3893200159072876,0.7910299897193909,0.5871197581291199,96.16449737548828,6.769199848175049,1.282960057258606,7.835740089416504,1530.1099853515625,5.077400207519531,17.3262996673584,45.97380065917969,16.339099884033203,9.30858039855957,9.387129783630371,6.436379909515381,3.6526501178741455,20.846500396728516,306.0679931640625,185.677001953125,0.8645899891853333,214.7429962158203,114.09100341796875,115.11799621582031,202.16000366210938,1.6272499561309814,1.6126600503921509,4475.7998046875,73.77899932861328,1894.0,6.511000156402588,93.04000091552734,95.02999877929688,3.3359999656677246,424.5,1129.5,581.75,247.14999389648438,14.270000457763672,3965.0,74.88999938964844,249.1750030517578,95.30000305175781,1318.800048828125,3.038300037384033,3.673799991607666,15.399999618530273,99.41000366210938,4.4770002365112305,3.619999885559082,7584.31005859375,51561.9296875,26830.9609375,10360.2998046875,67470.6875
2026-06-05,1.1612648963928223,1.3427000045776367,159.99000549316406,0.7132158875465393,1.3905999660491943,0.7889000177383423,0.5869888067245483,95.79029846191406,6.773499965667725,1.284690022468567,7.8343000411987305,1533.0699462890625,5.060699939727783,17.277700424194336,46.06439971923828,16.306900024414062,9.336600303649902,9.37440013885498,6.436049938201904,3.646209955215454,20.808300018310547,304.1910095214844,185.76800537109375,0.8648999929428101,214.72999572753906,114.05799865722656,115.01000213623047,202.67153930664062,1.6283299922943115,1.614400029182434,4337.10009765625,68.94300079345703,1792.0,6.263500213623047,90.54000091552734,93.08999633789062,3.2290000915527344,417.5,1121.5,580.0,246.5,14.140000343322754,3762.0,73.75,250.0749969482422,94.30000305175781,1247.0999755859375,3.0459001064300537,3.587399959564209,21.510000228881836,100.06999969482422,4.535999774932861,3.625,7383.740234375,50866.78125,25709.4296875,10368.099609375,66588.1171875
2026-06-08,1.1522595882415771,1.3335645198822021,160.32699584960938,0.7043498158454895,1.3944400548934937,0.7964199781417847,0.5796698331832886,94.95030212402344,6.765500068664551,1.2905000448226929,7.834129810333252,1554.47998046875,5.177000045776367,17.46269989013672,46.09109878540039,16.5575008392334,9.454339981079102,9.461950302124023,6.486080169677734,3.681570053100586,20.972700119018555,308.26300048828125,184.73199462890625,0.8639799952507019,213.80099487304688,112.91272735595703,114.95800018310547,201.27908325195312,1.6359299421310425,1.6066999435424805,4335.89990234375,68.42500305175781,1749.4000244140625,6.329500198364258,91.30000305175781,94.25,3.1470000743865967,418.75,1115.75,583.25,245.89999389648438,14.119999885559082,3831.0,73.38999938964844,246.52499389648438,94.0250015258789,1200.9000244140625,3.0706000328063965,3.599900007247925,18.920000076293945,100.05000305175781,4.552000045776367,3.628000020980835,7405.72998046875,50786.01171875,25929.66015625,10373.2001953125,64024.6015625
2026-06-09,1.1528440713882446,1.3333333730697632,160.1739959716797,0.704049825668335,1.3956300020217896,0.7981699705123901,0.5803594589233398,95.68830108642578,6.765500068664551,1.2887799739837646,7.836120128631592,1528.8800048828125,5.203100204467773,17.46769905090332,46.10660171508789,16.526100158691406,9.470149993896484,9.440130233764648,6.48199987411499,3.6760499477386475,20.963300704956055,308.1130065917969,184.64999389648438,0.864549994468689,213.57400512695312,112.74600219726562,114.75399780273438,200.65687561035156,1.637660026550293,1.6088600158691406,4260.0,65.09400177001953,1708.5999755859375,6.302499771118164,88.19999694824219,91.44999694824219,3.140000104904175,419.5,1113.75,585.25,244.39999389648438,14.079999923706055,3831.0,71.26000213623047,248.02499389648438,93.57499694824219,1213.5999755859375,3.0211000442504883,3.541800022125244,19.8700008392334,99.91000366210938,4.5279998779296875,3.634999990463257,7386.64990234375,50872.109375,25678.8203125,10227.2998046875,65416.62890625
2026-06-10,1.1535356044769287,1.3372201919555664,160.38400268554688,0.7023113369941711,1.3953800201416016,0.7992600202560425,0.5807504653930664,95.36029815673828,6.772500038146973,1.2873899936676025,7.837299823760986,1525.81005859375,5.190100193023682,17.45401954650879,46.119998931884766,16.448699951171875,9.510049819946289,9.482990264892578,6.479050159454346,3.674099922180176,20.9281005859375,308.29998779296875,185.0019989013672,0.8624100089073181,214.45599365234375,112.62699890136719,114.93000030517578,200.60067749023438,1.642259955406189,1.6093800067901611,4108.2001953125,64.5989990234375,1688.0,6.249000072479248,90.02999877929688,93.0999984741211,3.184999942779541,419.0,1123.0,587.5,248.39999389648438,13.920000076293945,3757.0,71.0999984741211,250.10000610351562,93.17500305175781,1230.800048828125,3.1098999977111816,3.612600088119507,22.219999313354492,99.94999694824219,4.541999816894531,3.634999990463257,7266.990234375,49918.78125,25169.5,10254.7998046875,64179.26953125
2026-06-11,1.1535621881484985,1.3362016677856445,160.52699279785156,0.6994200348854065,1.3946800231933594,0.7999500036239624,0.5794313549995422,95.64450073242188,6.772500038146973,1.288100004196167,7.835549831390381,1525.050048828125,5.1921000480651855,17.421100616455078,46.150901794433594,16.582679748535156,9.466850280761719,9.516039848327637,6.478509902954102,3.6844499111175537,20.96139907836914,308.14599609375,185.17100524902344,0.8630800247192383,214.48699951171875,112.26799774169922,115.09100341796875,200.6479949951172,1.6492500305175781,1.6088099479675293,4090.300048828125,63.8849983215332,1662.5999755859375,6.258999824523926,87.70999908447266,90.37999725341797,3.0869998931884766,411.75,1115.0,586.75,253.9499969482422,13.789999961853027,3710.0,72.48999786376953,251.47500610351562,92.7750015258789,1234.5999755859375,3.1013998985290527,3.5130999088287354,19.440000534057617,99.86000061035156,4.4629998207092285,3.622999906539917,7394.2998046875,50848.75,25809.66015625,10303.900390625,64217.26953125
2026-06-12,1.157594919204712,1.341381549835205,160.1300048828125,0.7047901749610901,1.3972400426864624,0.7950500249862671,0.5832808613777161,95.76010131835938,6.7754998207092285,1.2840800285339355,7.8356099128723145,1517.3800048828125,5.113800048828125,17.246610641479492,46.24079895019531,16.280500411987305,9.48805046081543,9.44221019744873,6.455580234527588,3.667710065841675,20.867399215698242,305.0429992675781,185.36500549316406,0.8628900051116943,214.77499389648438,112.84100341796875,114.5989990234375,201.38897705078125,1.6423900127410889,1.6172800064086914,4215.0,67.85900115966797,1709.199951171875,6.430500030517578,84.87999725341797,87.33000183105469,3.119999885559082,412.75,1113.5,584.5,257.20001220703125,13.699999809265137,3779.0,72.94000244140625,249.875,92.5250015258789,1276.199951171875,3.049799919128418,3.404400110244751,17.68000030517578,99.75,4.486999988555908,3.618000030517578,7431.4599609375,51202.26171875,25888.83984375,10471.7001953125,66020.0390625
2026-06-15,1.1603081226348877,1.344971776008606,159.9550018310547,0.7075197696685791,1.3963600397109985,0.7939000129699707,0.585538387298584,95.11029815673828,6.765999794006348,1.281209945678711,7.834630012512207,1509.5,5.0609002113342285,17.16629981994629,46.26443862915039,16.168399810791016,9.494050025939941,9.384420394897461,6.441370010375977,3.654550075531006,20.78569984436035,302.4800109863281,185.5959930419922,0.8626899719238281,215.1320037841797,113.16400146484375,114.53600311279297,201.45936584472656,1.6399699449539185,1.6200300455093384,4328.0,70.06600189208984,1770.0,6.482500076293945,80.75,83.16999816894531,3.1470000743865967,415.5,1119.25,589.75,262.95001220703125,13.680000305175781,3882.0,73.43000030517578,250.625,96.57499694824219,1346.800048828125,2.947200059890747,3.2664999961853027,16.200000762939453,99.62999725341797,4.468999862670898,3.618000030517578,7554.2900390625,51671.03125,26683.939453125,10430.599609375,69317.5
2026-06-16,1.1594202518463135,1.341599464416504,160.22900390625,0.7073001265525818,1.3990000486373901,0.7944300174713135,0.5827913284301758,94.74169921875,6.756999969482422,1.2822999954223633,7.834499835968018,1513.31005859375,5.075099945068359,17.21269989013672,46.284400939941406,16.184349060058594,9.531900405883789,9.396869659423828,6.44665002822876,3.6649599075317383,20.802600860595703,301.64599609375,185.7100067138672,0.8640000224113464,214.9499969482422,113.31700134277344,114.51000213623047,201.65028381347656,1.6389700174331665,1.6219199895858765,4330.89990234375,69.89900207519531,1812.0999755859375,6.488999843597412,76.05000305175781,78.95999908447266,3.239000082015991,413.75,1130.0,596.0,277.25,13.819999694824219,4142.0,75.01000213623047,255.3000030517578,94.80000305175781,1355.9000244140625,2.880500078201294,3.1702001094818115,16.40999984741211,99.54000091552734,4.427999973297119,3.630000114440918,7511.35009765625,51999.671875,26376.33984375,10494.2001953125,69404.5
2026-06-17,1.1609952449798584,1.3426424264907837,160.41900634765625,0.7065500020980835,1.3995699882507324,0.7931100130081177,0.5831209421157837,94.88860321044922,6.757199764251709,1.2822500467300415,7.832590103149414,1510.9599609375,5.101900100708008,17.206510543823242,46.30540084838867,16.188600540161133,9.4693603515625,9.357489585876465,6.436910152435303,3.6484498977661133,20.785999298095703,300.5159912109375,186.24099731445312,0.8647300004959106,215.36099243164062,113.33499908447266,114.62100219726562,202.2307586669922,1.6431100368499756,1.6244900226593018,4358.89990234375,70.69599914550781,1790.699951171875,6.481500148773193,76.79000091552734,79.55000305175781,3.1449999809265137,421.0,1132.0,612.75,277.8500061035156,13.850000381469727,4144.0,76.9000015258789,255.72500610351562,94.6500015258789,1349.0999755859375,2.909600019454956,3.1946001052856445,18.440000534057617,100.08999633789062,4.4629998207092285,3.6470000743865967,7420.10009765625,51492.55078125,26021.66015625,10508.599609375,69902.25
2026-06-18,1.150734782218933,1.3301233053207397,160.60000610351562,0.7018499374389648,1.409980058670044,0.7994099855422974,0.5774805545806885,94.85890197753906,6.757199764251709,1.2879600524902344,7.834959983825684,1525.4200439453125,5.122099876403809,17.297700881958008,46.44004821777344,16.363759994506836,9.610750198364258,9.508660316467285,6.494740009307861,3.686199903488159,20.959699630737305,304.56298828125,184.80599975585938,0.8651000261306763,213.60800170898438,112.70999908447266,113.88099670410156,200.88400268554688,1.6394599676132202,1.6225899457931519,4224.10009765625,66.25499725341797,1705.199951171875,6.374499797821045,76.5999984741211,79.8499984741211,3.2330000400543213,417.5,1122.75,605.75,275.1000061035156,13.59000015258789,4143.0,76.05000305175781,254.8000030517578,95.0250015258789,1274.5,2.9948999881744385,3.1273000240325928,16.399999618530273,100.8499984741211,4.451000213623047,3.6579999923706055,7500.580078125,51564.69921875,26517.9296875,10399.7001953125,71053.4921875
2026-06-19,1.1458560228347778,1.3202017545700073,161.28900146484375,0.7013099789619446,1.4140700101852417,0.8048999905586243,0.57548987865448,94.33989715576172,6.768599987030029,1.2904399633407593,7.836810111999512,1537.56005859375,5.18149995803833,17.354740142822266,46.419891357421875,16.44029998779297,9.740699768066406,9.582220077514648,6.52170991897583,3.7125799655914307,21.10610008239746,307.1499938964844,184.81500244140625,0.8678600192070007,212.927001953125,113.10399627685547,114.05500030517578,200.37132263183594,1.633829951286316,1.62021005153656,4224.10009765625,66.25499725341797,1705.199951171875,6.374499797821045,76.5999984741211,79.8499984741211,3.2330000400543213,417.5,1122.75,605.75,275.1000061035156,13.59000015258789,4143.0,76.05000305175781,254.8000030517578,95.0250015258789,1274.5,2.9948999881744385,3.1273000240325928,16.399999618530273,100.8499984741211,4.451000213623047,3.6579999923706055,7500.580078125,51564.69921875,26517.9296875,10363.2998046875,71250.0625
2026-06-22,1.1462763547897339,1.3207945823669434,161.43299865722656,0.7002899646759033,1.41743004322052,0.8079699873924255,0.5734602212905884,94.3302993774414,6.768599987030029,1.2924200296401978,7.836450099945068,1531.3299560546875,5.151400089263916,17.347200393676758,46.45209884643555,16.45012092590332,9.697879791259766,9.588760375976562,6.520520210266113,3.709439992904663,21.085100173950195,306.3380126953125,185.04299926757812,0.8678600192070007,213.2050018310547,113.03900146484375,113.88200378417969,199.76499938964844,1.6368099451065063,1.6245800256729126,4181.89990234375,65.5270004272461,1670.300048828125,6.356500148773193,74.81999969482422,77.9000015258789,3.253000020980835,411.5,1115.75,597.5,277.0,13.350000381469727,4525.0,75.20999908447266,255.8249969482422,94.6500015258789,1257.0999755859375,2.986999988555908,3.093100070953369,17.280000686645508,101.0199966430664,4.508999824523926,3.680000066757202,7472.7900390625,51712.7109375,26166.599609375,10437.900390625,72353.9609375
2026-06-23,1.1427135467529297,1.3247138261795044,161.57000732421875,0.6994621157646179,1.4158400297164917,0.8087999820709229,0.5711707472801208,94.70059967041016,6.774499893188477,1.2935199737548828,7.839300155639648,1539.050048828125,5.156499862670898,17.36389923095703,46.46657180786133,16.394500732421875,9.691180229187012,9.619629859924316,6.540329933166504,3.7342700958251953,21.161100387573242,307.8599853515625,184.6219940185547,0.8625800013542175,214.02699279785156,113.00499725341797,114.09300231933594,199.76416015625,1.6336499452590942,1.6177699565887451,4129.89990234375,62.02000045776367,1660.9000244140625,6.140999794006348,73.20999908447266,77.08000183105469,3.1470000743865967,409.75,1117.0,586.75,287.95001220703125,13.420000076293945,4545.0,73.95999908447266,255.14999389648438,94.2249984741211,1230.699951171875,2.9590001106262207,3.154599905014038,19.489999771118164,101.41000366210938,4.493000030517578,3.690000057220459,7365.4599609375,51666.83984375,25587.0390625,10428.900390625,69788.3828125
2026-06-24,1.1379542350769043,1.3200099468231201,161.5989990234375,0.6915600895881653,1.4209599494934082,0.8097100257873535,0.5664695501327515,95.18370056152344,6.789999961853027,1.2967400550842285,7.840400218963623,1535.25,5.197700023651123,17.553600311279297,46.47090148925781,16.536699295043945,9.789810180664062,9.734390258789062,6.568069934844971,3.7555599212646484,21.250600814819336,311.5369873046875,183.8820037841797,0.8620399832725525,213.3000030517578,111.7040023803711,113.7030029296875,199.55670166015625,1.645359992980957,1.6167900562286377,3990.300048828125,58.051998138427734,1580.5999755859375,5.942999839782715,70.33999633789062,73.73999786376953,3.2209999561309814,407.0,1108.75,585.75,291.54998779296875,13.420000076293945,4902.0,72.08999633789062,256.0,93.8499984741211,1161.300048828125,2.8817999362945557,3.1761999130249023,18.6299991607666,101.61000061035156,4.4019999504089355,3.690000057220459,7358.22021484375,51848.8984375,25476.640625,10461.599609375,69174.96875
2026-06-25,1.1354217529296875,1.3166556358337402,161.76300048828125,0.6900001764297485,1.4235199689865112,0.8125799894332886,0.5644615292549133,94.4406967163086,6.789999961853027,1.297379970550537,7.8389201164245605,1542.760009765625,5.207499980926514,17.62070083618164,46.50558853149414,16.56439971923828,9.848250389099121,9.7535400390625,6.583499908447266,3.771250009536743,21.322099685668945,312.6029968261719,183.6699981689453,0.8624500036239624,212.947998046875,111.59200286865234,113.63800048828125,199.0330047607422,1.6457600593566895,1.6160199642181396,4030.5,58.347999572753906,1601.699951171875,6.070499897003174,71.91999816894531,75.26000213623047,3.3429999351501465,414.75,1127.5,591.0,288.79998779296875,13.550000190734863,5159.0,73.4000015258789,257.3999938964844,92.69999694824219,1180.199951171875,3.0272998809814453,3.2981998920440674,18.889999389648438,101.43000030517578,4.392000198364258,3.680000066757202,7357.490234375,51920.62109375,25358.599609375,10529.900390625,72366.34375
2026-06-26,1.1361699104309082,1.318791389465332,161.80499267578125,0.6900501847267151,1.4200600385665894,0.8105199933052063,0.5643309354782104,94.40039825439453,6.789999961853027,1.2968100309371948,7.839550018310547,1546.47998046875,5.1940999031066895,17.509899139404297,46.57929992675781,16.501380920410156,9.867950439453125,9.74032974243164,6.578249931335449,3.766129970550537,21.342199325561523,310.885986328125,183.82699584960938,0.861329972743988,213.3699951171875,111.62699890136719,113.93000030517578,199.5684814453125,1.6464500427246094,1.613379955291748,4078.699951171875,59.21699905395508,1630.9000244140625,6.141499996185303,69.2300033569336,71.98999786376953,3.2309999465942383,412.75,1126.25,578.25,286.75,13.979999542236328,5014.0,71.66000366210938,257.45001220703125,92.92500305175781,1209.0,2.9570999145507812,3.208199977874756,18.40999984741211,101.36000061035156,4.372000217437744,3.6630001068115234,7354.02001953125,51876.109375,25297.619140625,10508.0,69360.8828125
2026-06-29,1.1385631561279297,1.319713830947876,161.78700256347656,0.6896218657493591,1.4189800024032593,0.8100699782371521,0.5640698671340942,94.36029815673828,6.797999858856201,1.294510006904602,7.84181022644043,1535.239990234375,5.1707000732421875,17.504899978637695,46.6161994934082,16.474700927734375,9.932499885559082,9.734749794006348,6.564700126647949,3.764120101928711,21.284000396728516,310.4700012207031,184.19000244140625,0.8626999855041504,213.50100708007812,111.56700134277344,113.9990005493164,199.71377563476562,1.6509300470352173,1.6154500246047974,4022.300048828125,58.17499923706055,1574.5,6.097499847412109,70.75,73.1500015258789,3.180999994277954,402.0,1108.75,569.5,291.1000061035156,14.289999961853027,4895.0,72.0,257.3999938964844,93.82499694824219,1210.4000244140625,3.0613999366760254,3.331700086593628,17.649999618530273,101.11000061035156,4.374000072479248,3.680000066757202,7440.43017578125,52182.73828125,25820.140625,10484.2001953125,69468.109375
2026-06-30,1.1422044038772583,1.325398564338684,161.92300415039062,0.6882398128509521,1.4208999872207642,0.8076000213623047,0.5651313662528992,94.79049682617188,6.793600082397461,1.292099952697754,7.8403000831604,1541.72998046875,5.181787014007568,17.472000122070312,46.64070129394531,16.419330596923828,9.925580024719238,9.70895004272461,6.545229911804199,3.7538199424743652,21.222999572753906,309.5400085449219,184.9010009765625,0.8613700270652771,214.59300231933594,111.43199920654297,113.93399810791016,200.43467712402344,1.6591399908065796,1.622689962387085,4022.89990234375,59.47700119018555,1550.199951171875,6.192500114440918,69.5,72.91999816894531,3.2750000953674316,412.75,1116.75,580.75,311.20001220703125,14.34000015258789,5002.0,72.22000122070312,258.20001220703125,94.32499694824219,1200.0,3.014400005340576,3.316800117492676,16.450000762939453,101.19000244140625,4.418000221252441,3.7320001125335693,7499.35986328125,52319.19921875,26213.720703125,10497.099609375,70062.3203125
2026-07-01,1.1413310766220093,1.325065016746521,162.6280059814453,0.6912999749183655,1.4205000400543213,0.8087000250816345,0.5675304532051086,94.91799926757812,6.793600082397461,1.2941499948501587,7.842450141906738,1548.6099853515625,5.174699783325195,17.492900848388672,46.654701232910156,16.374799728393555,9.908679962158203,9.705710411071777,6.548349857330322,3.764859914779663,21.22559928894043,311.114013671875,185.60699462890625,0.861329972743988,215.47999572753906,112.375,114.45800018310547,201.05999755859375,1.6510800123214722,1.6212199926376343,4068.300048828125,60.084999084472656,1588.9000244140625,6.123499870300293,68.58000183105469,71.56999969482422,3.2200000286102295,421.0,1126.25,592.0,324.29998779296875,14.989999771118164,5006.0,73.27999877929688,241.8249969482422,93.3499984741211,1212.800048828125,2.945199966430664,3.217900037765503,16.59000015258789,101.38999938964844,4.474999904632568,3.700000047683716,7483.22998046875,52305.23828125,26040.029296875,10478.2998046875,70474.9609375
2026-07-02,1.13779878616333,1.3279330730438232,162.53900146484375,0.6892097592353821,1.4217300415039062,0.809149980545044,0.5675497651100159,95.4175033569336,6.7941999435424805,1.2955600023269653,7.843800067901611,1551.81005859375,5.220600128173828,17.554349899291992,46.67720031738281,16.394800186157227,9.909549713134766,9.719539642333984,6.5690999031066895,3.7708799839019775,21.27400016784668,311.9129943847656,184.91600036621094,0.8565300107002258,215.82699584960938,111.99199676513672,114.31199645996094,200.84764099121094,1.651110053062439,1.6174099445343018,4112.7001953125,60.643001556396484,1616.5999755859375,6.114500045776367,68.69000244140625,71.80000305175781,3.196000099182129,425.0,1131.75,590.5,315.6499938964844,14.850000381469727,4949.0,72.56999969482422,239.22500610351562,93.8499984741211,1261.9000244140625,2.91729998588562,3.1821999549865723,16.149999618530273,100.86000061035156,4.485000133514404,3.6679999828338623,7483.240234375,52900.0703125,25832.669921875,10652.900390625,68733.1484375
2026-07-03,1.1422696113586426,1.3338704109191895,161.44900512695312,0.6916002035140991,1.419029951095581,0.8044099807739258,0.5692912936210632,95.527099609375,6.788599967956543,1.2926900386810303,7.842810153961182,1542.1300048828125,5.2221999168396,17.476299285888672,46.7234992980957,16.2632999420166,9.853039741516113,9.683899879455566,6.54286003112793,3.752190113067627,21.17060089111328,309.1310119628906,184.4029998779297,0.8561000227928162,215.3470001220703,111.6520004272461,113.76599884033203,200.67799377441406,1.6516000032424927,1.620710015296936,4112.7001953125,60.643001556396484,1616.5999755859375,6.114500045776367,68.69000244140625,71.80000305175781,3.196000099182129,425.0,1131.75,590.5,315.6499938964844,14.850000381469727,4949.0,72.56999969482422,239.22500610351562,93.8499984741211,1261.9000244140625,2.91729998588562,3.1821999549865723,16.149999618530273,100.86000061035156,4.485000133514404,3.6679999828338623,7483.240234375,52900.0703125,25832.669921875,10679.0,69744.0703125
2026-07-06,1.1437721252441406,1.335309624671936,161.45199584960938,0.6937001347541809,1.4204200506210327,0.8037999868392944,0.5706000924110413,95.21479797363281,6.788599967956543,1.291700005531311,7.842820167541504,1531.0,5.1844000816345215,17.476680755615234,46.80759811401367,16.230409622192383,9.828160285949707,9.640239715576172,6.535019874572754,3.748300075531006,21.141000747680664,308.3160095214844,184.6479949951172,0.8564900159835815,215.57899475097656,111.98999786376953,113.6520004272461,200.85330200195312,1.648669958114624,1.6243699789047241,4155.10009765625,61.91999816894531,1631.699951171875,6.177999973297119,68.55000305175781,71.98999786376953,3.244999885559082,440.75,1182.25,606.0,363.95001220703125,15.220000267028809,5602.0,73.94999694824219,239.10000610351562,93.3499984741211,1260.4000244140625,3.0032999515533447,3.2983999252319336,15.569999694824219,100.8499984741211,4.479000091552734,3.690000057220459,7537.43017578125,53055.91015625,26121.16015625,10651.7998046875,69737.6875
2026-07-07,1.144177794456482,1.3397893905639648,162.08799743652344,0.6955297589302063,1.4207799434661865,0.805079996585846,0.5701611638069153,95.60350036621094,6.79580020904541,1.2916799783706665,7.842299938201904,1528.760009765625,5.143599987030029,17.38129997253418,46.81850051879883,16.198699951171875,9.780980110168457,9.62460994720459,6.531990051269531,3.7457098960876465,21.094200134277344,308.822998046875,185.4530029296875,0.8541799783706665,217.1020050048828,112.72899627685547,114.08100128173828,201.3123321533203,1.6449600458145142,1.6254600286483765,4145.2998046875,60.930999755859375,1651.199951171875,6.171500205993652,70.44000244140625,74.16000366210938,3.265000104904175,442.5,1196.75,609.25,331.6000061035156,15.140000343322754,5667.0,76.94000244140625,238.4250030517578,93.44999694824219,1270.5999755859375,2.953900098800659,3.3017001152038574,16.1299991607666,101.13999938964844,4.5289998054504395,3.7249999046325684,7503.85009765625,52925.1484375,25818.689453125,10665.900390625,68256.9609375
2026-07-08,1.140380859375,1.3348907232284546,162.36300659179688,0.6922600269317627,1.4203499555587769,0.8088200092315674,0.567659318447113,95.59339904785156,6.793399810791016,1.293619990348816,7.841599941253662,1519.8599853515625,5.170899868011475,17.524200439453125,46.851898193359375,16.320899963378906,9.805870056152344,9.699130058288574,6.555970191955566,3.7706499099731445,21.2101993560791,310.3080139160156,185.11700439453125,0.8542299866676331,216.68600463867188,112.38200378417969,114.2959976196289,200.66099548339844,1.6469999551773071,1.6193699836730957,4070.89990234375,58.16400146484375,1576.4000244140625,6.054500102996826,73.5199966430664,78.0199966430664,3.2119998931884766,434.75,1195.0,599.5,324.25,15.109999656677246,5959.0,76.20999908447266,237.625,94.5,1213.4000244140625,3.1033999919891357,3.6575000286102295,16.899999618530273,101.05000305175781,4.568999767303467,3.7230000495910645,7482.7099609375,52348.390625,25870.650390625,10489.0,66819.046875
2026-07-09,1.1422044038772583,1.339620590209961,162.53900146484375,0.6936299204826355,1.416700005531311,0.8080599904060364,0.5715788006782532,95.86180114746094,6.802499771118164,1.293429970741272,7.838799953460693,1503.3499755859375,5.16349983215332,17.56800079345703,46.868099212646484,16.400299072265625,9.759349822998047,9.690239906311035,6.54449987411499,3.769200086593628,21.21929931640625,313.4599914550781,185.63299560546875,0.8524900078773499,217.6929931640625,112.73100280761719,114.72000122070312,201.11366271972656,1.6466100215911865,1.6175999641418457,4130.60009765625,60.37799835205078,1618.800048828125,6.215000152587891,72.08000183105469,76.30000305175781,3.01200008392334,427.75,1179.75,611.25,356.95001220703125,15.119999885559082,6309.0,76.16000366210938,235.25,94.32499694824219,1243.9000244140625,3.0387001037597656,3.5715999603271484,15.84000015258789,100.94000244140625,4.539000034332275,3.681999921798706,7543.64013671875,52487.41015625,26206.890625,10472.5,67743.8515625
2026-07-10,1.1433405876159668,1.3415615558624268,162.36300659179688,0.6944401264190674,1.4162399768829346,0.8065400123596191,0.5762293934822083,95.39019775390625,6.792099952697754,1.2920000553131104,7.8358001708984375,1505.9100341796875,5.133900165557861,17.53820037841797,46.94770050048828,16.315000534057617,9.712019920349121,9.65941047668457,6.537919998168945,3.785330057144165,21.191499710083008,311.9630126953125,185.62899780273438,0.8523200154304504,217.7779998779297,112.72200012207031,114.59100341796875,201.27499389648438,1.6461000442504883,1.6195900440216064,4104.10009765625,59.808998107910156,1618.0999755859375,6.233500003814697,71.41000366210938,76.01000213623047,2.940000057220459,438.0,1196.5,632.0,343.0,14.880000114440918,5919.0,79.91999816894531,235.1999969482422,94.7750015258789,1266.300048828125,2.984600067138672,3.553299903869629,15.029999732971191,100.97000122070312,4.568999767303467,3.694999933242798,7575.39013671875,52637.01171875,26281.609375,10497.2998046875,68557.7265625
2026-07-13,1.1404459476470947,1.3386881351470947,161.8780059814453,0.6942197680473328,1.4163399934768677,0.8093600273132324,0.5758709907531738,95.32499694824219,6.776599884033203,1.2925100326538086,7.8394598960876465,1498.47998046875,5.107800006866455,17.500520706176758,46.986541748046875,16.354900360107422,9.779829978942871,9.678930282592773,6.553679943084717,3.79436993598938,21.25860023498535,312.3680114746094,184.61199951171875,0.8518999814987183,216.69900512695312,112.37000274658203,114.27799987792969,199.98916625976562,1.6427099704742432,1.615149974822998,3997.0,57.63399887084961,1602.199951171875,6.232999801635742,78.13999938964844,83.30000305175781,2.8970000743865967,437.75,1202.0,627.0,341.3999938964844,14.75,5696.0,79.83000183105469,234.72500610351562,94.7750015258789,1242.699951171875,3.166300058364868,3.8236000537872314,17.15999984741211,101.27999877929688,4.609000205993652,3.7279999256134033,7515.33984375,52498.640625,25873.1796875,10498.2998046875,67242.7265625
2026-07-14,1.1384334564208984,1.3347926139831543,162.4290008544922,0.6918213367462158,1.4149399995803833,0.8147299885749817,0.5763389468193054,96.29889678955078,6.7795000076293945,1.2940900325775146,7.837500095367432,1497.699951171875,5.147900104522705,17.518800735473633,47.02259826660156,16.467830657958984,9.778249740600586,9.71448040008545,6.566669940948486,3.8042900562286377,21.312000274658203,314.4020080566406,184.875,0.8527200222015381,216.79800415039062,112.36299896240234,114.76499938964844,199.33692932128906,1.6452399492263794,1.6104700565338135,4061.10009765625,58.77199935913086,1631.5,6.329999923706055,79.33999633789062,84.7300033569336,2.9040000438690186,433.75,1207.25,631.25,337.20001220703125,14.880000114440918,5660.0,79.5999984741211,231.4250030517578,95.0999984741211,1298.5999755859375,3.227299928665161,4.0142998695373535,16.5,100.94000244140625,4.585000038146973,3.700000047683716,7543.58984375,52508.26953125,26107.009765625,10529.400390625,67743.5
2026-07-15,1.1424654722213745,1.3397103548049927,162.18699645996094,0.6976497769355774,1.405150055885315,0.8090599775314331,0.5813513994216919,96.42530059814453,6.769999980926514,1.2906800508499146,7.837490081787109,1487.8800048828125,5.087900161743164,17.418800354003906,47.02579879760742,16.34670066833496,9.68490982055664,9.655759811401367,6.542719841003418,3.7831599712371826,21.2106990814209,313.5169982910156,185.2899932861328,0.8527399897575378,217.27699279785156,113.14299774169922,115.41100311279297,200.45272827148438,1.6375499963760376,1.605299949645996,4044.0,57.11000061035156,1631.5,6.293499946594238,79.5999984741211,84.94999694824219,2.9240000247955322,447.5,1202.25,677.5,334.45001220703125,14.850000381469727,5737.0,80.55999755859375,230.125,95.17500305175781,1283.199951171875,3.3008999824523926,3.9482998847961426,15.670000076293945,100.5,4.545000076293945,3.687999963760376,7572.39990234375,52658.640625,26269.23046875,10515.900390625,68751.5078125
2026-07-16,1.1470258235931396,1.3541291952133179,162.07200622558594,0.7008101344108582,1.4037100076675415,0.8046600222587585,0.5847799181938171,96.49859619140625,6.768199920654297,1.2883599996566772,7.838260173797607,1486.199951171875,5.09089994430542,17.3700008392334,47.036598205566406,16.31800079345703,9.649709701538086,9.591070175170898,6.517149925231934,3.7656500339508057,21.077299118041992,313.1400146484375,185.88099670410156,0.8469399809837341,219.38699340820312,113.5459976196289,115.43000030517578,201.3942413330078,1.6366599798202515,1.6093000173568726,3985.60009765625,55.89799880981445,1635.699951171875,6.296000003814697,78.94999694824219,84.2300033569336,2.8580000400543213,441.5,1195.0,674.75,321.29998779296875,14.4399995803833,5216.0,77.69000244140625,227.0749969482422,100.2750015258789,1263.5,3.2846999168395996,4.030700206756592,16.729999542236328,100.7300033569336,4.568999767303467,3.697000026702881,7533.77001953125,52552.96875,25881.94921875,10572.2001953125,66835.5390625
2026-07-17,1.1444659233093262,1.3478904962539673,162.37600708007812,0.6999399662017822,1.4036999940872192,0.8083099722862244,0.5841804146766663,96.6521987915039,6.772500038146973,1.2900700569152832,7.8404998779296875,1478.8499755859375,5.11359977722168,17.406700134277344,47.10210037231445,16.40117073059082,9.664939880371094,9.639880180358887,6.531919956207275,3.778249979019165,21.14299964904785,315.6730041503906,185.83200073242188,0.8491899967193604,218.82000732421875,113.61900329589844,115.65699768066406,200.75799560546875,1.6349999904632568,1.6064599752426147,4012.699951171875,56.03799819946289,1605.800048828125,6.21999979019165,82.48999786376953,88.0999984741211,2.9110000133514404,444.75,1204.5,682.75,328.45001220703125,14.829999923706055,5533.0,77.06999969482422,224.4250030517578,101.6500015258789,1244.0,3.392699956893921,4.064599990844727,18.770000457763672,100.75,4.540999889373779,3.7070000171661377,7457.68994140625,52146.421875,25520.240234375,10600.400390625,64141.12109375
2026-07-20,1.142765760421753,1.3446282148361206,162.51199340820312,0.6979097723960876,1.4019099473953247,0.8084200024604797,0.5839995741844177,96.28479766845703,6.772500038146973,1.2921199798583984,7.839719772338867,1487.3900146484375,5.126999855041504,17.54046058654785,47.14113998413086,16.55352020263672,9.644319534301758,9.66746997833252,6.541669845581055,3.797339916229248,21.18600082397461,317.72900390625,185.70799255371094,0.8498700261116028,218.4929962158203,113.41000366210938,115.91799926757812,201.00437927246094,1.6373300552368164,1.602020025253296,4010.300048828125,56.801998138427734,1592.199951171875,6.298999786376953,83.2300033569336,89.22000122070312,2.859999895095825,449.5,1226.0,674.0,334.3999938964844,14.819999694824219,5520.0,77.37000274658203,226.52499389648438,101.2750015258789,1261.0,3.3889999389648438,4.11899995803833,18.649999618530273,100.98999786376953,4.5980000495910645,3.7049999237060547,7443.27978515625,51839.26171875,25508.0703125,10524.7998046875,64141.12109375
2026-07-21,1.1418131589889526,1.3431652784347534,162.48699951171875,0.700079083442688,1.4071300029754639,0.8100299835205078,0.5852916240692139,96.4896011352539,6.772500038146973,1.2908600568771362,7.8406500816345215,1475.010009765625,5.104400157928467,17.415000915527344,47.180599212646484,16.499900817871094,9.669580459594727,9.684800148010254,6.548600196838379,3.7943100929260254,21.18400001525879,316.8399963378906,185.47300720214844,0.8497999906539917,218.2270050048828,113.7300033569336,115.45600128173828,200.56716918945312,1.6304199695587158,1.6058000326156616,4071.10009765625,58.834999084472656,1626.0999755859375,6.511000156402588,84.91000366210938,91.01000213623047,2.865000009536743,452.75,1219.5,678.0,331.95001220703125,14.880000114440918,5607.0,78.95999908447266,226.6750030517578,101.5,1279.5,3.405900001525879,4.1265997886657715,17.049999237060547,101.18000030517578,4.627999782562256,3.7300000190734863,7509.2001953125,52224.640625,25837.2109375,10585.900390625,66232.1875
2026-07-22,1.1410315036773682,1.3378641605377197,163.0760040283203,0.7000800967216492,1.4081000089645386,0.814300000667572,0.5826215744018555,96.55500030517578,6.771999835968018,1.2906800508499146,7.840400218963623,1477.0799560546875,5.053299903869629,17.403400421142578,47.183101654052734,16.459999084472656,9.587109565734863,9.67959976196289,6.549200057983398,3.789900064468384,21.158000946044922,318.54998779296875,186.03399658203125,0.8525999784469604,218.197998046875,114.08899688720703,115.81199645996094,200.2899932861328,1.6302499771118164,1.6067099571228027,4133.7998046875,60.0099983215332,1650.5999755859375,6.48799991607666,86.45999908447266,93.83000183105469,2.943000078201294,484.25,1238.25,706.25,318.04998779296875,14.75,5353.0,81.36000061035156,219.1999969482422,88.32499694824219,1297.5,3.2446999549865723,4.049699783325195,16.639999389648438,101.11799621582031,4.6570000648498535,3.745000123977661,7498.9599609375,52218.578125,25690.90234375,10716.9697265625,66232.1875
2026-07-23,1.1410315036773682,1.3378641605377197,163.0760040283203,0.6997410655021667,1.4081000089645386,0.814300000667572,0.5822755694389343,96.55500030517578,6.771999835968018,1.2906800508499146,7.840400218963623,1477.0799560546875,5.053299903869629,17.409500122070312,47.183101654052734,16.3887996673584,9.587109565734863,9.67959976196289,6.549200057983398,3.789900064468384,21.158000946044922,318.54998779296875,186.03399658203125,0.8525999784469604,218.197998046875,114.08899688720703,115.81199645996094,200.2899932861328,1.6302499771118164,1.6067099571228027,4133.7998046875,60.0099983215332,1650.5999755859375,6.48799991607666,86.45999908447266,93.83000183105469,2.943000078201294,484.25,1238.25,706.25,318.04998779296875,14.75,5353.0,81.36000061035156,219.1999969482422,88.32499694824219,1297.5,3.2446999549865723,4.049699783325195,16.639999389648438,101.11799621582031,4.6570000648498535,3.745000123977661,7498.9599609375,52218.578125,25690.90234375,10716.9697265625,66232.1875
